Age,Number of Dependents,Avg Monthly Long Distance Charges,Avg Monthly GB Download,Total Refunds,Total Extra Data Charges,Satisfaction Score,Churn Label,CLTV,Under 30_No,Under 30_Yes,Senior Citizen_No,Senior Citizen_Yes,Married_No,Married_Yes,Dependents_No,Dependents_Yes,Offer_No,Offer_Offer A,Offer_Offer B,Offer_Offer C,Offer_Offer D,Offer_Offer E,Multiple Lines_No,Multiple Lines_Yes,Internet Service_No,Internet Service_Yes,Internet Type_Cable,Internet Type_DSL,Internet Type_Fiber Optic,Internet Type_No,Online Security_No,Online Security_Yes,Online Backup_No,Online Backup_Yes,Device Protection Plan_No,Device Protection Plan_Yes,Premium Tech Support_No,Premium Tech Support_Yes,Streaming TV_No,Streaming TV_Yes,Streaming Movies_No,Streaming Movies_Yes,Streaming Music_No,Streaming Music_Yes,Unlimited Data_No,Unlimited Data_Yes,Contract_Month-to-Month,Contract_One Year,Contract_Two Year,Paperless Billing_No,Paperless Billing_Yes,Payment Method_Bank Withdrawal,Payment Method_Credit Card,Payment Method_Mailed Check,Pc_1,Pc_2
-1.2060791690046706,0.0,-0.8793394142032545,1.2654537340011538,0.0,0.0,0.10137532978611936,0,0.11655068285970088,0,1,1,0,0,1,1,0,1,0,0,0,0,0,0,1,0,1,0,0,1,0,1,0,0,1,1,0,0,1,1,0,0,1,0,1,0,1,1,0,0,0,1,0,1,0,2.0390959813237726,0.23633813050004457
-1.3820252969241111,0.0,-0.7230304980922134,-1.9375899111105526,0.0,0.0,0.10137532978611936,1,0.3844979457567028,0,1,1,0,0,1,1,0,1,0,0,0,0,0,1,0,1,0,0,0,0,1,1,0,1,0,1,0,1,0,1,0,1,0,1,0,1,0,1,0,0,1,0,1,0,0,-2.0487115050518043,-0.9306408665301824
-0.03310498287506721,0.0,-1.4591741486566596,-1.0914725668313427,0.0,0.0,0.10137532978611936,1,-0.8162407261004871,1,0,1,0,1,0,1,0,0,0,0,0,0,1,1,0,0,1,1,0,0,0,1,0,1,0,1,0,1,0,0,1,1,0,1,0,0,1,1,0,0,0,1,1,0,0,-3.905109563050207,-0.2553775405842024
1.5504101683998974,0.0,-0.0757429533668237,0.5414890984678798,0.0,0.0,-1.2201823075708103,1,0.12994804600455098,1,0,0,1,0,1,1,0,1,0,0,0,0,0,0,1,0,1,1,0,0,0,1,0,0,1,1,0,1,0,0,1,0,1,0,1,0,1,1,0,0,0,1,1,0,0,2.8177181285184583,0.05874130479190562
0.6120308194962146,0.0,-1.4591741486566596,0.19777251896391848,0.0,0.0,0.10137532978611936,0,1.6647834612864403,1,0,1,0,0,1,0,1,1,0,0,0,0,0,1,0,0,1,0,1,0,0,0,1,0,1,1,0,1,0,1,0,1,0,1,0,0,1,0,0,1,1,0,1,0,0,0.09725587740885282,-1.9471118824206939
-1.1474304596981904,0.0,1.0735491601135276,1.2028038281759472,0.0,0.0,0.10137532978611936,0,0.32504714680143054,0,1,1,0,1,0,1,0,1,0,0,0,0,0,1,0,0,1,0,1,0,0,0,1,1,0,0,1,1,0,1,0,0,1,0,1,0,1,1,0,0,1,0,1,0,0,1.4326624440204871,-0.32374456127615686
-0.09175369218154737,0.0,-0.8520988562087991,0.14806693795787343,0.0,0.0,0.9824137546907391,0,-0.8103793797246153,1,0,1,0,1,0,1,0,1,0,0,0,0,0,1,0,0,1,0,0,1,0,1,0,1,0,1,0,1,0,1,0,1,0,1,0,1,0,1,0,0,0,1,1,0,0,-2.61672567099772,0.7623283844560033
0.7879769474156552,0.0,-1.4591741486566596,0.28848538496648446,0.0,0.0,0.9824137546907391,0,1.2620252317443843,1,0,1,0,1,0,0,1,0,0,0,1,0,0,1,0,0,1,0,1,0,0,1,0,1,0,1,0,1,0,0,1,0,1,0,1,0,1,1,0,0,0,1,1,0,0,-0.9161453635273916,-0.9163694761377691
1.433112749786937,0.0,-1.3774524746732937,0.33012629336122234,0.0,0.0,-1.2201823075708103,1,-0.9786837542317945,1,0,0,1,0,1,1,0,0,0,0,1,0,0,0,1,0,1,0,0,1,0,1,0,0,1,0,1,1,0,0,1,0,1,0,1,1,0,1,0,0,1,0,1,0,0,0.7760496842117691,1.0434087215147785
1.1398692032545361,0.0,0.33351400126415937,-0.33606808855469933,0.0,0.0,0.10137532978611936,0,0.6717039181744268,1,0,0,1,1,0,1,0,1,0,0,0,0,0,0,1,0,1,0,0,1,0,1,0,0,1,0,1,1,0,0,1,0,1,1,0,0,1,0,0,1,1,0,1,0,0,2.5605656834435675,0.4437898726941977
1.6090588777063775,0.0,1.5275584600211156,0.4772711516590301,0.0,0.0,0.10137532978611936,1,0.4129673424395093,1,0,0,1,0,1,1,0,1,0,0,0,0,0,0,1,0,1,0,0,1,0,1,0,1,0,1,0,1,0,1,0,0,1,1,0,0,1,1,0,0,0,1,1,0,0,-0.2155380695183613,0.9117737232297214
1.6677075870128577,0.0,-1.4591741486566596,0.6007621217270765,0.0,0.0,-1.2201823075708103,1,-0.36994106633766827,1,0,0,1,1,0,1,0,1,0,0,0,0,0,1,0,0,1,0,1,0,0,1,0,1,0,1,0,1,0,1,0,1,0,1,0,1,0,1,0,0,0,1,0,0,1,-4.033521430296607,-0.5673614712848776
1.374464040480457,0.0,-0.3643631511652189,0.5414890984678798,0.0,0.0,-0.7796630951185004,1,0.6683545773882142,1,0,0,1,0,1,1,0,1,0,0,0,0,0,0,1,0,1,0,0,1,0,1,0,1,0,0,1,1,0,1,0,0,1,1,0,0,1,1,0,0,0,1,1,0,0,-0.08879878434357748,1.0105776306300944
-0.5022946573269086,0.0,-0.010235897237300175,-0.6980504063213363,0.0,0.0,0.10137532978611936,0,0.7043599908399989,1,0,1,0,1,0,1,0,0,0,1,0,0,0,1,0,0,1,0,0,1,0,1,0,0,1,0,1,1,0,1,0,1,0,1,0,0,1,1,0,0,0,1,1,0,0,2.084291011042161,-0.22481425250765302
-0.03310498287506721,0.0,-1.4591741486566596,0.28848538496648446,0.0,0.0,0.9824137546907391,0,0.6482585326709391,1,0,1,0,0,1,1,0,0,0,0,0,0,1,1,0,0,1,0,1,0,0,0,1,0,1,1,0,1,0,1,0,1,0,1,0,0,1,1,0,0,1,0,0,1,0,-2.5286408832848477,-0.6197955474693411
1.8436537149322982,0.0,-1.4591741486566596,0.19777251896391848,0.0,0.0,0.10137532978611936,1,-0.6404003348243297,1,0,0,1,1,0,1,0,1,0,0,0,0,0,1,0,0,1,0,1,0,0,1,0,1,0,1,0,1,0,0,1,0,1,1,0,0,1,1,0,0,1,0,1,0,0,-2.6115734259081025,-0.2037693859546096
-1.03013304108523,0.0,1.674787190134005,1.1055362911451465,0.0,0.0,-1.2201823075708103,1,1.3583187793479943,1,0,1,0,1,0,1,0,1,0,0,0,0,0,0,1,0,1,0,0,1,0,1,0,0,1,1,0,1,0,1,0,0,1,0,1,1,0,1,0,0,0,1,1,0,0,-0.6958583193729071,1.1766899162396942
-1.5579714248435517,0.0,1.7428885851201432,-1.9375899111105526,0.0,0.0,1.863452179595359,0,-0.5776001950828448,0,1,1,0,0,1,1,0,1,0,0,0,0,0,1,0,1,0,0,0,0,1,1,0,1,0,1,0,1,0,1,0,1,0,1,0,1,0,0,1,0,1,0,0,1,0,0.10242806717677057,-1.540686810283179
-1.5579714248435517,0.0,0.3095163668404725,1.1055362911451465,0.0,0.0,-1.2201823075708103,1,-0.050916356450925335,0,1,1,0,0,1,0,1,1,0,0,0,0,0,1,0,0,1,0,1,0,0,1,0,1,0,1,0,1,0,0,1,0,1,0,1,0,1,1,0,0,1,0,0,1,0,-1.8940016961053652,0.5852162830795972
-0.5609433666333887,0.0,-1.4591741486566596,-0.43890985399893934,0.0,0.0,-1.2201823075708103,1,0.4665567950189097,1,0,1,0,1,0,1,0,0,0,0,0,1,0,1,0,0,1,1,0,0,0,1,0,1,0,0,1,1,0,0,1,0,1,0,1,1,0,1,0,0,0,1,1,0,0,-1.5432846772219118,-0.3561667679442259
0.6120308194962146,0.0,1.0618746352587611,-0.33606808855469933,0.0,0.0,-0.7796630951185004,1,-0.45032524520676886,1,0,1,0,1,0,1,0,1,0,0,0,0,0,0,1,0,1,0,0,1,0,1,0,0,1,1,0,1,0,1,0,1,0,1,0,1,0,1,0,0,0,1,1,0,0,0.5922346132410727,0.5496376026279339
-1.2060791690046706,0.0,0.9075114732901814,1.2157481529951086,0.0,0.0,0.9824137546907391,0,0.16595345945633563,0,1,1,0,0,1,0,1,0,0,0,1,0,0,0,1,0,1,0,0,1,0,0,1,1,0,0,1,1,0,0,1,1,0,1,0,0,1,0,1,0,1,0,1,0,0,1.5711794169464086,0.7721083231162721
-1.3233765876176309,0.0,-1.379398228815755,1.2654537340011538,0.0,0.0,0.10137532978611936,1,-1.0632546090836608,0,1,1,0,1,0,1,0,0,0,0,0,0,1,0,1,0,1,0,0,1,0,1,0,0,1,1,0,1,0,1,0,1,0,1,0,0,1,1,0,0,0,1,0,0,1,-2.7587423660697143,1.0385848895953118
-0.5022946573269086,0.0,0.5378181862225739,-0.6980504063213363,0.0,0.0,0.10137532978611936,0,1.2260198182925997,1,0,1,0,0,1,1,0,1,0,0,0,0,0,1,0,0,1,0,1,0,0,1,0,1,0,1,0,1,0,1,0,1,0,1,0,0,1,1,0,0,1,0,1,0,0,-0.6522949227491626,-0.3131869091995807
-0.6195920759398689,0.0,-0.10492926550374002,0.0949307535196783,0.0,0.0,-1.2201823075708103,1,1.0133366783681044,1,0,1,0,0,1,1,0,1,0,0,0,0,0,0,1,0,1,0,0,1,0,0,1,1,0,0,1,1,0,0,1,0,1,0,1,0,1,1,0,0,1,0,0,1,0,2.316387536260824,0.5984674746639803
-1.2647278783111506,0.0,1.12478735253167,1.0597702031126737,0.0,0.0,0.10137532978611936,1,-1.5514210286741363,0,1,1,0,1,0,1,0,1,0,0,0,0,0,1,0,0,1,0,0,1,0,1,0,0,1,0,1,1,0,0,1,0,1,0,1,0,1,0,1,0,0,1,1,0,0,1.8402851957862878,0.8140977892187709
-0.26769982010098786,0.0,1.6092801340044818,-1.9375899111105526,0.0,0.0,1.863452179595359,0,-0.6194669549105013,1,0,1,0,0,1,0,1,1,0,0,0,0,0,0,1,1,0,0,0,0,1,1,0,1,0,1,0,1,0,1,0,1,0,1,0,1,0,0,0,1,1,0,0,0,1,0.7221579467238705,-1.6748281800204068
-0.7368894945528293,0.0,1.5885254231515635,0.28848538496648446,0.0,0.0,-1.2201823075708103,1,-1.2357456595736058,1,0,1,0,1,0,1,0,0,0,0,0,1,0,0,1,0,1,0,0,1,0,1,0,1,0,1,0,1,0,1,0,1,0,1,0,0,1,1,0,0,1,0,1,0,0,0.37941947158327954,0.3601943460439042
1.8436537149322982,0.0,1.486049038315279,0.33012629336122234,0.0,0.0,-0.7796630951185004,1,0.8810377173127095,1,0,0,1,1,0,1,0,0,0,0,0,0,1,0,1,0,1,0,0,1,0,1,0,1,0,1,0,1,0,1,0,1,0,1,0,0,1,1,0,0,0,1,0,0,1,-1.5693001634583892,0.8533714406792375
-0.7955382038593094,0.0,1.6358721072847833,0.5100492557245105,0.0,0.0,1.863452179595359,0,1.4303296062515636,1,0,1,0,0,1,1,0,0,0,1,0,0,0,0,1,0,1,0,0,1,0,1,0,1,0,0,1,1,0,0,1,0,1,0,1,1,0,0,1,0,0,1,1,0,0,2.4349546051535533,0.37530633544397707
-0.26769982010098786,0.0,-0.8760964906324858,-0.5576319593127251,0.0,0.0,-1.2201823075708103,1,-0.16730594877181057,1,0,1,0,1,0,1,0,1,0,0,0,0,0,0,1,0,1,0,1,0,0,0,1,1,0,1,0,1,0,1,0,1,0,1,0,1,0,1,0,0,0,1,1,0,0,0.1310185886797707,-0.33893485339882046
0.8466256567221353,0.0,-0.6542805183919215,1.1346027292456944,0.0,0.0,0.9824137546907391,0,1.1347502818683084,1,0,1,0,0,1,0,1,0,0,0,0,0,1,0,1,0,1,0,1,0,0,1,0,0,1,1,0,1,0,1,0,1,0,1,0,0,1,1,0,0,1,0,1,0,0,-1.0458232360496593,0.06816285765453022
-1.0887817503917103,0.0,-1.238006761130249,0.9410480977988882,0.0,0.0,0.9824137546907391,0,1.0099873375818917,0,1,1,0,0,1,1,0,0,1,0,0,0,0,0,1,0,1,0,0,1,0,0,1,0,1,0,1,0,1,0,1,0,1,0,1,0,1,0,0,1,0,1,1,0,0,2.6862210235707558,0.366721159604193
-0.6195920759398689,0.0,-0.7801059529377387,0.44303577337051536,0.0,0.0,-1.2201823075708103,1,-0.9100222681144379,1,0,1,0,1,0,1,0,1,0,0,0,0,0,1,0,0,1,0,1,0,0,0,1,0,1,1,0,1,0,1,0,1,0,1,0,0,1,1,0,0,0,1,0,1,0,-2.3795837170701177,0.23348617393482565
0.6706795288026948,0.0,0.15774754372850738,0.28848538496648446,0.0,0.0,0.9824137546907391,0,1.419444248696373,1,0,1,0,0,1,1,0,0,0,1,0,0,0,1,0,0,1,0,0,1,0,0,1,1,0,1,0,1,0,0,1,0,1,0,1,0,1,0,1,0,0,1,1,0,0,2.3459770353777545,0.16523571660458053
1.2571666218674964,0.0,-0.8170752816444994,0.5716956836265287,0.0,0.0,0.10137532978611936,1,0.05291320792166292,1,0,0,1,1,0,1,0,1,0,0,0,0,0,0,1,0,1,0,0,1,0,1,0,0,1,0,1,0,1,0,1,0,1,1,0,0,1,0,1,0,1,0,0,1,0,2.7748700424143378,0.4020912805341325
1.6677075870128577,0.0,0.6934785176194611,0.19777251896391848,0.0,0.0,-0.7796630951185004,1,-0.6069069269622044,1,0,0,1,0,1,1,0,1,0,0,0,0,0,0,1,0,1,1,0,0,0,1,0,0,1,1,0,1,0,1,0,1,0,1,0,0,1,1,0,0,0,1,1,0,0,1.3276699369472367,0.21344175931802226
0.5533821101897345,0.0,-1.4591741486566596,0.037855076107910814,0.0,0.0,0.10137532978611936,1,0.2027962081046734,1,0,1,0,0,1,0,1,1,0,0,0,0,0,1,0,0,1,0,1,0,0,1,0,1,0,1,0,0,1,0,1,0,1,0,1,0,1,1,0,0,1,0,0,1,0,-0.7271765132692237,-0.7303338022200084
-0.15040240148802755,0.0,-1.3768038899591402,0.0949307535196783,0.0,0.0,0.9824137546907391,0,0.596343750484645,1,0,1,0,0,1,1,0,0,0,1,0,0,0,0,1,0,1,0,0,1,0,0,1,1,0,0,1,1,0,0,1,1,0,1,0,0,1,0,0,1,0,1,0,1,0,2.030820582481297,-0.08324337343192773
1.1398692032545361,0.0,1.0359312466926134,0.40720749028027037,0.0,0.0,0.10137532978611936,0,-0.16730594877181057,1,0,0,1,0,1,1,0,1,0,0,0,0,0,0,1,0,1,0,0,1,0,0,1,1,0,0,1,1,0,0,1,0,1,1,0,0,1,0,1,0,0,1,0,1,0,3.039044827352376,0.28926110813897843
-0.9714843317787499,0.0,1.6566268181377015,0.36963080871589915,0.0,0.0,0.10137532978611936,0,-0.18572732309597945,1,0,1,0,0,1,0,1,0,0,0,1,0,0,0,1,0,1,1,0,0,0,0,1,0,1,0,1,0,1,1,0,1,0,1,0,0,1,1,0,0,1,0,1,0,0,1.0579308414491044,-0.10336347247342173
0.3187872729638138,0.0,-0.2236202681938665,0.6007621217270765,0.0,0.0,-1.2201823075708103,1,-1.2650523914529654,1,0,1,0,0,1,1,0,1,0,0,0,0,0,1,0,0,1,0,1,0,0,1,0,1,0,0,1,1,0,1,0,1,0,1,0,0,1,1,0,0,0,1,0,0,1,-0.22393273968855507,-0.3601657592345544
-1.6166201341500317,0.0,-1.4591741486566596,1.1055362911451465,0.0,0.0,-0.7796630951185004,1,0.9170431307644942,0,1,1,0,1,0,0,1,1,0,0,0,0,0,1,0,0,1,1,0,0,0,1,0,1,0,1,0,1,0,1,0,1,0,1,0,1,0,1,0,0,0,1,1,0,0,-4.1301429100984315,-0.5632967100174799
-0.5609433666333887,0.0,1.4912377160285089,-1.9375899111105526,0.0,0.0,-1.2201823075708103,1,0.8617790077919876,1,0,1,0,1,0,1,0,0,0,0,0,0,1,1,0,1,0,0,0,0,1,1,0,1,0,1,0,1,0,1,0,1,0,1,0,1,0,1,0,0,0,1,0,1,0,-3.384234897295982,-0.6558398883547376
0.6120308194962146,0.0,-1.4591741486566596,0.36963080871589915,0.0,0.0,0.10137532978611936,0,-1.1185187320561676,1,0,1,0,1,0,1,0,1,0,0,0,0,0,1,0,0,1,0,1,0,0,0,1,1,0,1,0,0,1,1,0,1,0,1,0,0,1,0,1,0,0,1,0,0,1,-2.094448608091227,-0.7888941817352527
1.6090588777063775,0.0,-1.4591741486566596,-0.5576319593127251,0.0,0.0,-1.2201823075708103,1,0.2220549176253954,1,0,0,1,0,1,1,0,1,0,0,0,0,0,1,0,0,1,0,1,0,0,0,1,1,0,1,0,1,0,1,0,0,1,1,0,0,1,1,0,0,1,0,1,0,0,-1.2827378772411815,-0.9349053641084827
0.20148985435085345,0.0,-1.3573463485345292,0.6007621217270765,0.0,0.0,0.9824137546907391,0,-1.1268920840216987,1,0,1,0,1,0,1,0,0,0,0,0,0,1,1,0,0,1,0,0,1,0,1,0,1,0,1,0,1,0,1,0,1,0,1,0,0,1,1,0,0,0,1,1,0,0,-2.3561586664806193,0.6731643453459207
-0.03310498287506721,0.0,-0.24372639433263124,0.24446373527230422,0.0,0.0,0.10137532978611936,0,0.1927481857460358,1,0,1,0,1,0,1,0,1,0,0,0,0,0,1,0,0,1,0,1,0,0,0,1,0,1,1,0,1,0,0,1,1,0,1,0,0,1,0,0,1,0,1,1,0,0,1.6959711929726322,-0.6814621091400351
-0.4436459480204284,0.0,-1.4591741486566596,0.6287713610382961,0.0,0.0,1.863452179595359,0,-1.4827595425567794,1,0,1,0,1,0,1,0,1,0,0,0,0,0,1,0,0,1,0,1,0,0,1,0,0,1,1,0,0,1,1,0,1,0,1,0,0,1,1,0,0,1,0,1,0,0,-1.218443999713659,-1.1810115274387716
-1.5579714248435517,0.0,-1.4591741486566596,1.1055362911451465,0.0,0.0,0.10137532978611936,1,1.2134597903443025,0,1,1,0,1,0,1,0,0,0,0,0,0,1,1,0,0,1,0,1,0,0,1,0,1,0,0,1,1,0,0,1,0,1,0,1,0,1,1,0,0,0,1,1,0,0,-3.141549831946235,0.042889945103865415
0.7879769474156552,0.0,0.574138930215181,0.24446373527230422,0.0,0.0,-1.2201823075708103,1,1.2251824830960465,1,0,1,0,0,1,0,1,1,0,0,0,0,0,0,1,0,1,0,0,1,0,1,0,0,1,1,0,1,0,0,1,0,1,0,1,0,1,1,0,0,0,1,1,0,0,2.2018286594537035,0.46934666479623927
-0.6195920759398689,0.0,1.0236081371236931,0.33012629336122234,0.0,0.0,-1.2201823075708103,1,-1.882168431312623,1,0,1,0,1,0,1,0,1,0,0,0,0,0,0,1,0,1,0,0,1,0,1,0,1,0,1,0,1,0,1,0,1,0,1,0,0,1,1,0,0,1,0,0,1,0,-1.6509458924450082,0.8595825499061441
-1.4993227155370714,0.0,-0.9156601581958613,1.2157481529951086,0.0,0.0,0.10137532978611936,1,0.3769619289877247,0,1,1,0,1,0,1,0,0,0,1,0,0,0,0,1,0,1,0,0,1,0,1,0,0,1,1,0,1,0,0,1,0,1,0,1,0,1,0,1,0,1,0,1,0,0,2.43609141349261,0.1385613477056659
0.7879769474156552,0.0,0.3289739082650835,0.6287713610382961,0.0,0.0,0.10137532978611936,1,-1.8763070849367511,1,0,1,0,1,0,1,0,1,0,0,0,0,0,1,0,0,1,0,0,1,0,1,0,1,0,1,0,1,0,0,1,1,0,1,0,0,1,1,0,0,0,1,1,0,0,-1.0692586996941758,0.8891338021296655
0.8466256567221353,0.0,0.2407663871401807,-1.9375899111105526,0.0,0.0,0.10137532978611936,1,1.623754036655337,1,0,1,0,1,0,1,0,0,0,1,0,0,0,1,0,1,0,0,0,0,1,1,0,1,0,1,0,1,0,1,0,1,0,1,0,1,0,0,0,1,1,0,1,0,0,0.6443322332133978,-1.962007612040627
-1.5579714248435517,0.0,-1.1283959444382743,-1.9375899111105526,0.0,0.0,0.10137532978611936,0,1.1925264104304742,0,1,1,0,1,0,1,0,1,0,0,0,0,0,1,0,1,0,0,0,0,1,1,0,1,0,1,0,1,0,1,0,1,0,1,0,1,0,1,0,0,1,0,0,1,0,-4.074220565160345,-0.6579051759770698
0.14284114504437329,0.0,0.02349050789869205,0.5716956836265287,0.0,0.0,-0.7796630951185004,1,-0.1438605632683229,1,0,1,0,1,0,1,0,1,0,0,0,0,0,1,0,0,1,0,0,1,0,1,0,1,0,1,0,1,0,1,0,1,0,1,0,1,0,1,0,0,0,1,1,0,0,-2.4269932768167197,0.7711615216803657
1.8436537149322982,0.0,-0.9176059123383226,0.5100492557245105,0.0,0.0,-1.2201823075708103,1,1.042643410247464,1,0,0,1,1,0,1,0,1,0,0,0,0,0,0,1,0,1,0,0,1,0,1,0,1,0,1,0,1,0,1,0,1,0,1,0,0,1,1,0,0,0,1,1,0,0,-2.565432197090966,0.9400619873329865
-0.03310498287506721,0.0,0.7829832081726715,-1.9375899111105526,0.0,0.0,-1.2201823075708103,1,-1.6142211684156211,1,0,1,0,0,1,0,1,1,0,0,0,0,0,1,0,1,0,0,0,0,1,1,0,1,0,1,0,1,0,1,0,1,0,1,0,1,0,1,0,0,0,1,0,0,1,-3.4810828220553014,-0.6413806115028862
-1.4993227155370714,0.0,0.7661200056046755,1.2654537340011538,0.0,0.0,0.9824137546907391,0,1.114654237151033,0,1,1,0,0,1,1,0,1,0,0,0,0,0,1,0,0,1,0,1,0,0,0,1,1,0,0,1,0,1,1,0,1,0,1,0,0,1,0,0,1,1,0,0,1,0,2.1001236329127297,-1.092076029035622
-0.3849972387139482,0.0,0.5384667709367277,0.6287713610382961,0.0,0.0,0.9824137546907391,0,-0.4369278820619188,1,0,1,0,1,0,1,0,0,0,0,0,0,1,1,0,0,1,0,1,0,0,1,0,0,1,1,0,0,1,0,1,1,0,1,0,0,1,1,0,0,0,1,1,0,0,-0.6078780540891044,0.39492168917861425
-0.9714843317787499,0.0,-1.4591741486566596,0.0949307535196783,0.0,0.0,0.9824137546907391,0,-0.11120449060275077,1,0,1,0,1,0,1,0,1,0,0,0,0,0,1,0,0,1,0,1,0,0,1,0,1,0,1,0,1,0,1,0,1,0,1,0,0,1,1,0,0,1,0,0,1,0,-4.236343391939126,-0.5381771505399084
-0.5022946573269086,0.0,1.7604003724022932,0.6287713610382961,0.0,0.0,-1.2201823075708103,1,-0.8003313573659777,1,0,1,0,1,0,1,0,1,0,0,0,0,0,0,1,0,1,0,0,1,0,1,0,0,1,1,0,1,0,0,1,0,1,0,1,0,1,1,0,0,0,1,1,0,0,2.2206733217875274,0.6149949729757376
0.6120308194962146,0.0,0.2576295897081767,-0.09080483414810245,0.0,0.0,-1.2201823075708103,1,-1.625943861167365,1,0,1,0,1,0,1,0,1,0,0,0,0,0,1,0,0,1,0,0,1,0,1,0,1,0,1,0,1,0,1,0,0,1,0,1,1,0,1,0,0,0,1,1,0,0,-1.5611394440985809,0.9991243161781073
0.729328238109175,0.0,-1.3768038899591402,0.0949307535196783,0.0,0.0,0.9824137546907391,0,0.8617790077919876,1,0,1,0,1,0,1,0,0,1,0,0,0,0,0,1,0,1,1,0,0,0,0,1,0,1,0,1,1,0,1,0,0,1,0,1,0,1,0,1,0,0,1,0,1,0,1.8149260588885783,-0.6812910761385202
-1.5579714248435517,0.0,-1.3618864415336052,-1.9375899111105526,0.0,0.0,1.863452179595359,0,0.6122531192191545,0,1,1,0,1,0,1,0,1,0,0,0,0,0,1,0,1,0,0,0,0,1,1,0,1,0,1,0,1,0,1,0,1,0,1,0,1,0,1,0,0,1,0,0,1,0,-4.265302223045018,-0.6613165744974702
-1.1474304596981904,0.0,1.7279711366946082,1.2028038281759472,0.0,0.0,-0.7796630951185004,1,-1.3178045088358128,0,1,1,0,1,0,1,0,0,0,0,0,0,1,0,1,0,1,0,0,1,0,1,0,1,0,1,0,1,0,0,1,1,0,1,0,0,1,1,0,0,0,1,1,0,0,-0.01464886607808987,0.9173718658962284
-0.4436459480204284,0.0,-0.828749806499266,0.19777251896391848,0.0,0.0,0.9824137546907391,0,1.6672954668760998,1,0,1,0,0,1,0,1,0,1,0,0,0,0,0,1,0,1,1,0,0,0,0,1,0,1,0,1,0,1,1,0,0,1,0,1,1,0,0,0,1,1,0,1,0,0,2.424614581033223,-0.6052362011614633
-1.0887817503917103,0.0,0.6156483519210175,1.2157481529951086,0.0,0.0,0.9824137546907391,0,0.4422740743188689,0,1,1,0,0,1,0,1,1,0,0,0,0,0,1,0,0,1,0,1,0,0,1,0,1,0,0,1,1,0,1,0,0,1,0,1,0,1,0,1,0,1,0,0,1,0,1.72840414934752,-0.7973405342694386
0.9052743660286154,0.0,1.1889972392328858,-1.9375899111105526,0.0,0.0,0.10137532978611936,1,0.5084235548465662,1,0,1,0,1,0,1,0,0,0,0,0,0,1,1,0,1,0,0,0,0,1,1,0,1,0,1,0,1,0,1,0,1,0,1,0,1,0,1,0,0,0,1,0,1,0,-3.4299996824165646,-0.6560758888863945
1.1985179125610164,0.0,-0.3974409715870573,-0.33606808855469933,0.0,0.0,-1.2201823075708103,1,-1.1310787600044645,1,0,0,1,1,0,1,0,1,0,0,0,0,0,0,1,0,1,0,0,1,0,1,0,1,0,1,0,1,0,1,0,0,1,0,1,0,1,1,0,0,0,1,1,0,0,-2.258323520243815,1.2230648718377048
-1.3233765876176309,0.0,1.685164545560464,1.2028038281759472,0.0,0.0,-1.2201823075708103,1,0.5862957281260074,0,1,1,0,0,1,1,0,1,0,0,0,0,0,1,0,0,1,0,0,1,0,1,0,1,0,0,1,1,0,1,0,1,0,0,1,0,1,1,0,0,0,1,1,0,0,-0.9295915718728919,0.7248883820006177
0.6120308194962146,0.0,0.23817204828356597,-1.9375899111105526,0.0,0.0,0.9824137546907391,0,0.17516414661842006,1,0,1,0,0,1,0,1,0,0,0,0,0,1,1,0,1,0,0,0,0,1,1,0,1,0,1,0,1,0,1,0,1,0,1,0,1,0,1,0,0,1,0,0,1,0,-1.7405171536522932,-0.9579297795987461
0.7879769474156552,0.0,0.5436554486499572,-0.869908696073317,0.0,0.0,-0.7796630951185004,1,0.6206264711846858,1,0,1,0,1,0,1,0,1,0,0,0,0,0,1,0,0,1,0,0,1,0,1,0,0,1,0,1,1,0,1,0,1,0,1,0,0,1,1,0,0,0,1,1,0,0,0.10935679304156068,0.6511721629814572
-0.4436459480204284,0.0,0.41328992110506413,-1.9375899111105526,0.0,0.0,0.10137532978611936,0,1.7920584111625162,1,0,1,0,0,1,0,1,1,0,0,0,0,0,0,1,1,0,0,0,0,1,1,0,1,0,1,0,1,0,1,0,1,0,1,0,1,0,0,1,0,0,1,1,0,0,0.8733765153759434,-1.845628628721128
-1.3233765876176309,0.0,-1.0155422041755309,0.6287713610382961,0.0,0.0,-1.2201823075708103,1,0.9480245330369601,0,1,1,0,0,1,1,0,1,0,0,0,0,0,0,1,0,1,0,0,1,0,1,0,1,0,1,0,1,0,0,1,0,1,0,1,0,1,1,0,0,0,1,1,0,0,1.6174868170260335,0.3933670204064571
-0.03310498287506721,0.0,-1.1167214195835076,-1.9375899111105526,0.0,0.0,0.9824137546907391,0,1.1305636058855426,1,0,1,0,1,0,1,0,0,0,0,0,1,0,0,1,1,0,0,0,0,1,1,0,1,0,1,0,1,0,1,0,1,0,1,0,1,0,0,0,1,1,0,0,1,0,-0.8832572464069078,-1.1265750749246053
-0.15040240148802755,0.0,0.3594573898303072,0.65579761464225,0.0,0.0,0.9824137546907391,0,1.375065483279057,1,0,1,0,0,1,0,1,1,0,0,0,0,0,1,0,0,1,0,0,1,0,1,0,1,0,1,0,0,1,1,0,0,1,0,1,0,1,1,0,0,0,1,1,0,0,0.6089777469007326,0.691696695305701
-0.9714843317787499,0.0,-0.23918630133355534,-1.9375899111105526,0.0,0.0,1.863452179595359,0,-1.269239067435731,1,0,1,0,1,0,1,0,1,0,0,0,0,0,1,0,1,0,0,0,0,1,1,0,1,0,1,0,1,0,1,0,1,0,1,0,1,0,1,0,0,1,0,0,1,0,-3.6730049625028047,-0.616101989902961
0.025543726431412957,0.0,-0.6484432559645382,-0.6980504063213363,0.0,0.0,0.10137532978611936,0,-0.8430354523901874,1,0,1,0,1,0,1,0,1,0,0,0,0,0,1,0,0,1,0,0,1,0,1,0,1,0,0,1,1,0,1,0,1,0,1,0,0,1,1,0,0,0,1,0,0,1,-1.5821453283170768,0.7988352255417388
0.43608469157677415,0.0,-0.573856013836863,-0.5576319593127251,0.0,0.0,-1.2201823075708103,1,-1.3546472574841504,1,0,1,0,1,0,1,0,1,0,0,0,0,0,0,1,0,1,0,0,1,0,1,0,0,1,1,0,1,0,0,1,1,0,1,0,0,1,1,0,0,0,1,0,1,0,0.45895336575295287,0.8210574221385508
-1.2647278783111506,0.0,-0.49991735642334156,1.0438898632431284,0.0,0.0,-0.7796630951185004,1,0.5929944096984325,0,1,1,0,0,1,1,0,0,1,0,0,0,0,0,1,0,1,0,0,1,0,1,0,0,1,0,1,0,1,0,1,0,1,0,1,0,1,0,0,1,0,1,1,0,0,2.9065904469583477,0.3421404999305788
-1.4993227155370714,0.0,-1.0349997456001419,1.120206624171783,0.0,0.0,-1.2201823075708103,1,-0.09948179785100694,0,1,1,0,1,0,1,0,0,0,0,0,0,1,1,0,0,1,1,0,0,0,0,1,1,0,1,0,1,0,1,0,1,0,1,0,0,1,1,0,0,0,1,0,1,0,-3.176605811751173,0.14984050567597398
0.025543726431412957,0.0,-0.7398937006602095,-0.43890985399893934,0.0,0.0,-0.7796630951185004,1,0.11571334766314775,1,0,1,0,1,0,1,0,1,0,0,0,0,0,0,1,0,1,0,0,1,0,1,0,1,0,1,0,1,0,0,1,0,1,0,1,0,1,1,0,0,0,1,0,0,1,1.0768982345425628,0.735339694212276
-0.6195920759398689,0.0,0.411344166962603,0.5100492557245105,0.0,0.0,-0.7796630951185004,1,1.106280885185502,1,0,1,0,1,0,1,0,1,0,0,0,0,0,1,0,0,1,0,0,1,0,1,0,1,0,1,0,1,0,1,0,1,0,1,0,0,1,1,0,0,1,0,1,0,0,1.0432305932884878,-0.14747402500835222
-0.4436459480204284,0.0,0.22974044699956772,0.6287713610382961,0.0,0.0,-1.2201823075708103,1,1.2829586116582126,1,0,1,0,1,0,0,1,0,0,0,0,0,1,1,0,0,1,0,1,0,0,0,1,1,0,1,0,1,0,1,0,1,0,1,0,0,1,1,0,0,1,0,1,0,0,-1.584901296822567,0.010677893949913107
0.5533821101897345,0.0,-1.0953181240164356,0.5414890984678798,0.0,0.0,0.10137532978611936,0,-0.7073871505485801,1,0,1,0,1,0,1,0,1,0,0,0,0,0,1,0,0,1,0,1,0,0,1,0,1,0,1,0,1,0,0,1,1,0,1,0,0,1,1,0,0,1,0,0,0,1,-1.3892307920401845,0.06255799644994406
0.9639230753350957,0.0,0.7155303979006871,0.7071612569928716,0.0,0.0,1.863452179595359,0,-1.8068082636228413,1,0,1,0,1,0,1,0,1,0,0,0,0,0,1,0,0,1,0,1,0,0,1,0,1,0,1,0,1,0,1,0,0,1,0,1,0,1,1,0,0,1,0,0,0,1,-1.6376189045959992,0.20331058414886644
-0.9714843317787499,0.0,-0.944197885618624,-0.869908696073317,0.0,0.0,0.9824137546907391,0,0.8609416725954344,1,0,1,0,1,0,1,0,0,0,0,0,0,1,0,1,0,1,0,0,1,0,1,0,1,0,1,0,0,1,0,1,0,1,0,1,1,0,1,0,0,0,1,0,1,0,-0.9351843463261847,1.5104230314259108
0.729328238109175,0.0,-1.4591741486566596,-0.1642097988027183,0.0,0.0,0.9824137546907391,0,1.037619399068145,1,0,1,0,1,0,1,0,1,0,0,0,0,0,1,0,0,1,0,1,0,0,1,0,1,0,1,0,0,1,1,0,1,0,1,0,1,0,1,0,0,1,0,0,1,0,-3.7872721467064183,-0.45865601988855426
-0.9128356224722697,0.0,-0.15422170377942088,0.7071612569928716,0.0,0.0,0.10137532978611936,0,-0.6420750052174359,1,0,1,0,0,1,0,1,1,0,0,0,0,0,1,0,0,1,1,0,0,0,0,1,0,1,1,0,0,1,1,0,0,1,0,1,0,1,0,0,1,1,0,1,0,0,0.06102366349071878,0.22802137353834714
0.20148985435085345,0.0,0.004032966474081088,-0.869908696073317,0.0,0.0,-1.2201823075708103,1,-1.2139749444632244,1,0,1,0,1,0,1,0,0,0,0,0,0,1,0,1,0,1,1,0,0,0,1,0,1,0,1,0,1,0,1,0,1,0,1,0,0,1,1,0,0,0,1,0,0,1,-1.9137603268407821,0.09811054223135252
-1.1474304596981904,0.0,1.4685372510331294,0.9410480977988882,0.0,0.0,-0.7796630951185004,1,-1.5664930622120927,0,1,1,0,1,0,1,0,0,0,0,1,0,0,0,1,0,1,0,0,1,0,1,0,0,1,1,0,0,1,1,0,1,0,0,1,1,0,1,0,0,1,0,0,1,0,1.5784180842796223,0.3101417098062591
-1.4993227155370714,0.0,1.2116977042282653,1.120206624171783,0.0,0.0,0.10137532978611936,0,0.5033995436672475,0,1,1,0,0,1,0,1,1,0,0,0,0,0,0,1,0,1,0,0,1,0,0,1,0,1,0,1,0,1,1,0,0,1,0,1,0,1,0,1,0,0,1,0,1,0,3.1718341106028216,0.12304162875725376
0.08419243573789313,0.0,-0.8397757466398789,-0.43890985399893934,0.0,0.0,1.863452179595359,0,-0.7735366310762775,1,0,1,0,1,0,1,0,0,0,0,0,1,0,1,0,0,1,0,0,1,0,1,0,1,0,0,1,0,1,0,1,1,0,1,0,0,1,1,0,0,1,0,0,1,0,0.46732741681780143,0.7869407786881686
-0.20905111079450772,0.0,0.15839612844266118,0.7071612569928716,0.0,0.0,1.863452179595359,0,0.6022050968605169,1,0,1,0,0,1,0,1,1,0,0,0,0,0,0,1,0,1,0,0,1,0,1,0,0,1,0,1,1,0,1,0,1,0,1,0,0,1,0,0,1,0,1,0,1,0,2.5806610753760597,-0.40582072426593746
0.9052743660286154,0.0,0.5384667709367277,-0.869908696073317,0.0,0.0,0.10137532978611936,0,-0.7726992958797243,1,0,1,0,0,1,1,0,0,0,1,0,0,0,1,0,0,1,1,0,0,0,0,1,0,1,0,1,0,1,0,1,0,1,0,1,0,1,0,0,1,0,1,0,1,0,1.8670768611502049,0.0674227494712181
0.08419243573789313,0.0,-1.4591741486566596,1.1346027292456944,0.0,0.0,0.10137532978611936,0,0.9815179408990853,1,0,1,0,0,1,0,1,1,0,0,0,0,0,1,0,0,1,0,1,0,0,1,0,0,1,1,0,0,1,0,1,0,1,0,1,0,1,0,0,1,1,0,0,1,0,0.6704217918361984,-1.5551066797792186
0.729328238109175,0.0,1.1779712990922728,-0.24535522255213305,0.0,0.0,-0.7796630951185004,1,0.16176678347356996,1,0,1,0,1,0,1,0,0,0,0,0,1,0,0,1,0,1,0,1,0,0,0,1,1,0,1,0,1,0,1,0,1,0,1,0,0,1,1,0,0,0,1,0,0,1,-0.03523666894257064,-0.11601553670865793
1.374464040480457,0.0,-0.053691073085597764,-0.43890985399893934,0.0,0.0,-1.2201823075708103,1,0.7914428512815246,1,0,0,1,0,1,1,0,1,0,0,0,0,0,0,1,0,1,1,0,0,0,0,1,1,0,1,0,0,1,1,0,1,0,1,0,1,0,0,1,0,0,1,1,0,0,1.6117834622397544,-0.8157723541356316
-0.5609433666333887,0.0,1.0015562568424672,0.36963080871589915,0.0,0.0,0.9824137546907391,0,-1.3630206094496817,1,0,1,0,1,0,1,0,1,0,0,0,0,0,1,0,0,1,0,0,1,0,0,1,1,0,0,1,1,0,0,1,0,1,0,1,0,1,0,0,1,0,1,1,0,0,1.9374247329099843,0.6756197580821737
-0.5609433666333887,0.0,-1.4591741486566596,0.6007621217270765,0.0,0.0,-1.2201823075708103,1,-0.3079782617927366,1,0,1,0,1,0,1,0,1,0,0,0,0,0,1,0,0,1,0,1,0,0,1,0,1,0,1,0,1,0,1,0,0,1,0,1,0,1,1,0,0,0,1,1,0,0,-3.910861022458342,-0.26091342066740586
0.729328238109175,0.0,1.611225888146943,0.037855076107910814,0.0,0.0,0.10137532978611936,1,-0.21252204938567965,1,0,1,0,0,1,1,0,0,1,0,0,0,0,0,1,0,1,0,0,1,0,1,0,0,1,0,1,1,0,0,1,0,1,0,1,0,1,0,0,1,0,1,1,0,0,3.1908899003910123,0.17112256283145452
0.2601385636573336,0.0,-0.13346699292650255,-0.869908696073317,0.0,0.0,0.10137532978611936,1,1.694927528362353,1,0,1,0,1,0,1,0,0,1,0,0,0,0,0,1,0,1,0,0,1,0,1,0,0,1,1,0,0,1,0,1,0,1,0,1,0,1,0,1,0,0,1,1,0,0,2.910223114001802,0.17161749134280263
-0.32634852940746806,0.0,-1.0382426691709103,0.4772711516590301,0.0,0.0,0.9824137546907391,0,-1.9173365095678545,1,0,1,0,0,1,1,0,0,0,1,0,0,0,1,0,0,1,0,1,0,0,1,0,1,0,0,1,1,0,1,0,1,0,1,0,0,1,1,0,0,0,1,0,1,0,0.8040130478615891,-0.9432402716766799
0.43608469157677415,0.0,0.6247285379191695,-1.9375899111105526,0.0,0.0,0.10137532978611936,0,0.2647590126496051,1,0,1,0,0,1,1,0,1,0,0,0,0,0,0,1,1,0,0,0,0,1,1,0,1,0,1,0,1,0,1,0,1,0,1,0,1,0,0,0,1,1,0,1,0,0,1.4774158835720368,-2.1977459337895926
1.6090588777063775,0.0,1.1098699041061348,0.24446373527230422,0.0,0.0,0.10137532978611936,1,-0.029145641340543926,1,0,0,1,1,0,1,0,1,0,0,0,0,0,0,1,0,1,0,0,1,0,1,0,1,0,1,0,1,0,1,0,1,0,1,0,0,1,1,0,0,0,1,0,1,0,-2.2288673230574783,0.9174812146409662
-1.0887817503917103,0.0,1.3589264343411547,1.120206624171783,0.0,0.0,-0.7796630951185004,1,0.28234305177722085,0,1,1,0,1,0,1,0,1,0,0,0,0,0,1,0,0,1,0,0,1,0,1,0,0,1,0,1,0,1,0,1,0,1,0,1,0,1,0,1,0,0,1,1,0,0,-0.44567884963704335,1.673155365946651
-0.15040240148802755,0.0,0.6655893749108521,1.1055362911451465,0.0,0.0,0.9824137546907391,0,0.17181480583220754,1,0,1,0,0,1,0,1,1,0,0,0,0,0,1,0,0,1,0,0,1,0,1,0,1,0,1,0,1,0,0,1,0,1,0,1,0,1,1,0,0,0,1,1,0,0,0.07074805802713537,0.9875807532319281
0.9052743660286154,0.0,0.6175941060634789,0.65579761464225,0.0,0.0,0.10137532978611936,0,-0.003188250247396861,1,0,1,0,1,0,1,0,1,0,0,0,0,0,0,1,0,1,0,1,0,0,0,1,0,1,1,0,0,1,0,1,0,1,0,1,0,1,0,0,1,0,1,0,1,0,2.1381215716028494,-0.05377995358318281
-1.0887817503917103,0.0,-1.0745634131635173,1.1055362911451465,0.0,0.0,0.10137532978611936,1,-0.21252204938567965,0,1,1,0,0,1,1,0,1,0,0,0,0,0,0,1,0,1,0,0,1,0,1,0,1,0,1,0,0,1,0,1,0,1,0,1,0,1,0,1,0,0,1,1,0,0,0.5661502298880923,1.1008113090196538
1.9023024242387783,0.0,0.029327770326075316,0.19777251896391848,0.0,0.0,0.9824137546907391,0,-0.23931677567537982,1,0,0,1,0,1,1,0,1,0,0,0,0,0,0,1,0,1,0,0,1,0,1,0,0,1,0,1,1,0,0,1,0,1,0,1,0,1,0,1,0,0,1,1,0,0,2.6518828974114834,0.34595349214826415
0.14284114504437329,0.0,-1.2840562758351615,0.14806693795787343,0.0,0.0,0.9824137546907391,0,-0.8840648770212908,1,0,1,0,1,0,1,0,1,0,0,0,0,0,1,0,0,1,0,0,1,0,1,0,1,0,1,0,0,1,0,1,0,1,0,1,0,1,1,0,0,0,1,1,0,0,-2.3814780221253087,1.5102147701644224
-1.4406740062305912,0.0,1.655978233423548,1.2654537340011538,0.0,0.0,-1.2201823075708103,1,-0.19410067506151074,0,1,1,0,1,0,1,0,1,0,0,0,0,0,1,0,0,1,1,0,0,0,1,0,1,0,1,0,1,0,1,0,1,0,0,1,0,1,1,0,0,1,0,0,1,0,-2.740787244526617,0.0551467496530536
-0.20905111079450772,0.0,-0.8903653543438672,-0.09080483414810245,0.0,0.0,-1.2201823075708103,1,0.37444992339806527,1,0,1,0,1,0,1,0,1,0,0,0,0,0,1,0,0,1,0,1,0,0,1,0,1,0,1,0,1,0,1,0,1,0,1,0,0,1,1,0,0,0,1,0,1,0,-3.223569876395145,0.02671719464036368
0.37743598227029396,0.0,0.4042097351069124,-1.9375899111105526,0.0,0.0,-0.7796630951185004,1,-1.223185631625309,1,0,1,0,0,1,0,1,1,0,0,0,0,0,1,0,1,0,0,0,0,1,1,0,1,0,1,0,1,0,1,0,1,0,1,0,1,0,1,0,0,1,0,0,0,1,-3.5836690297759275,-0.6669842931048362
-1.2060791690046706,0.0,-1.4591741486566596,1.0597702031126737,0.0,0.0,0.10137532978611936,1,0.7169200187882959,0,1,1,0,1,0,1,0,1,0,0,0,0,0,1,0,0,1,0,1,0,0,1,0,1,0,1,0,1,0,0,1,0,1,0,1,0,1,0,1,0,0,1,0,1,0,-1.3693197993039272,-0.6546886199833046
-0.7955382038593094,0.0,0.10780652073867272,0.4772711516590301,0.0,0.0,0.10137532978611936,1,-1.3370632183565347,1,0,1,0,1,0,1,0,1,0,0,0,0,0,0,1,0,1,0,0,1,0,1,0,1,0,1,0,0,1,1,0,1,0,1,0,0,1,1,0,0,0,1,1,0,0,0.9129981439643914,0.36132106834761085
0.025543726431412957,0.0,-0.21259432805325376,-0.6980504063213363,0.0,0.0,1.863452179595359,0,0.5377302867259258,1,0,1,0,0,1,1,0,0,0,1,0,0,0,0,1,0,1,0,0,1,0,1,0,0,1,0,1,1,0,0,1,0,1,0,1,0,1,0,1,0,1,0,1,0,0,2.575413543984421,0.28928784856224465
-1.0887817503917103,0.0,-1.4591741486566596,1.2654537340011538,0.0,0.0,0.9824137546907391,0,-0.12208984815794148,0,1,1,0,0,1,0,1,1,0,0,0,0,0,1,0,0,1,0,1,0,0,0,1,0,1,0,1,0,1,1,0,1,0,1,0,0,1,0,0,1,1,0,1,0,0,0.40746369618467393,-1.7032108622955047
1.4917614590934172,0.0,-0.22491743762217387,0.5414890984678798,0.0,0.0,-1.2201823075708103,1,-1.754893481436547,1,0,0,1,1,0,1,0,1,0,0,0,0,0,0,1,0,1,0,0,1,0,1,0,1,0,1,0,1,0,0,1,0,1,0,1,0,1,1,0,0,0,1,1,0,0,0.3186055406362953,1.0870128814317748
0.9052743660286154,0.0,-0.5239149908470283,0.6287713610382961,0.0,0.0,1.863452179595359,0,-1.3429245647324066,1,0,1,0,1,0,1,0,1,0,0,0,0,0,1,0,0,1,0,0,1,0,1,0,1,0,1,0,1,0,1,0,1,0,1,0,1,0,1,0,0,0,1,1,0,0,-2.520891764115657,0.7820102878243492
1.8436537149322982,0.0,1.6553296487093945,0.5414890984678798,0.0,0.0,1.863452179595359,0,0.42050335920848747,1,0,0,1,0,1,1,0,0,0,0,1,0,0,0,1,0,1,0,0,1,0,1,0,1,0,1,0,0,1,0,1,0,1,1,0,0,1,1,0,0,0,1,1,0,0,1.6253147028118737,0.9021124032588875
0.729328238109175,0.0,1.157216588239355,-1.9375899111105526,0.0,0.0,0.9824137546907391,0,0.9438378570541944,1,0,1,0,0,1,1,0,0,0,0,0,1,0,1,0,1,0,0,0,0,1,1,0,1,0,1,0,1,0,1,0,1,0,1,0,1,0,0,0,1,0,1,1,0,0,-1.14593973841363,-1.0638549303928613
0.20148985435085345,0.0,-1.4591741486566596,-0.09080483414810245,0.0,0.0,-0.7796630951185004,1,0.02779315202506899,1,0,1,0,0,1,1,0,1,0,0,0,0,0,1,0,0,1,0,1,0,0,1,0,1,0,0,1,1,0,0,1,0,1,0,1,1,0,1,0,0,0,1,1,0,0,-1.9694073008429642,-0.27226162189385755
-1.2060791690046706,0.0,-0.48889141628272864,1.2157481529951086,0.0,0.0,0.10137532978611936,1,-1.939107224678236,0,1,1,0,1,0,0,1,0,0,0,0,1,0,0,1,0,1,0,0,1,0,1,0,1,0,1,0,1,0,1,0,1,0,0,1,0,1,1,0,0,0,1,0,1,0,-0.23974302691251542,0.48775967119044583
1.4917614590934172,0.0,1.0923581168239853,0.0949307535196783,0.0,0.0,0.9824137546907391,0,0.5678743538018386,1,0,0,1,0,1,1,0,0,1,0,0,0,0,0,1,0,1,0,0,1,0,1,0,0,1,1,0,0,1,0,1,0,1,1,0,0,1,0,0,1,0,1,1,0,0,3.1009504258067198,0.15028676237582628
-1.03013304108523,0.0,0.08121454745837113,1.1346027292456944,0.0,0.0,1.863452179595359,0,-0.4519999155998751,1,0,1,0,0,1,1,0,1,0,0,0,0,0,1,0,0,1,0,0,1,0,1,0,1,0,1,0,1,0,0,1,0,1,0,1,0,1,0,1,0,0,1,1,0,0,1.86228819675763,0.2737365799542681
-1.5579714248435517,0.0,0.4405304790995193,1.120206624171783,0.0,0.0,-1.2201823075708103,1,-1.4961569057016295,0,1,1,0,0,1,1,0,0,0,0,0,0,1,1,0,0,1,1,0,0,0,1,0,0,1,0,1,1,0,1,0,1,0,0,1,0,1,1,0,0,0,1,0,0,1,-1.7235330953658938,0.25809620468624744
1.2571666218674964,0.0,-1.4591741486566596,0.7071612569928716,0.0,0.0,0.10137532978611936,0,-0.6822670946519862,1,0,0,1,0,1,1,0,0,0,0,1,0,0,1,0,0,1,1,0,0,0,1,0,1,0,1,0,1,0,1,0,1,0,1,0,0,1,1,0,0,0,1,1,0,0,-1.1843547343293537,-1.6372310726133772
-1.3820252969241111,0.0,0.22844327757126037,-1.9375899111105526,0.0,0.0,0.10137532978611936,0,-1.6125464980225148,0,1,1,0,1,0,1,0,0,0,0,0,1,0,1,0,1,0,0,0,0,1,1,0,1,0,1,0,1,0,1,0,1,0,1,0,1,0,0,1,0,1,0,0,0,1,-1.126986374981313,-1.1311550391266894
-0.6195920759398689,0.0,1.2369925080802595,0.6287713610382961,0.0,0.0,-1.2201823075708103,1,0.025281146435409595,1,0,1,0,0,1,1,0,1,0,0,0,0,0,1,0,0,1,1,0,0,0,0,1,1,0,0,1,1,0,1,0,0,1,0,1,0,1,1,0,0,0,1,0,0,1,-0.5466137219730393,1.1418682728309322
1.5504101683998974,0.0,0.06694568374698986,-0.1642097988027183,0.0,0.0,-1.2201823075708103,1,0.19023618015637642,1,0,0,1,1,0,1,0,1,0,0,0,0,0,0,1,0,1,0,0,1,0,1,0,1,0,1,0,1,0,1,0,1,0,1,0,0,1,1,0,0,0,1,0,1,0,0.12954842972034705,0.4303422610619832
-1.2060791690046706,0.0,-1.1893629075687215,-1.9375899111105526,0.0,0.0,1.863452179595359,0,0.11068933648382896,0,1,1,0,0,1,0,1,1,0,0,0,0,0,0,1,1,0,0,0,0,1,1,0,1,0,1,0,1,0,1,0,1,0,1,0,1,0,1,0,0,0,1,0,1,0,-1.8829456236526536,-0.8873127578473894
-0.32634852940746806,0.0,0.6668865443391597,-1.9375899111105526,0.0,0.0,1.863452179595359,0,0.3895219569360216,1,0,1,0,1,0,1,0,0,0,1,0,0,0,1,0,1,0,0,0,0,1,1,0,1,0,1,0,1,0,1,0,1,0,1,0,1,0,0,0,1,0,1,1,0,0,0.504732374159141,-1.7806706983059768
-1.1474304596981904,0.0,0.6655893749108521,1.2654537340011538,0.0,0.0,0.10137532978611936,1,-0.34314634004796807,0,1,1,0,1,0,1,0,0,0,0,0,0,1,1,0,0,1,0,0,1,0,1,0,1,0,0,1,0,1,0,1,0,1,0,1,0,1,1,0,0,0,1,1,0,0,-0.9228924594383672,1.5111965382595465
1.081220493948056,0.0,-0.7087616343808321,0.6287713610382961,0.0,0.0,-1.2201823075708103,1,0.6348611695260891,1,0,0,1,1,0,1,0,1,0,0,0,0,0,1,0,0,1,0,0,1,0,0,1,1,0,1,0,0,1,0,1,0,1,0,1,0,1,1,0,0,1,0,0,1,0,-0.19943649425797763,1.3680353673130696
-0.3849972387139482,0.0,-1.106992648871202,0.33012629336122234,0.0,0.0,0.10137532978611936,1,0.7554374378297399,1,0,1,0,1,0,1,0,0,0,0,0,0,1,0,1,0,1,0,0,1,0,1,0,1,0,1,0,1,0,1,0,0,1,0,1,0,1,1,0,0,0,1,1,0,0,-2.440612794691133,1.2506375533989083
0.3187872729638138,0.0,-0.07185144508190136,-0.09080483414810245,0.0,0.0,0.9824137546907391,0,-1.3027324752978564,1,0,1,0,0,1,1,0,0,0,1,0,0,0,0,1,0,1,0,0,1,0,0,1,1,0,0,1,1,0,1,0,1,0,1,0,0,1,1,0,0,0,1,0,1,0,1.716504637450158,0.10291091991304128
1.1398692032545361,0.0,-0.3708489983067557,0.19777251896391848,0.0,0.0,0.10137532978611936,1,-0.5114507145551475,1,0,0,1,1,0,1,0,1,0,0,0,0,0,0,1,0,1,0,0,1,0,1,0,1,0,0,1,1,0,1,0,1,0,1,0,0,1,1,0,0,0,1,1,0,0,0.4043966783412041,0.49942904550529044
1.374464040480457,0.0,-0.21778300576648324,0.0949307535196783,0.0,0.0,0.10137532978611936,0,0.615602460005367,1,0,0,1,0,1,1,0,1,0,0,0,0,0,0,1,0,1,0,0,1,0,0,1,0,1,0,1,0,1,1,0,1,0,1,0,1,0,0,1,0,0,1,1,0,0,2.392146825753414,0.0607102287677595
-0.6195920759398689,0.0,0.46582528295151354,0.4772711516590301,0.0,0.0,0.10137532978611936,0,1.2042491031822182,1,0,1,0,0,1,0,1,0,0,0,0,1,0,1,0,0,1,0,1,0,0,0,1,1,0,1,0,1,0,1,0,1,0,1,0,1,0,1,0,0,0,1,0,0,1,-0.45066321966427,-0.23055405358392211
-1.03013304108523,0.0,-1.4591741486566596,1.2157481529951086,0.0,0.0,-0.7796630951185004,1,1.254489214975406,1,0,1,0,1,0,1,0,1,0,0,0,0,0,1,0,0,1,1,0,0,0,0,1,0,1,0,1,0,1,1,0,1,0,1,0,0,1,1,0,0,0,1,0,0,1,-2.5721011757978687,-0.2889018900202619
-0.03310498287506721,0.0,-0.46229944300242715,-0.023791351794107286,0.0,0.0,-1.2201823075708103,1,-1.4107487156532101,1,0,1,0,0,1,1,0,1,0,0,0,0,0,1,0,0,1,0,0,1,0,1,0,1,0,1,0,1,0,0,1,0,1,0,1,0,1,1,0,0,0,1,1,0,0,0.9910355221508943,0.6587439796345889
-1.3820252969241111,0.0,-1.3048109866880797,1.1346027292456944,0.0,0.0,1.863452179595359,0,1.3365480642376129,0,1,1,0,0,1,1,0,0,0,0,0,0,1,1,0,0,1,0,1,0,0,1,0,0,1,1,0,1,0,1,0,1,0,1,0,0,1,1,0,0,0,1,1,0,0,-1.5272472462221103,-0.1391107583228911
0.8466256567221353,0.0,1.2331009997953373,-1.9375899111105526,0.0,0.0,1.863452179595359,0,0.008534442504346974,1,0,1,0,1,0,1,0,0,0,0,0,1,0,1,0,1,0,0,0,0,1,1,0,1,0,1,0,1,0,1,0,1,0,1,0,1,0,0,1,0,1,0,0,1,0,-0.8651754175015787,-1.1898742569383947
0.9639230753350957,0.0,0.8835138388664944,0.5100492557245105,0.0,0.0,0.10137532978611936,1,0.5913197393053262,1,0,1,0,0,1,1,0,1,0,0,0,0,0,0,1,0,1,0,0,1,0,1,0,1,0,1,0,0,1,1,0,1,0,1,0,0,1,1,0,0,0,1,1,0,0,-0.5507627378260472,0.8583099761699934
-1.03013304108523,0.0,-0.3423112708839932,0.7071612569928716,0.0,0.0,-1.2201823075708103,1,1.3549694385617819,1,0,1,0,1,0,1,0,0,0,0,0,0,1,0,1,0,1,0,0,1,0,1,0,1,0,1,0,1,0,1,0,1,0,1,0,0,1,1,0,0,0,1,1,0,0,-1.7805601872427221,0.8941387529245622
0.6706795288026948,0.0,-1.4591741486566596,0.36963080871589915,0.0,0.0,0.9824137546907391,0,1.6530607685346965,1,0,1,0,0,1,0,1,0,0,1,0,0,0,1,0,0,1,0,1,0,0,0,1,1,0,0,1,1,0,1,0,1,0,1,0,0,1,0,1,0,1,0,0,1,0,-0.20339786694817893,-1.8130379074995715
-0.32634852940746806,0.0,-1.3456718236797627,-1.9375899111105526,0.0,0.0,0.10137532978611936,0,-0.5608534911517822,1,0,1,0,0,1,1,0,0,0,0,1,0,0,1,0,1,0,0,0,0,1,1,0,1,0,1,0,1,0,1,0,1,0,1,0,1,0,0,1,0,1,0,0,1,0,-1.253316462049917,-1.4084686051369195
0.7879769474156552,0.0,1.6987848245576918,0.44303577337051536,0.0,0.0,1.863452179595359,0,-0.9912437821800916,1,0,1,0,0,1,1,0,0,0,1,0,0,0,0,1,0,1,0,0,1,0,1,0,0,1,0,1,1,0,0,1,0,1,0,1,0,1,1,0,0,0,1,1,0,0,2.4139408205172805,0.6105337035673707
0.9639230753350957,0.0,1.5152353504521956,0.6287713610382961,0.0,0.0,-0.7796630951185004,1,1.2310438294719184,1,0,1,0,1,0,1,0,1,0,0,0,0,0,1,0,0,1,0,0,1,0,1,0,1,0,1,0,1,0,1,0,1,0,1,0,0,1,1,0,0,0,1,1,0,0,-2.2784000431516738,0.7670351970597816
-0.7368894945528293,0.0,1.7500230169758337,-0.1642097988027183,0.0,0.0,0.10137532978611936,0,-0.027470970947437664,1,0,1,0,1,0,1,0,0,0,1,0,0,0,0,1,0,1,1,0,0,0,1,0,1,0,0,1,1,0,1,0,1,0,1,0,0,1,0,0,1,1,0,0,1,0,1.9082702187399938,-1.1079074651928333
0.37743598227029396,0.0,-0.48824283156857495,-0.5576319593127251,0.0,0.0,0.10137532978611936,0,-0.09780712745790067,1,0,1,0,1,0,1,0,1,0,0,0,0,0,1,0,0,1,0,1,0,0,1,0,1,0,1,0,0,1,1,0,1,0,1,0,1,0,1,0,0,0,1,1,0,0,-2.935914199123506,0.16897484765667234
0.08419243573789313,0.0,0.43534180138628986,0.4772711516590301,0.0,0.0,1.863452179595359,0,1.3064039971617,1,0,1,0,1,0,1,0,1,0,0,0,0,0,0,1,0,1,0,0,1,0,1,0,1,0,1,0,1,0,1,0,0,1,0,1,0,1,1,0,0,0,1,1,0,0,0.2876311471826617,0.819736299414112
0.14284114504437329,0.0,-0.14319576363880815,0.44303577337051536,0.0,0.0,0.10137532978611936,0,-0.5943468990139075,1,0,1,0,1,0,1,0,1,0,0,0,0,0,1,0,0,1,0,1,0,0,0,1,0,1,1,0,1,0,1,0,1,0,1,0,0,1,0,1,0,1,0,1,0,0,0.4272119320452603,-0.39372899306416337
-0.09175369218154737,0.0,-1.4591741486566596,-0.869908696073317,0.0,0.0,-1.2201823075708103,1,-1.332876542373769,1,0,1,0,1,0,1,0,0,0,0,0,0,1,1,0,0,1,1,0,0,0,1,0,0,1,1,0,1,0,1,0,1,0,1,0,0,1,1,0,0,0,1,1,0,0,-3.418829569196009,-0.5626244381050475
-0.9714843317787499,0.0,-1.4591741486566596,-0.24535522255213305,0.0,0.0,0.10137532978611936,1,0.12576137002178533,1,0,1,0,1,0,1,0,0,0,0,0,0,1,1,0,0,1,0,1,0,0,1,0,1,0,1,0,1,0,0,1,1,0,1,0,0,1,1,0,0,0,1,1,0,0,-3.935527037409955,-0.28440588796642513
-0.20905111079450772,0.0,0.6389974016305507,0.33012629336122234,0.0,0.0,-1.2201823075708103,1,-1.007153150914601,1,0,1,0,0,1,1,0,1,0,0,0,0,0,1,0,0,1,0,0,1,0,1,0,1,0,1,0,1,0,0,1,0,1,0,1,0,1,1,0,0,1,0,0,0,1,-2.025691162725115,1.3507864746337657
-0.6195920759398689,0.0,0.2537380814232546,0.6007621217270765,0.0,0.0,-1.2201823075708103,1,-1.7021413640536998,1,0,1,0,1,0,1,0,1,0,0,0,0,0,1,0,0,1,1,0,0,0,1,0,1,0,1,0,1,0,1,0,1,0,1,0,0,1,1,0,0,0,1,1,0,0,-2.923676921915777,0.06625714088498734
0.20148985435085345,0.0,-1.4591741486566596,0.6287713610382961,0.0,0.0,0.9824137546907391,0,0.5628503426225198,1,0,1,0,0,1,0,1,0,0,0,0,0,1,1,0,0,1,1,0,0,0,1,0,1,0,1,0,0,1,1,0,1,0,1,0,0,1,1,0,0,1,0,1,0,0,-3.814734808880517,-0.5016949798275959
1.6090588777063775,0.0,-0.8812851683457155,0.6287713610382961,0.0,0.0,-1.2201823075708103,1,-0.3029542506134178,1,0,0,1,1,0,1,0,0,0,0,0,0,1,1,0,0,1,0,0,1,0,1,0,1,0,0,1,1,0,1,0,1,0,1,0,1,0,1,0,0,1,0,1,0,0,-1.0214731194325923,0.6656713587397501
0.3187872729638138,0.0,0.559221481789646,-1.9375899111105526,0.0,0.0,0.9824137546907391,0,1.580212606434574,1,0,1,0,1,0,1,0,0,0,1,0,0,0,1,0,1,0,0,0,0,1,1,0,1,0,1,0,1,0,1,0,1,0,1,0,1,0,0,0,1,1,0,1,0,0,0.9191757068632554,-2.1029383995644473
0.5533821101897345,0.0,-1.2996223089748502,-1.9375899111105526,0.0,0.0,1.863452179595359,0,-0.48549332346200036,1,0,1,0,1,0,1,0,1,0,0,0,0,0,1,0,1,0,0,0,0,1,1,0,1,0,1,0,1,0,1,0,1,0,1,0,1,0,1,0,0,1,0,0,1,0,-3.712951322600163,-0.704961729420581
-0.5609433666333887,0.0,1.4075702879026821,0.19777251896391848,0.0,0.0,0.10137532978611936,0,-1.3094311568702814,1,0,1,0,0,1,1,0,1,0,0,0,0,0,1,0,0,1,0,1,0,0,1,0,1,0,1,0,1,0,0,1,1,0,1,0,0,1,1,0,0,0,1,1,0,0,-0.39062356125419023,-0.029508245904686786
-1.0887817503917103,0.0,1.4562141414642094,1.2654537340011538,0.0,0.0,0.9824137546907391,0,-0.47042128992404403,0,1,1,0,0,1,0,1,1,0,0,0,0,0,1,0,0,1,0,1,0,0,0,1,1,0,1,0,0,1,1,0,0,1,0,1,0,1,0,1,0,1,0,0,1,0,1.4932309609431509,-0.47786956909750355
-0.5022946573269086,0.0,-1.4591741486566596,0.037855076107910814,0.0,0.0,-0.7796630951185004,1,1.2075984439684306,1,0,1,0,1,0,1,0,1,0,0,0,0,0,1,0,0,1,0,1,0,0,1,0,1,0,1,0,1,0,1,0,1,0,1,0,0,1,1,0,0,1,0,1,0,0,-4.263442895267864,-0.5580652648098212
-1.675268843456512,0.0,1.775317820827828,1.0597702031126737,0.0,0.0,0.10137532978611936,0,0.11990002364591341,0,1,1,0,1,0,1,0,0,0,0,1,0,0,0,1,0,1,0,0,1,0,0,1,0,1,1,0,1,0,1,0,1,0,1,0,0,1,1,0,0,0,1,0,1,0,1.2085800956325823,0.547610646857013
1.374464040480457,0.0,-1.1575822565751903,0.6819075454764912,0.0,0.0,0.10137532978611936,1,0.39287129772223417,1,0,0,1,0,1,1,0,1,0,0,0,0,0,1,0,0,1,0,1,0,0,1,0,0,1,1,0,1,0,1,0,1,0,1,0,0,1,1,0,0,0,1,1,0,0,0.1377920815415491,-0.628135195131983
0.729328238109175,0.0,0.1791508392955795,0.5100492557245105,0.0,0.0,0.10137532978611936,0,0.5595010018363072,1,0,1,0,0,1,0,1,0,0,0,1,0,0,0,1,0,1,0,0,1,0,1,0,1,0,1,0,1,0,1,0,1,0,1,0,0,1,1,0,0,0,1,1,0,0,0.8557089021588504,0.20465811810092355
-0.9714843317787499,0.0,-1.261355810839782,-1.9375899111105526,0.0,0.0,1.863452179595359,0,0.015233124076772023,1,0,1,0,1,0,1,0,1,0,0,0,0,0,1,0,1,0,0,0,0,1,1,0,1,0,1,0,1,0,1,0,1,0,1,0,1,0,1,0,0,1,0,0,1,0,-2.9781566014704253,-0.8070738741497626
-0.6195920759398689,0.0,-1.4591741486566596,0.6819075454764912,0.0,0.0,0.10137532978611936,0,0.11068933648382896,1,0,1,0,1,0,1,0,0,0,0,1,0,0,1,0,0,1,1,0,0,0,1,0,1,0,0,1,0,1,0,1,0,1,0,1,0,1,0,1,0,1,0,1,0,0,-0.8496607807833298,-0.5330380113242983
-0.6195920759398689,0.0,0.8134666897378952,1.1896382221608675,0.0,0.0,0.10137532978611936,0,1.311428008341019,1,0,1,0,0,1,0,1,1,0,0,0,0,0,1,0,0,1,0,0,1,0,1,0,0,1,0,1,0,1,0,1,0,1,0,1,1,0,0,1,0,0,1,1,0,0,2.569370358551402,0.43526177610493777
1.8436537149322982,0.0,0.021544753756230883,0.6007621217270765,0.0,0.0,0.9824137546907391,0,-1.6175705092018335,1,0,0,1,0,1,1,0,1,0,0,0,0,0,0,1,0,1,0,0,1,0,0,1,1,0,0,1,1,0,0,1,1,0,1,0,0,1,1,0,0,0,1,1,0,0,0.49316723821111197,1.09016824133
1.374464040480457,0.0,-1.1108841571561243,0.5414890984678798,0.0,0.0,-1.2201823075708103,1,1.2754225948892344,1,0,0,1,0,1,1,0,1,0,0,0,0,0,1,0,0,1,0,0,1,0,1,0,0,1,1,0,1,0,1,0,1,0,1,0,0,1,1,0,0,0,1,1,0,0,0.12259273462453035,0.27227087402479405
-1.4993227155370714,0.0,-0.5959078941180886,1.2157481529951086,0.0,0.0,0.9824137546907391,0,1.1565209969786898,0,1,1,0,1,0,1,0,1,0,0,0,0,0,0,1,0,1,1,0,0,0,1,0,1,0,1,0,0,1,1,0,0,1,0,1,0,1,1,0,0,1,0,0,1,0,-1.5363225523098514,0.4930924083739706
0.20148985435085345,0.0,-0.3805777690190613,0.4772711516590301,0.0,0.0,0.9824137546907391,0,-0.94267834078001,1,0,1,0,0,1,1,0,0,0,0,0,1,0,1,0,0,1,0,0,1,0,1,0,0,1,0,1,0,1,1,0,1,0,1,0,1,0,0,1,0,1,0,0,1,0,0.775388802806182,0.6090543033338647
1.0225717846415758,0.0,-1.3768038899591402,-0.869908696073317,0.0,0.0,0.9824137546907391,0,-1.868771068167773,1,0,0,1,1,0,1,0,1,0,0,0,0,0,0,1,0,1,0,0,1,0,1,0,0,1,1,0,0,1,0,1,0,1,0,1,1,0,1,0,0,0,1,0,1,0,0.26669795679162456,1.1664717072572142
-1.6166201341500317,0.0,0.725907753327146,1.120206624171783,0.0,0.0,-1.2201823075708103,1,0.4481354206947408,0,1,1,0,1,0,1,0,0,0,1,0,0,0,0,1,0,1,0,0,1,0,0,1,0,1,1,0,0,1,0,1,0,1,0,1,0,1,0,1,0,0,1,0,1,0,2.595332666441425,0.7188191603871907
1.6677075870128577,0.0,-0.2197287599089444,-0.24535522255213305,0.0,0.0,-1.2201823075708103,1,-1.166246838259696,1,0,0,1,1,0,1,0,1,0,0,0,0,0,1,0,0,1,0,0,1,0,0,1,1,0,0,1,0,1,1,0,0,1,1,0,1,0,1,0,0,0,1,0,1,0,0.49207133545563364,1.0733696469197378
-0.09175369218154737,0.0,0.20314847371926614,0.36963080871589915,0.0,0.0,0.10137532978611936,0,-1.8905417832781544,1,0,1,0,0,1,1,0,0,0,0,1,0,0,0,1,0,1,0,1,0,0,0,1,0,1,0,1,0,1,0,1,0,1,0,1,0,1,0,1,0,0,1,0,1,0,1.0852841052447757,0.6471104811750878
-0.5609433666333887,0.0,-0.023207591520374073,-1.0914725668313427,0.0,0.0,0.10137532978611936,0,1.1221902539200113,1,0,1,0,0,1,1,0,0,0,1,0,0,0,0,1,0,1,0,1,0,0,0,1,0,1,0,1,1,0,0,1,0,1,0,1,1,0,0,0,1,0,1,1,0,0,2.254160466997816,-0.15167838639372228
1.7263562963193377,0.0,-1.4591741486566596,-0.09080483414810245,0.0,0.0,-1.2201823075708103,1,-1.5815650957500489,1,0,0,1,1,0,1,0,1,0,0,0,0,0,1,0,0,1,0,1,0,0,1,0,1,0,0,1,0,1,1,0,0,1,1,0,0,1,1,0,0,0,1,1,0,0,-1.8606006636692982,-0.5020258585012428
0.8466256567221353,0.0,0.640943155773012,1.1346027292456944,0.0,0.0,0.9824137546907391,0,0.18856150976327016,1,0,1,0,0,1,0,1,1,0,0,0,0,0,0,1,0,1,0,0,1,0,0,1,0,1,1,0,1,0,0,1,1,0,1,0,0,1,1,0,0,0,1,0,1,0,2.9200609538993523,-0.053395288102942876
-0.03310498287506721,0.0,-1.4591741486566596,0.33012629336122234,0.0,0.0,0.10137532978611936,0,1.2678865781202562,1,0,1,0,0,1,1,0,1,0,0,0,0,0,1,0,0,1,0,1,0,0,0,1,1,0,0,1,0,1,1,0,1,0,1,0,0,1,0,0,1,0,1,0,1,0,0.2523659470179767,-1.9237405475205396
-0.5609433666333887,0.0,-0.44154473214950885,0.5414890984678798,0.0,0.0,0.9824137546907391,0,-1.102609363321658,1,0,1,0,1,0,1,0,1,0,0,0,0,0,0,1,0,1,0,1,0,0,0,1,0,1,1,0,1,0,1,0,1,0,1,0,0,1,1,0,0,0,1,0,1,0,0.7694409233923934,-0.3709140950432427
0.7879769474156552,0.0,0.19925696543434404,0.6287713610382961,0.0,0.0,1.863452179595359,0,0.5511276498707759,1,0,1,0,1,0,1,0,1,0,0,0,0,0,1,0,0,1,0,1,0,0,1,0,0,1,0,1,0,1,0,1,0,1,0,1,1,0,0,0,1,1,0,0,1,0,1.1619537532470197,0.21064404654963975
1.2571666218674964,0.0,-0.6250942062550051,-0.6980504063213363,0.0,0.0,0.10137532978611936,1,-1.3161298384427065,1,0,0,1,1,0,1,0,1,0,0,0,0,0,0,1,0,1,0,0,1,0,1,0,1,0,0,1,1,0,1,0,0,1,1,0,0,1,1,0,0,0,1,1,0,0,-1.018849718068026,1.1617715188215372
-0.6195920759398689,0.0,-0.6970871095260655,-1.9375899111105526,0.0,0.0,0.10137532978611936,0,0.1600921130804637,1,0,1,0,0,1,0,1,1,0,0,0,0,0,1,0,1,0,0,0,0,1,1,0,1,0,1,0,1,0,1,0,1,0,1,0,1,0,0,0,1,1,0,0,1,0,-0.3435138623923732,-1.5593438384360978
-1.3820252969241111,0.0,-0.2716155370412402,-1.9375899111105526,0.0,0.0,0.10137532978611936,0,-1.4668501738222701,0,1,1,0,1,0,1,0,0,0,1,0,0,0,1,0,1,0,0,0,0,1,1,0,1,0,1,0,1,0,1,0,1,0,1,0,1,0,0,0,1,0,1,1,0,0,0.13619668992108858,-1.698431899150188
1.5504101683998974,0.0,-0.3163678823178452,0.6819075454764912,0.0,0.0,-1.2201823075708103,1,0.9890539576680635,1,0,0,1,1,0,1,0,1,0,0,0,0,0,0,1,0,1,0,0,1,0,1,0,0,1,0,1,1,0,0,1,0,1,1,0,0,1,1,0,0,0,1,1,0,0,1.1370999837986846,1.1878889648749955
0.2601385636573336,0.0,0.9924760708443154,0.19777251896391848,0.0,0.0,-0.7796630951185004,1,1.0794861588958016,1,0,1,0,0,1,1,0,1,0,0,0,0,0,1,0,0,1,0,0,1,0,1,0,1,0,0,1,1,0,0,1,0,1,0,1,0,1,1,0,0,0,1,0,1,0,1.0156655608400456,0.880641653207169
0.3187872729638138,0.0,0.7473110488942183,0.33012629336122234,0.0,0.0,-1.2201823075708103,1,0.8961097508506659,1,0,1,0,0,1,1,0,1,0,0,0,0,0,1,0,0,1,0,0,1,0,1,0,1,0,1,0,1,0,0,1,1,0,1,0,0,1,1,0,0,0,1,0,1,0,1.675749804127778,-0.05907205334709428
0.9639230753350957,0.0,1.2149406277990336,-1.9375899111105526,0.0,0.0,0.9824137546907391,0,1.5659779080931708,1,0,1,0,1,0,1,0,0,0,1,0,0,0,0,1,1,0,0,0,0,1,1,0,1,0,1,0,1,0,1,0,1,0,1,0,1,0,0,0,1,1,0,1,0,0,1.1769891015102483,-1.9646864093574572
-1.03013304108523,0.0,-0.8034550026472719,1.2654537340011538,0.0,0.0,0.10137532978611936,1,0.2161935712495235,1,0,1,0,1,0,1,0,0,0,0,0,0,1,1,0,0,1,0,0,1,0,1,0,0,1,1,0,0,1,1,0,0,1,0,1,0,1,1,0,0,0,1,1,0,0,-0.8652062927781762,1.137009929295096
1.4917614590934172,0.0,-1.0979124628730503,0.5414890984678798,0.0,0.0,-1.2201823075708103,1,0.16427878906322935,1,0,0,1,1,0,1,0,1,0,0,0,0,0,1,0,0,1,1,0,0,0,0,1,1,0,0,1,1,0,0,1,1,0,1,0,0,1,1,0,0,1,0,1,0,0,-2.455993043206936,0.6192875350007172
-0.9714843317787499,0.0,0.44766491095520994,0.44303577337051536,0.0,0.0,0.10137532978611936,0,0.26308434225649885,1,0,1,0,0,1,1,0,0,0,1,0,0,0,0,1,0,1,0,0,1,0,1,0,0,1,0,1,1,0,0,1,0,1,0,1,1,0,0,1,0,0,1,1,0,0,2.4538512791524094,0.6056440372165542
-1.2647278783111506,0.0,-1.3398345612523794,1.2654537340011538,0.0,0.0,0.10137532978611936,1,-1.4886208889326513,0,1,1,0,1,0,1,0,0,0,0,0,0,1,0,1,0,1,0,0,1,0,1,0,1,0,1,0,1,0,1,0,1,0,0,1,0,1,1,0,0,0,1,1,0,0,-2.815466534795877,0.8896314293500981
-1.675268843456512,0.0,-0.8676648893484878,1.1055362911451465,0.0,0.0,-0.7796630951185004,1,-1.3605086038600223,0,1,1,0,1,0,0,1,1,0,0,0,0,0,1,0,0,1,0,0,1,0,1,0,1,0,1,0,1,0,1,0,1,0,1,0,0,1,1,0,0,0,1,1,0,0,-2.0205745961744532,0.713915294461698
0.025543726431412957,0.0,0.40874982810598826,0.0949307535196783,0.0,0.0,0.10137532978611936,1,1.3156146843237846,1,0,1,0,1,0,1,0,1,0,0,0,0,0,0,1,0,1,1,0,0,0,1,0,1,0,1,0,1,0,1,0,1,0,1,0,0,1,1,0,0,0,1,1,0,0,0.6960295105643339,0.26705733233244316
-1.1474304596981904,0.0,-1.4591741486566596,1.2654537340011538,0.0,0.0,-1.2201823075708103,1,0.7420400746848899,0,1,1,0,0,1,1,0,1,0,0,0,0,0,1,0,0,1,1,0,0,0,0,1,1,0,1,0,0,1,0,1,0,1,0,1,0,1,1,0,0,0,1,1,0,0,-1.5321820036089564,-0.22217285871401177
-0.26769982010098786,0.0,-1.4591741486566596,-0.1642097988027183,0.0,0.0,-1.2201823075708103,1,0.8592670022023282,1,0,1,0,1,0,1,0,1,0,0,0,0,0,1,0,0,1,0,1,0,0,1,0,1,0,1,0,1,0,0,1,1,0,1,0,0,1,1,0,0,0,1,0,1,0,-2.391837188157612,-0.657790737860224
1.4917614590934172,0.0,-1.3216741892560757,-0.869908696073317,0.0,0.0,1.863452179595359,0,-0.8438727875867404,1,0,0,1,0,1,1,0,1,0,0,0,0,0,0,1,0,1,0,0,1,0,1,0,1,0,0,1,1,0,0,1,0,1,1,0,0,1,0,1,0,0,1,1,0,0,1.1793078745025378,0.7175469794257823
-0.15040240148802755,0.0,0.6240799532050155,-1.9375899111105526,0.0,0.0,1.863452179595359,0,0.08305727499757565,1,0,1,0,0,1,0,1,1,0,0,0,0,0,1,0,1,0,0,0,0,1,1,0,1,0,1,0,1,0,1,0,1,0,1,0,1,0,0,0,1,0,1,1,0,0,0.9967860953623492,-2.076909562315411
0.08419243573789313,0.0,0.011167398329771951,0.6819075454764912,0.0,0.0,0.10137532978611936,0,0.4456234151050814,1,0,1,0,0,1,0,1,0,1,0,0,0,0,0,1,0,1,0,1,0,0,0,1,1,0,0,1,1,0,0,1,1,0,1,0,0,1,0,0,1,1,0,0,1,0,2.337307291250664,-0.9017505505593626
0.9639230753350957,0.0,-0.6419574088230012,0.6819075454764912,0.0,0.0,0.10137532978611936,0,-1.8470003530573915,1,0,1,0,1,0,1,0,0,0,0,0,1,0,1,0,0,1,0,1,0,0,0,1,1,0,0,1,1,0,1,0,0,1,0,1,0,1,1,0,0,1,0,0,1,0,0.17170333661090806,0.01020135786448015
0.14284114504437329,0.0,0.7881718858859009,-0.1642097988027183,0.0,0.0,-0.7796630951185004,1,0.24968697911164872,1,0,1,0,0,1,1,0,0,0,1,0,0,0,0,1,0,1,0,0,1,0,1,0,0,1,0,1,0,1,1,0,0,1,0,1,1,0,1,0,0,0,1,1,0,0,2.0331661651236614,0.5787800367605573
0.7879769474156552,0.0,1.0910609473956776,0.037855076107910814,0.0,0.0,-0.7796630951185004,1,-0.7584645975383211,1,0,1,0,1,0,1,0,0,0,0,0,0,1,1,0,0,1,0,0,1,0,1,0,0,1,1,0,1,0,0,1,1,0,1,0,0,1,1,0,0,0,1,1,0,0,-0.4580484699890606,0.9880762381886024
0.729328238109175,0.0,-1.4591741486566596,0.6819075454764912,0.0,0.0,-0.7796630951185004,1,0.6373731751157484,1,0,1,0,1,0,1,0,0,0,0,0,0,1,1,0,0,1,1,0,0,0,1,0,1,0,1,0,1,0,1,0,1,0,1,0,0,1,1,0,0,1,0,1,0,0,-4.256162509554225,-0.552770251422863
1.6677075870128577,0.0,-0.30209901860646393,0.40720749028027037,0.0,0.0,1.863452179595359,0,-1.1369401063803364,1,0,0,1,0,1,1,0,1,0,0,0,0,0,0,1,0,1,0,0,1,0,1,0,1,0,1,0,1,0,1,0,1,0,1,0,0,1,0,0,1,1,0,1,0,0,-2.4353395457855367,0.9082580865721097
-0.7368894945528293,0.0,0.3691861605426128,0.44303577337051536,0.0,0.0,0.10137532978611936,0,-1.8084829340159474,1,0,1,0,1,0,1,0,1,0,0,0,0,0,1,0,0,1,1,0,0,0,1,0,1,0,1,0,0,1,1,0,1,0,1,0,0,1,1,0,0,0,1,0,1,0,-1.851588947036061,0.08575537202733478
-0.09175369218154737,0.0,-0.008938727808992809,-0.869908696073317,0.0,0.0,-1.2201823075708103,1,0.7738588121539088,1,0,1,0,1,0,1,0,0,0,0,0,1,0,0,1,0,1,1,0,0,0,1,0,1,0,1,0,0,1,0,1,1,0,1,0,0,1,1,0,0,1,0,1,0,0,0.06743983074813234,1.0000065895584074
-1.0887817503917103,0.0,-0.6134196814002386,1.0276751759851788,0.0,0.0,0.10137532978611936,1,0.8500563150402437,0,1,1,0,1,0,1,0,0,0,0,0,0,1,1,0,0,1,0,0,1,0,1,0,1,0,1,0,1,0,1,0,1,0,1,0,0,1,1,0,0,0,1,0,1,0,-2.5872972001275487,0.7771860236964601
0.08419243573789313,0.0,-0.2151886669098685,0.4772711516590301,0.0,0.0,0.10137532978611936,0,-0.051753691647478464,1,0,1,0,0,1,0,1,1,0,0,0,0,0,1,0,0,1,0,0,1,0,1,0,0,1,1,0,0,1,1,0,1,0,1,0,0,1,1,0,0,0,1,1,0,0,-1.3705604549287593,0.9525502572915343
0.6706795288026948,0.0,0.5806247773567179,1.2654537340011538,0.0,0.0,0.10137532978611936,0,1.3809268296549289,1,0,1,0,0,1,0,1,1,0,0,0,0,0,1,0,0,1,0,1,0,0,0,1,0,1,0,1,0,1,0,1,1,0,1,0,0,1,0,1,0,1,0,1,0,0,1.4043999274046617,-0.08651172937514606
-0.09175369218154737,0.0,-1.4591741486566596,0.7071612569928716,0.0,0.0,0.10137532978611936,1,-1.4442421235153355,1,0,1,0,0,1,1,0,1,0,0,0,0,0,1,0,0,1,1,0,0,0,1,0,1,0,0,1,1,0,0,1,1,0,1,0,0,1,1,0,0,0,1,1,0,0,-1.640074852477879,-0.7825768393765773
1.5504101683998974,0.0,-1.4591741486566596,0.6819075454764912,0.0,0.0,-1.2201823075708103,1,-0.40427180939634666,1,0,0,1,0,1,1,0,0,0,0,1,0,0,1,0,0,1,1,0,0,0,1,0,1,0,0,1,1,0,1,0,0,1,1,0,0,1,1,0,0,0,1,0,1,0,-1.2921896153777173,-0.8834911210512785
-0.20905111079450772,0.0,1.5625820345854158,-0.33606808855469933,0.0,0.0,0.10137532978611936,0,-1.3412498943393003,1,0,1,0,1,0,1,0,0,0,0,0,0,1,1,0,0,1,0,1,0,0,0,1,1,0,0,1,0,1,0,1,0,1,0,1,1,0,1,0,0,1,0,0,1,0,-0.5156050839051364,0.8044900433337456
0.3187872729638138,0.0,1.6358721072847833,0.4772711516590301,0.0,0.0,0.10137532978611936,0,0.9781686001128728,1,0,1,0,1,0,0,1,0,0,0,0,1,0,0,1,0,1,0,0,1,0,0,1,1,0,1,0,0,1,1,0,1,0,1,0,0,1,1,0,0,0,1,0,0,1,0.43724788236308676,0.8080170887012308
1.5504101683998974,0.0,-1.4591741486566596,0.33012629336122234,0.0,0.0,-1.2201823075708103,1,-1.8478376882539447,1,0,0,1,0,1,1,0,0,0,0,0,0,1,1,0,0,1,1,0,0,0,1,0,1,0,1,0,1,0,1,0,1,0,1,0,0,1,1,0,0,1,0,1,0,0,-4.247117526197688,-0.5461427414233426
0.729328238109175,0.0,-0.3903065397313667,-1.9375899111105526,0.0,0.0,1.863452179595359,0,0.6524452086537048,1,0,1,0,0,1,0,1,1,0,0,0,0,0,0,1,1,0,0,0,0,1,1,0,1,0,1,0,1,0,1,0,1,0,1,0,1,0,0,1,0,1,0,1,0,0,0.9315150163103169,-2.0009363840944463
-0.3849972387139482,0.0,1.741591415691836,0.7071612569928716,0.0,0.0,0.10137532978611936,0,1.158195667371796,1,0,1,0,1,0,1,0,0,1,0,0,0,0,0,1,0,1,0,0,1,0,1,0,0,1,0,1,0,1,0,1,1,0,1,0,0,1,0,0,1,0,1,0,1,0,2.989677207338551,-0.03458070746512463
0.6120308194962146,0.0,-0.4000353104436723,0.5100492557245105,0.0,0.0,0.10137532978611936,1,-1.027249195631876,1,0,1,0,0,1,1,0,0,0,1,0,0,0,0,1,0,1,0,0,1,0,1,0,1,0,1,0,1,0,0,1,0,1,0,1,0,1,1,0,0,0,1,1,0,0,1.70254217044101,0.5482007119398564
0.4947334008832543,0.0,-1.0940209545881283,0.19777251896391848,0.0,0.0,0.10137532978611936,0,-1.7565681518296534,1,0,1,0,1,0,1,0,1,0,0,0,0,0,1,0,0,1,0,0,1,0,1,0,1,0,1,0,1,0,1,0,1,0,1,0,0,1,1,0,0,0,1,1,0,0,-1.8686971746580463,0.652713563298182
-1.3233765876176309,0.0,-0.24372639433263124,1.2157481529951086,0.0,0.0,0.9824137546907391,0,1.1925264104304742,0,1,1,0,0,1,1,0,1,0,0,0,0,0,0,1,0,1,0,0,1,0,1,0,1,0,0,1,1,0,1,0,0,1,0,1,0,1,1,0,0,1,0,1,0,0,1.0717691106590288,0.6207831388151903
-1.4406740062305912,0.0,1.6332777684281685,1.2654537340011538,0.0,0.0,-0.7796630951185004,1,-1.3152925032461533,0,1,1,0,1,0,1,0,1,0,0,0,0,0,1,0,0,1,0,1,0,0,1,0,1,0,1,0,1,0,0,1,1,0,0,1,0,1,1,0,0,1,0,0,1,0,-1.5459067891703977,0.16449923235534733
-0.4436459480204284,0.0,0.29849042669985976,-0.023791351794107286,0.0,0.0,0.10137532978611936,1,-0.6094189325518637,1,0,1,0,1,0,1,0,1,0,0,0,0,0,1,0,0,1,0,0,1,0,1,0,1,0,1,0,1,0,1,0,0,1,0,1,0,1,1,0,0,0,1,1,0,0,-0.12494449989490065,0.7317406245450917
-0.7955382038593094,0.0,0.4314502931013675,-1.9375899111105526,0.0,0.0,0.10137532978611936,0,-1.836114995502201,1,0,1,0,1,0,1,0,0,0,0,0,0,1,1,0,1,0,0,0,0,1,1,0,1,0,1,0,1,0,1,0,1,0,1,0,1,0,1,0,0,1,0,0,1,0,-3.5783830353470325,-0.667241144774303
-0.678240785246349,0.0,-1.0739148284493634,-0.24535522255213305,0.0,0.0,-0.7796630951185004,1,0.007697107307793843,1,0,1,0,1,0,1,0,1,0,0,0,0,0,0,1,0,1,0,0,1,0,1,0,1,0,1,0,1,0,1,0,1,0,1,0,0,1,1,0,0,0,1,1,0,0,-2.639242304170213,0.9153074928204242
-0.7368894945528293,0.0,-0.49213433985349714,-1.9375899111105526,0.0,0.0,1.863452179595359,0,-0.7819099830418088,1,0,1,0,0,1,0,1,1,0,0,0,0,0,1,0,1,0,0,0,0,1,1,0,1,0,1,0,1,0,1,0,1,0,1,0,1,0,0,0,1,0,1,0,0,1,0.2198494314834023,-1.8017304251836743
-0.15040240148802755,0.0,-0.9597639187583129,0.4772711516590301,0.0,0.0,0.10137532978611936,0,0.49502619170171613,1,0,1,0,0,1,1,0,0,0,0,0,0,1,1,0,0,1,0,0,1,0,1,0,1,0,1,0,1,0,1,0,1,0,1,0,1,0,1,0,0,0,1,1,0,0,-2.1555135819136546,0.7122931773615173
-0.7368894945528293,0.0,-0.2151886669098685,0.6287713610382961,0.0,0.0,-0.7796630951185004,1,0.353516543484237,1,0,1,0,0,1,1,0,0,0,0,0,0,1,1,0,0,1,0,0,1,0,1,0,0,1,0,1,1,0,1,0,1,0,1,0,0,1,1,0,0,0,1,1,0,0,-0.3348922075299966,0.7471053296310911
-0.20905111079450772,0.0,-1.4591741486566596,0.5414890984678798,0.0,0.0,0.9824137546907391,0,0.7998162032470558,1,0,1,0,1,0,1,0,1,0,0,0,0,0,1,0,0,1,0,1,0,0,0,1,1,0,0,1,0,1,1,0,1,0,1,0,0,1,0,1,0,0,1,0,1,0,-0.08652163001157274,-1.5959806302054345
-1.4993227155370714,0.0,0.7719572680320586,1.120206624171783,0.0,0.0,-1.2201823075708103,1,-0.3456583456376275,0,1,1,0,1,0,0,1,1,0,0,0,0,0,1,0,0,1,1,0,0,0,1,0,1,0,0,1,1,0,1,0,1,0,0,1,0,1,1,0,0,1,0,1,0,0,-2.76554501786297,0.1711467030443686
-0.9714843317787499,0.0,-0.9072285569118633,0.5414890984678798,0.0,0.0,0.10137532978611936,0,0.11320134207348836,1,0,1,0,0,1,0,1,0,1,0,0,0,0,0,1,0,1,0,0,1,0,1,0,0,1,0,1,0,1,1,0,1,0,1,0,0,1,0,0,1,1,0,1,0,0,2.5754947829622834,-0.32639147991755146
0.5533821101897345,0.0,-1.2230893127047138,0.5716956836265287,0.0,0.0,-1.2201823075708103,1,-0.9803584246249009,1,0,1,0,1,0,1,0,0,0,0,0,0,1,0,1,0,1,0,1,0,0,1,0,1,0,1,0,0,1,0,1,1,0,1,0,0,1,1,0,0,0,1,1,0,0,-2.1599508359661357,0.4661057880772768
0.6706795288026948,0.0,0.7713086833179049,-1.9375899111105526,0.0,0.0,0.10137532978611936,0,-1.6410158947053213,1,0,1,0,1,0,1,0,0,0,0,0,1,0,1,0,1,0,0,0,0,1,1,0,1,0,1,0,1,0,1,0,1,0,1,0,1,0,1,0,0,1,0,0,1,0,-0.6204127978104712,-1.2724922837533756
-0.32634852940746806,0.0,-0.6653064585325343,-0.023791351794107286,0.0,0.0,0.10137532978611936,1,-0.9326303184213723,1,0,1,0,1,0,1,0,0,0,0,0,0,1,0,1,0,1,0,0,1,0,1,0,0,1,1,0,1,0,1,0,0,1,0,1,1,0,1,0,0,0,1,1,0,0,-1.0002696419888677,1.1935262711358736
-0.9714843317787499,0.0,-0.8229125440718827,0.65579761464225,0.0,0.0,-1.2201823075708103,1,1.0451554158371232,1,0,1,0,1,0,1,0,0,0,0,0,0,1,0,1,0,1,0,0,1,0,0,1,1,0,1,0,1,0,1,0,1,0,1,0,0,1,1,0,0,0,1,1,0,0,-2.4238277074384236,1.1170231370522747
0.3187872729638138,0.0,-1.4591741486566596,0.36963080871589915,0.0,0.0,0.9824137546907391,0,-0.8689928434833344,1,0,1,0,0,1,0,1,1,0,0,0,0,0,1,0,0,1,0,1,0,0,1,0,0,1,1,0,1,0,0,1,1,0,1,0,1,0,1,0,0,1,0,1,0,0,-1.387807982962607,-0.8837846346815965
0.8466256567221353,0.0,-1.0914266157315136,1.1346027292456944,0.0,0.0,-1.2201823075708103,1,1.0334327230853795,1,0,1,0,0,1,0,1,1,0,0,0,0,0,0,1,0,1,0,1,0,0,0,1,1,0,1,0,1,0,1,0,1,0,1,0,0,1,1,0,0,1,0,0,1,0,-2.444126319235917,0.3061960195406613
0.3187872729638138,0.0,0.46452811352320617,0.037855076107910814,0.0,0.0,0.10137532978611936,1,0.845032303860925,1,0,1,0,1,0,1,0,1,0,0,0,0,0,0,1,0,1,0,0,1,0,1,0,1,0,1,0,1,0,0,1,0,1,0,1,0,1,1,0,0,1,0,1,0,0,-0.07784093790075182,1.2460247873236656
1.1398692032545361,0.0,0.2913559948441689,-1.0914725668313427,0.0,0.0,-1.2201823075708103,1,-0.7392058880175991,1,0,0,1,0,1,1,0,1,0,0,0,0,0,1,0,0,1,0,0,1,0,1,0,1,0,1,0,1,0,0,1,1,0,1,0,0,1,1,0,0,0,1,0,1,0,-0.43130854640700256,0.806046628311879
-0.32634852940746806,0.0,-0.7872403847934294,-1.9375899111105526,0.0,0.0,1.863452179595359,0,0.1542307667045918,1,0,1,0,1,0,1,0,0,0,0,0,1,0,1,0,1,0,0,0,0,1,1,0,1,0,1,0,1,0,1,0,1,0,1,0,1,0,0,1,0,1,0,0,1,0,-0.9184956266121244,-1.28117706519956
-0.20905111079450772,0.0,-0.6153654355426996,0.037855076107910814,0.0,0.0,0.10137532978611936,1,-1.4333567659601447,1,0,1,0,1,0,1,0,1,0,0,0,0,0,1,0,0,1,0,1,0,0,1,0,1,0,1,0,1,0,1,0,0,1,0,1,0,1,1,0,0,0,1,0,0,1,-2.896853183484134,0.3353861977914137
-0.7368894945528293,0.0,1.1682425283799676,-1.9375899111105526,0.0,0.0,-0.7796630951185004,1,-0.18656465829253258,1,0,1,0,1,0,1,0,0,0,0,0,0,1,1,0,1,0,0,0,0,1,1,0,1,0,1,0,1,0,1,0,1,0,1,0,1,0,1,0,0,1,0,0,1,0,-3.4314935756269263,-0.6545015416807848
-0.7955382038593094,0.0,-1.4591741486566596,0.65579761464225,0.0,0.0,0.9824137546907391,0,0.030305157614728382,1,0,1,0,0,1,1,0,1,0,0,0,0,0,1,0,0,1,1,0,0,0,0,1,0,1,0,1,1,0,0,1,1,0,1,0,1,0,0,1,0,1,0,1,0,0,-0.99505380658231,-0.7323061099239292
-0.15040240148802755,0.0,-1.4591741486566596,-0.1642097988027183,0.0,0.0,0.10137532978611936,0,-1.3479485759117253,1,0,1,0,1,0,1,0,0,0,0,0,1,0,1,0,0,1,0,1,0,0,0,1,0,1,1,0,0,1,0,1,1,0,1,0,0,1,1,0,0,0,1,1,0,0,-1.6901706901767841,-0.29374368322835254
1.374464040480457,0.0,-0.012830236093914909,-0.1642097988027183,0.0,0.0,1.863452179595359,0,0.8307976055195218,1,0,0,1,0,1,1,0,1,0,0,0,0,0,1,0,0,1,0,0,1,0,1,0,1,0,0,1,1,0,0,1,1,0,1,0,0,1,1,0,0,1,0,1,0,0,0.7435799477225333,0.6492791691492865
-1.0887817503917103,0.0,1.5586905263004933,-1.9375899111105526,0.0,0.0,0.10137532978611936,0,-0.04924168605781907,0,1,1,0,1,0,1,0,1,0,0,0,0,0,1,0,1,0,0,0,0,1,1,0,1,0,1,0,1,0,1,0,1,0,1,0,1,0,1,0,0,0,1,1,0,0,-2.335738426212217,-0.8014084473774034
1.1398692032545361,0.0,0.5384667709367277,0.33012629336122234,0.0,0.0,-0.7796630951185004,1,1.1883397344477087,1,0,0,1,1,0,1,0,1,0,0,0,0,0,0,1,0,1,0,0,1,0,1,0,1,0,1,0,1,0,1,0,0,1,1,0,0,1,1,0,0,0,1,0,1,0,-0.17514578185254226,0.8899028016271501
1.8436537149322982,0.0,-1.300270893689004,-0.33606808855469933,0.0,0.0,-1.2201823075708103,1,0.2764817054013489,1,0,0,1,1,0,1,0,0,0,0,0,0,1,0,1,0,1,0,1,0,0,0,1,1,0,1,0,1,0,1,0,1,0,1,0,0,1,1,0,0,1,0,1,0,0,-1.2818911974829328,-0.025385037344101094
0.08419243573789313,0.0,1.3368745540599287,-1.0914725668313427,0.0,0.0,0.10137532978611936,0,0.1006413141251914,1,0,1,0,1,0,1,0,0,0,0,0,1,0,1,0,0,1,0,0,1,0,1,0,1,0,1,0,0,1,1,0,0,1,0,1,0,1,0,1,0,0,1,0,1,0,0.8219496471944148,0.7331162572465744
-0.5609433666333887,0.0,0.9088086427184886,0.5414890984678798,0.0,0.0,0.10137532978611936,0,0.7445520802745492,1,0,1,0,0,1,0,1,0,1,0,0,0,0,1,0,0,1,0,1,0,0,0,1,0,1,0,1,0,1,1,0,1,0,1,0,0,1,0,0,1,1,0,0,1,0,2.296326638696055,-1.0451074939144849
-1.4406740062305912,0.0,-1.1420162234355018,1.0438898632431284,0.0,0.0,0.10137532978611936,1,0.5670370186052854,0,1,1,0,0,1,0,1,0,0,0,1,0,0,0,1,0,1,0,0,1,0,1,0,1,0,0,1,0,1,0,1,0,1,0,1,0,1,1,0,0,0,1,1,0,0,1.124450784046756,1.0011043754118985
-1.4406740062305912,0.0,1.0930067015381388,-1.9375899111105526,0.0,0.0,1.863452179595359,0,-0.45869859717230016,0,1,1,0,0,1,1,0,0,0,0,0,1,0,1,0,1,0,0,0,0,1,1,0,1,0,1,0,1,0,1,0,1,0,1,0,1,0,0,1,0,1,0,1,0,0,-1.4151782717511006,-1.016244899444573
1.4917614590934172,0.0,0.7693629291754438,0.0949307535196783,0.0,0.0,0.9824137546907391,0,-0.07101240116820048,1,0,0,1,1,0,1,0,0,1,0,0,0,0,0,1,0,1,0,0,1,0,1,0,0,1,1,0,1,0,0,1,0,1,1,0,0,1,0,0,1,0,1,0,1,0,3.0042140760134677,-0.011497227551279163
0.37743598227029396,0.0,-1.3138911726862317,0.4772711516590301,0.0,0.0,0.10137532978611936,1,0.2806683813841146,1,0,1,0,1,0,1,0,0,0,0,0,0,1,1,0,0,1,0,1,0,0,1,0,1,0,1,0,0,1,0,1,1,0,1,0,0,1,1,0,0,0,1,0,1,0,-1.4372479198090495,0.17381351171370404
0.43608469157677415,0.0,-0.09844341836220295,-1.9375899111105526,0.0,0.0,0.9824137546907391,0,1.4462389749860731,1,0,1,0,0,1,0,1,1,0,0,0,0,0,0,1,1,0,0,0,0,1,1,0,1,0,1,0,1,0,1,0,1,0,1,0,1,0,0,0,1,0,1,1,0,0,1.2441311124822279,-2.121463640811838
-0.32634852940746806,0.0,-1.3048109866880797,-1.9375899111105526,0.0,0.0,0.9824137546907391,0,1.8121544558797913,1,0,1,0,1,0,1,0,0,0,1,0,0,0,0,1,1,0,0,0,0,1,1,0,1,0,1,0,1,0,1,0,1,0,1,0,1,0,0,0,1,0,1,0,1,0,0.3754802901501086,-1.9576579939220093
0.025543726431412957,0.0,1.6845159608463105,0.037855076107910814,0.0,0.0,-0.7796630951185004,1,0.2622470070599457,1,0,1,0,0,1,1,0,0,0,0,1,0,0,0,1,0,1,0,0,1,0,1,0,1,0,1,0,1,0,1,0,1,0,1,0,0,1,1,0,0,0,1,1,0,0,1.4164454942597842,0.013119408610485021
-0.9128356224722697,0.0,1.7279711366946082,0.19777251896391848,0.0,0.0,0.10137532978611936,1,-1.5656557270155396,1,0,1,0,1,0,1,0,1,0,0,0,0,0,1,0,0,1,0,0,1,0,1,0,1,0,1,0,1,0,0,1,0,1,0,1,0,1,1,0,0,0,1,1,0,0,-0.6969820879903731,1.1633289453822284
-1.03013304108523,0.0,-0.010884481951453974,1.2654537340011538,0.0,0.0,0.10137532978611936,0,0.6097411136294951,1,0,1,0,0,1,1,0,1,0,0,0,0,0,0,1,0,1,1,0,0,0,0,1,0,1,0,1,0,1,0,1,0,1,0,1,0,1,0,0,1,1,0,1,0,0,2.7370112661527344,-0.29857577888319253
1.3158153311739766,0.0,0.10586076659621156,0.5414890984678798,0.0,0.0,-1.2201823075708103,1,1.1096302259717143,1,0,0,1,0,1,1,0,0,1,0,0,0,0,0,1,0,1,0,0,1,0,1,0,0,1,1,0,1,0,1,0,0,1,1,0,0,1,1,0,0,0,1,1,0,0,2.6662125200426177,-0.2531342695249288
-0.5609433666333887,0.0,-1.0946695393022818,0.24446373527230422,0.0,0.0,0.10137532978611936,1,0.37110058261185275,1,0,1,0,1,0,1,0,1,0,0,0,0,0,0,1,0,1,0,0,1,0,1,0,1,0,0,1,1,0,1,0,1,0,1,0,0,1,1,0,0,1,0,0,1,0,1.6410597819479686,-0.21429483794223717
1.8436537149322982,0.0,1.2823934380710185,-0.33606808855469933,0.0,0.0,-1.2201823075708103,1,-0.007374926230162516,1,0,0,1,1,0,1,0,1,0,0,0,0,0,1,0,0,1,0,0,1,0,1,0,1,0,0,1,1,0,0,1,0,1,1,0,0,1,1,0,0,0,1,1,0,0,1.0688776669446665,0.9597103077480008
-0.03310498287506721,0.0,-0.8281012217851123,0.6819075454764912,0.0,0.0,-0.7796630951185004,1,-1.5907757829121334,1,0,1,0,0,1,0,1,0,0,0,0,0,1,1,0,0,1,0,1,0,0,1,0,1,0,0,1,1,0,1,0,1,0,1,0,0,1,1,0,0,1,0,0,0,1,-3.0547054349783336,0.20816952536865313
1.433112749786937,0.0,0.783631792886825,0.65579761464225,0.0,0.0,0.9824137546907391,0,0.36858857702219333,1,0,0,1,1,0,1,0,0,0,1,0,0,0,1,0,0,1,0,0,1,0,0,1,0,1,1,0,0,1,1,0,0,1,0,1,0,1,0,1,0,0,1,0,1,0,2.3953037298681266,0.2685502074128999
-0.32634852940746806,0.0,1.1202472595325943,-1.9375899111105526,0.0,0.0,0.10137532978611936,0,0.532706275546607,1,0,1,0,1,0,1,0,0,0,0,1,0,0,1,0,1,0,0,0,0,1,1,0,1,0,1,0,1,0,1,0,1,0,1,0,1,0,0,0,1,1,0,0,1,0,-0.2428023776400145,-1.3991705852662728
-1.2647278783111506,0.0,-1.4591741486566596,1.2654537340011538,0.0,0.0,0.10137532978611936,0,-0.23094342370984852,0,1,1,0,1,0,1,0,1,0,0,0,0,0,1,0,0,1,0,1,0,0,0,1,0,1,1,0,0,1,1,0,1,0,0,1,1,0,0,0,1,0,1,0,1,0,-0.7750312872336841,-1.1804899743993569
-1.4406740062305912,0.0,1.2136434583707265,-1.9375899111105526,0.0,0.0,0.9824137546907391,0,-0.7241338544796427,0,1,1,0,1,0,1,0,1,0,0,0,0,0,0,1,1,0,0,0,0,1,1,0,1,0,1,0,1,0,1,0,1,0,1,0,1,0,1,0,0,0,1,1,0,0,0.5266831519367132,-1.563656129533083
-1.6166201341500317,0.0,-0.34749994859722266,1.0597702031126737,0.0,0.0,0.10137532978611936,0,0.570386359391498,0,1,1,0,1,0,1,0,0,0,0,0,1,0,1,0,0,1,0,1,0,0,1,0,0,1,1,0,1,0,1,0,1,0,1,0,1,0,1,0,0,0,1,1,0,0,-0.6427498505501342,-0.2301261064693855
-1.675268843456512,0.0,-1.4591741486566596,1.2157481529951086,0.0,0.0,0.10137532978611936,0,0.12827337561144472,0,1,1,0,0,1,0,1,1,0,0,0,0,0,1,0,0,1,0,1,0,0,0,1,1,0,0,1,1,0,1,0,0,1,0,1,0,1,0,0,1,0,1,0,1,0,0.34771013926540867,-1.7678798829408144
1.3158153311739766,0.0,-1.4591741486566596,-0.869908696073317,0.0,0.0,-0.7796630951185004,1,0.7085466668227646,1,0,0,1,0,1,1,0,1,0,0,0,0,0,1,0,0,1,1,0,0,0,1,0,1,0,1,0,1,0,0,1,0,1,0,1,0,1,1,0,0,0,1,1,0,0,0.03821388304405018,-1.4947457474884802
1.2571666218674964,0.0,-0.6925470165269896,-0.5576319593127251,0.0,0.0,-1.2201823075708103,1,0.5620130074259666,1,0,0,1,1,0,1,0,1,0,0,0,0,0,0,1,0,1,0,0,1,0,0,1,1,0,1,0,1,0,1,0,1,0,1,0,0,1,1,0,0,0,1,1,0,0,0.36816826685155823,0.45136620755006274
-0.5609433666333887,0.0,1.41600188918668,-0.023791351794107286,0.0,0.0,-1.2201823075708103,1,0.8492189798436905,1,0,1,0,1,0,0,1,1,0,0,0,0,0,0,1,0,1,0,0,1,0,1,0,0,1,0,1,1,0,0,1,0,1,0,1,0,1,1,0,0,0,1,1,0,0,2.422030792055486,0.5612328268748854
1.1985179125610164,0.0,-0.869610643490949,0.037855076107910814,0.0,0.0,-1.2201823075708103,1,-0.2108473789925734,1,0,0,1,1,0,1,0,0,0,0,1,0,0,0,1,0,1,0,0,1,0,1,0,0,1,1,0,1,0,0,1,1,0,1,0,0,1,1,0,0,0,1,1,0,0,0.8391319784894749,0.6025723583769933
0.6706795288026948,0.0,0.3808606853973793,-0.33606808855469933,0.0,0.0,-0.7796630951185004,1,1.2126224551477496,1,0,1,0,1,0,1,0,1,0,0,0,0,0,1,0,0,1,0,1,0,0,1,0,1,0,1,0,1,0,1,0,1,0,1,0,1,0,1,0,0,1,0,1,0,0,-2.7895890429251184,0.04118547296856
0.9052743660286154,0.0,1.0968982098230606,-1.9375899111105526,0.0,0.0,0.10137532978611936,0,1.6991142043451186,1,0,1,0,1,0,1,0,0,0,1,0,0,0,0,1,1,0,0,0,0,1,1,0,1,0,1,0,1,0,1,0,1,0,1,0,1,0,0,0,1,1,0,0,0,1,1.1945643901791148,-1.9670681730549546
-0.15040240148802755,0.0,-0.2962617561790806,-1.9375899111105526,0.0,0.0,0.10137532978611936,0,0.21451890085641723,1,0,1,0,0,1,0,1,0,0,1,0,0,0,0,1,1,0,0,0,0,1,1,0,1,0,1,0,1,0,1,0,1,0,1,0,1,0,0,0,1,0,1,0,0,1,1.02560995061911,-2.0667642938920716
-0.8541869131657895,0.0,-0.3818749384473687,-0.6980504063213363,0.0,0.0,0.9824137546907391,0,0.7772081529401214,1,0,1,0,0,1,1,0,1,0,0,0,0,0,0,1,0,1,1,0,0,0,0,1,0,1,0,1,0,1,1,0,0,1,0,1,0,1,0,0,1,0,1,0,0,1,2.291423380959217,-0.4185674460436491
-1.3233765876176309,0.0,-0.21194574333909996,1.120206624171783,0.0,0.0,-0.7796630951185004,1,-0.4344158764722594,0,1,1,0,0,1,1,0,1,0,0,0,0,0,1,0,0,1,0,0,1,0,1,0,0,1,1,0,0,1,0,1,1,0,1,0,0,1,1,0,0,0,1,1,0,0,-0.45362033974686944,1.1032790274574642
-0.32634852940746806,0.0,1.0398227549775356,0.6287713610382961,0.0,0.0,0.9824137546907391,0,-0.29625556904099276,1,0,1,0,0,1,1,0,1,0,0,0,0,0,1,0,0,1,0,1,0,0,0,1,1,0,0,1,0,1,0,1,0,1,0,1,0,1,0,0,1,0,1,1,0,0,1.755516380777884,-0.05329302318205171
1.6677075870128577,0.0,-0.04201654823083124,0.6819075454764912,0.0,0.0,-1.2201823075708103,1,-0.125439188944154,1,0,0,1,1,0,1,0,1,0,0,0,0,0,0,1,0,1,0,0,1,0,1,0,1,0,1,0,1,0,0,1,0,1,1,0,0,1,1,0,0,0,1,1,0,0,-2.037828377064708,1.4906681207600163
1.4917614590934172,0.0,0.44831349566936374,0.7071612569928716,0.0,0.0,-0.7796630951185004,1,1.260350561351278,1,0,0,1,1,0,1,0,0,0,0,0,0,1,1,0,0,1,0,0,1,0,0,1,1,0,1,0,1,0,0,1,1,0,1,0,0,1,1,0,0,0,1,1,0,0,-0.5543987283079014,0.9988749452294601
0.9052743660286154,0.0,1.7402942462635285,-0.33606808855469933,0.0,0.0,0.10137532978611936,1,1.0769741533061423,1,0,1,0,0,1,1,0,1,0,0,0,0,0,0,1,0,1,0,0,1,0,1,0,0,1,1,0,1,0,0,1,0,1,0,1,0,1,1,0,0,0,1,1,0,0,2.7788927531119025,0.17719309515918866
-0.5609433666333887,0.0,-1.4591741486566596,0.19777251896391848,0.0,0.0,0.9824137546907391,0,-0.1497219096441948,1,0,1,0,0,1,1,0,1,0,0,0,0,0,1,0,0,1,1,0,0,0,0,1,1,0,0,1,0,1,0,1,0,1,0,1,0,1,0,0,1,1,0,1,0,0,0.8704275257669523,-1.3514838629594126
0.025543726431412957,0.0,-1.4591741486566596,0.36963080871589915,0.0,0.0,0.10137532978611936,0,1.6865541763968217,1,0,1,0,0,1,0,1,1,0,0,0,0,0,1,0,0,1,0,1,0,0,0,1,1,0,0,1,1,0,1,0,0,1,0,1,0,1,0,1,0,1,0,1,0,0,-0.14472004011382686,-1.4037627410307498
-0.32634852940746806,0.0,-1.1160728348693538,0.7071612569928716,0.0,0.0,0.10137532978611936,0,0.5528023202638822,1,0,1,0,0,1,0,1,0,0,1,0,0,0,1,0,0,1,1,0,0,0,0,1,0,1,1,0,0,1,1,0,1,0,1,0,0,1,1,0,0,1,0,0,1,0,1.1372460207243804,-0.7652293243805466
1.9023024242387783,0.0,0.5585728970754922,-0.6980504063213363,0.0,0.0,0.10137532978611936,0,0.5586636666397541,1,0,0,1,0,1,1,0,1,0,0,0,0,0,0,1,0,1,0,0,1,0,1,0,0,1,1,0,1,0,0,1,0,1,1,0,0,1,0,0,1,0,1,1,0,0,2.5685617537024346,0.22892688438749415
0.37743598227029396,0.0,-0.3260966530301508,-0.43890985399893934,0.0,0.0,-0.7796630951185004,1,-1.0967480169457862,1,0,1,0,0,1,1,0,1,0,0,0,0,0,1,0,0,1,0,0,1,0,1,0,0,1,0,1,0,1,0,1,1,0,1,0,0,1,1,0,0,0,1,0,1,0,-0.08477407710478066,1.1852240735157746
-1.1474304596981904,0.0,0.6201884449200936,1.120206624171783,0.0,0.0,0.9824137546907391,0,0.6114157840226013,0,1,1,0,1,0,0,1,0,0,0,0,0,1,1,0,0,1,1,0,0,0,0,1,1,0,1,0,1,0,1,0,0,1,0,1,0,1,1,0,0,0,1,0,1,0,-1.9336192596313895,0.4535971463023979
-0.7368894945528293,0.0,-1.4591741486566596,-0.6980504063213363,0.0,0.0,0.10137532978611936,1,-0.17316729514768248,1,0,1,0,1,0,1,0,0,0,0,1,0,0,1,0,0,1,0,1,0,0,1,0,1,0,0,1,1,0,0,1,0,1,0,1,0,1,1,0,0,0,1,1,0,0,-0.3965131092670831,-0.9433872035256894
-1.4993227155370714,0.0,-0.5997994024030109,1.0438898632431284,0.0,0.0,0.9824137546907391,0,1.4747083716688796,0,1,1,0,0,1,0,1,0,0,1,0,0,0,0,1,0,1,0,0,1,0,0,1,1,0,0,1,0,1,0,1,0,1,0,1,0,1,0,0,1,1,0,1,0,0,2.7872134702457267,0.37916358715027665
-0.20905111079450772,0.0,-1.4591741486566596,-0.09080483414810245,0.0,0.0,0.10137532978611936,1,-0.8606194915178031,1,0,1,0,0,1,1,0,1,0,0,0,0,0,1,0,0,1,0,1,0,0,1,0,1,0,1,0,1,0,1,0,1,0,1,0,0,1,1,0,0,0,1,1,0,0,-1.9753354497564422,-1.2325713872749933
1.6090588777063775,0.0,0.21287724443157174,0.65579761464225,0.0,0.0,0.10137532978611936,1,0.679239934943405,1,0,0,1,0,1,1,0,1,0,0,0,0,0,0,1,0,1,0,0,1,0,1,0,1,0,0,1,1,0,0,1,0,1,0,1,1,0,1,0,0,0,1,1,0,0,1.4197103803485251,0.8226431510954336
-1.1474304596981904,0.0,-0.08028304636589936,1.1346027292456944,0.0,0.0,0.9824137546907391,0,1.1992250920028993,0,1,1,0,0,1,1,0,1,0,0,0,0,0,0,1,0,1,0,0,1,0,0,1,0,1,1,0,0,1,0,1,0,1,0,1,0,1,0,0,1,0,1,0,1,0,3.08357565256851,0.2367971013026341
-0.4436459480204284,0.0,-1.4591741486566596,-1.0914725668313427,0.0,0.0,0.9824137546907391,0,1.2829586116582126,1,0,1,0,1,0,1,0,1,0,0,0,0,0,1,0,0,1,1,0,0,0,1,0,1,0,1,0,1,0,1,0,1,0,1,0,0,1,1,0,0,1,0,1,0,0,-4.239925202554006,-0.5408338547582682
1.374464040480457,0.0,-0.7736201057962018,0.65579761464225,0.0,0.0,0.9824137546907391,0,1.1447983042269458,1,0,0,1,1,0,0,1,0,0,1,0,0,0,1,0,0,1,0,0,1,0,0,1,1,0,1,0,1,0,0,1,0,1,1,0,0,1,0,1,0,1,0,0,1,0,2.176417591794769,0.13475669931415996
-0.7368894945528293,0.0,0.7972520718840528,-1.9375899111105526,0.0,0.0,-0.7796630951185004,1,1.3097533379479127,1,0,1,0,1,0,1,0,1,0,0,0,0,0,1,0,1,0,0,0,0,1,1,0,1,0,1,0,1,0,1,0,1,0,1,0,1,0,1,0,0,0,1,0,1,0,-3.523993376661701,-0.68035139790915
-1.4993227155370714,0.0,-1.0862379380182838,1.1346027292456944,0.0,0.0,-0.7796630951185004,1,-1.2993831345116438,0,1,1,0,1,0,1,0,0,0,1,0,0,0,1,0,0,1,0,1,0,0,0,1,0,1,0,1,0,1,1,0,0,1,0,1,0,1,0,1,0,1,0,0,1,0,1.185561271596176,-0.20190371330072437
-0.4436459480204284,0.0,-1.4591741486566596,0.5716956836265287,0.0,0.0,0.9824137546907391,0,-0.17567930073734186,1,0,1,0,0,1,0,1,1,0,0,0,0,0,1,0,0,1,1,0,0,0,0,1,0,1,0,1,1,0,1,0,0,1,0,1,0,1,1,0,0,0,1,1,0,0,-0.013913460195228574,-1.2975285309331488
0.8466256567221353,0.0,-1.252924209555784,-1.9375899111105526,0.0,0.0,1.863452179595359,0,0.692637298088255,1,0,1,0,0,1,0,1,1,0,0,0,0,0,1,0,1,0,0,0,0,1,1,0,1,0,1,0,1,0,1,0,1,0,1,0,1,0,0,0,1,1,0,0,1,0,0.11376886584518302,-1.9899468454519278
0.025543726431412957,0.0,-0.7671342586546648,-1.9375899111105526,0.0,0.0,1.863452179595359,0,1.4035348799618634,1,0,1,0,0,1,0,1,0,0,1,0,0,0,1,0,1,0,0,0,0,1,1,0,1,0,1,0,1,0,1,0,1,0,1,0,1,0,0,0,1,1,0,0,0,1,0.6776246829093254,-2.1668288038527734
0.6120308194962146,0.0,-0.7632427503697425,0.4772711516590301,0.0,0.0,0.10137532978611936,1,-1.5170902856154578,1,0,1,0,0,1,1,0,1,0,0,0,0,0,0,1,0,1,0,0,1,0,1,0,1,0,0,1,0,1,1,0,1,0,1,0,0,1,1,0,0,0,1,1,0,0,1.5044771586740933,0.11535900350990785
-0.5022946573269086,0.0,-0.47073104428642515,0.24446373527230422,0.0,0.0,0.10137532978611936,0,0.973144588933554,1,0,1,0,0,1,1,0,0,0,1,0,0,0,1,0,0,1,0,1,0,0,0,1,1,0,1,0,1,0,0,1,1,0,1,0,0,1,0,1,0,0,1,0,1,0,1.7323844011554166,-0.9669283293543948
-0.6195920759398689,0.0,0.11753529145097809,0.24446373527230422,0.0,0.0,-1.2201823075708103,1,0.7906055160849714,1,0,1,0,1,0,1,0,0,0,0,0,0,1,1,0,0,1,0,0,1,0,1,0,1,0,0,1,1,0,1,0,1,0,1,0,0,1,1,0,0,0,1,1,0,0,-1.7125596902078082,0.8774805885539445
-1.03013304108523,0.0,-1.4591741486566596,1.2157481529951086,0.0,0.0,1.863452179595359,0,0.3644019010394277,1,0,1,0,1,0,1,0,1,0,0,0,0,0,1,0,0,1,1,0,0,0,1,0,1,0,1,0,0,1,1,0,1,0,1,0,0,1,1,0,0,0,1,1,0,0,-1.305444908648334,-1.2671558612228664
-0.8541869131657895,0.0,1.6968390704152305,0.44303577337051536,0.0,0.0,0.10137532978611936,1,0.7646481249918243,1,0,1,0,1,0,1,0,1,0,0,0,0,0,1,0,0,1,0,0,1,0,1,0,1,0,1,0,1,0,0,1,1,0,1,0,0,1,1,0,0,1,0,1,0,0,-1.5483237219713963,0.9861771681574087
1.0225717846415758,0.0,0.5254950766536538,-1.0914725668313427,0.0,0.0,0.9824137546907391,0,-0.981195759821454,1,0,0,1,0,1,1,0,1,0,0,0,0,0,0,1,0,1,0,1,0,0,0,1,1,0,1,0,0,1,0,1,1,0,1,0,0,1,0,1,0,0,1,0,1,0,0.7273430879416173,0.061036725365152256
1.0225717846415758,0.0,-0.09779483364804939,0.4772711516590301,0.0,0.0,-1.2201823075708103,1,1.0409687398543577,1,0,0,1,1,0,1,0,0,0,0,0,0,1,0,1,0,1,0,0,1,0,1,0,1,0,1,0,1,0,0,1,0,1,0,1,0,1,1,0,0,0,1,1,0,0,-1.4793437077783211,1.4204066862992553
-0.7368894945528293,0.0,1.1079241499636736,0.65579761464225,0.0,0.0,0.10137532978611936,1,-1.8830057665091762,1,0,1,0,1,0,1,0,1,0,0,0,0,0,1,0,0,1,0,1,0,0,1,0,1,0,0,1,1,0,1,0,1,0,1,0,0,1,1,0,0,0,1,1,0,0,-2.6894861233469793,0.21546537441202923
0.43608469157677415,0.0,-1.1601765954318053,0.037855076107910814,0.0,0.0,0.10137532978611936,0,0.628162487953664,1,0,1,0,1,0,1,0,1,0,0,0,0,0,0,1,0,1,0,0,1,0,0,1,1,0,0,1,0,1,0,1,0,1,0,1,0,1,0,1,0,0,1,1,0,0,1.3738490259963552,1.0537805364151371
-1.3233765876176309,0.0,1.0268510606944614,0.9410480977988882,0.0,0.0,0.10137532978611936,0,0.219542912035736,0,1,1,0,1,0,1,0,1,0,0,0,0,0,1,0,0,1,0,0,1,0,0,1,0,1,0,1,1,0,0,1,0,1,0,1,0,1,0,1,0,0,1,1,0,0,2.2233883147602174,0.7368429834958399
-0.9714843317787499,0.0,-1.0122992806047624,0.037855076107910814,0.0,0.0,-0.7796630951185004,1,0.011883783290559499,1,0,1,0,1,0,1,0,1,0,0,0,0,0,0,1,0,1,0,0,1,0,1,0,1,0,1,0,1,0,0,1,1,0,1,0,0,1,1,0,0,1,0,1,0,0,-2.4379265711574676,1.1932179657812754
-0.8541869131657895,0.0,0.490471502089354,0.36963080871589915,0.0,0.0,-0.7796630951185004,1,1.1121422315613738,1,0,1,0,1,0,1,0,1,0,0,0,0,0,1,0,0,1,0,0,1,0,1,0,1,0,1,0,1,0,0,1,0,1,0,1,0,1,1,0,0,0,1,1,0,0,1.3451566192425872,0.5611921777721521
-1.03013304108523,0.0,-1.1472049011487313,1.2654537340011538,0.0,0.0,0.10137532978611936,0,-0.6579843739519454,1,0,1,0,1,0,1,0,0,0,0,0,0,1,0,1,0,1,0,0,1,0,1,0,0,1,1,0,1,0,0,1,0,1,0,1,0,1,1,0,0,0,1,0,1,0,-0.2763484842559912,1.2926793927191005
0.6706795288026948,0.0,-0.4824055691411917,-0.023791351794107286,0.0,0.0,0.10137532978611936,0,-0.981195759821454,1,0,1,0,0,1,0,1,1,0,0,0,0,0,1,0,0,1,0,1,0,0,0,1,1,0,1,0,1,0,1,0,1,0,1,0,0,1,1,0,0,1,0,0,1,0,0.8156735022593947,-0.7868298047987347
1.5504101683998974,0.0,-0.5005659411374953,-0.09080483414810245,0.0,0.0,0.10137532978611936,0,-0.9803584246249009,1,0,0,1,1,0,1,0,1,0,0,0,0,0,0,1,0,1,0,1,0,0,1,0,0,1,1,0,0,1,1,0,1,0,1,0,0,1,0,0,1,1,0,1,0,0,1.2680625011924203,-0.7033513937369973
-0.9714843317787499,0.0,0.5352238473659592,-0.5576319593127251,0.0,0.0,-1.2201823075708103,1,0.05709988390442858,1,0,1,0,0,1,1,0,0,1,0,0,0,0,1,0,0,1,0,0,1,0,0,1,0,1,1,0,1,0,1,0,0,1,0,1,0,1,0,1,0,0,1,0,1,0,2.70864363999118,-0.20026314205489723
-0.5022946573269086,0.0,-1.2179006349914845,-0.023791351794107286,0.0,0.0,0.10137532978611936,0,1.6982768691485655,1,0,1,0,0,1,1,0,0,0,1,0,0,0,0,1,0,1,0,0,1,0,1,0,1,0,0,1,1,0,0,1,0,1,0,1,0,1,0,1,0,0,1,0,1,0,2.142119669153169,0.26197071960716534
0.9639230753350957,0.0,-1.4591741486566596,0.6007621217270765,0.0,0.0,-1.2201823075708103,1,0.3970579737049998,1,0,1,0,0,1,1,0,0,0,0,0,0,1,1,0,0,1,0,1,0,0,1,0,1,0,1,0,0,1,0,1,1,0,1,0,0,1,1,0,0,1,0,0,0,1,-2.258525068115745,-0.48714427929908966
1.5504101683998974,0.0,-0.4655423665731956,0.44303577337051536,0.0,0.0,0.10137532978611936,1,0.22624159360816107,1,0,0,1,1,0,1,0,0,0,0,0,0,1,1,0,0,1,0,0,1,0,1,0,1,0,1,0,1,0,1,0,1,0,1,0,0,1,1,0,0,0,1,1,0,0,-2.0066134241196605,0.7010516502418542
-1.0887817503917103,0.0,0.9243746758581775,1.2654537340011538,0.0,0.0,0.10137532978611936,1,1.0083126671887854,0,1,1,0,0,1,1,0,1,0,0,0,0,0,0,1,0,1,0,0,1,0,1,0,0,1,1,0,1,0,0,1,1,0,0,1,0,1,1,0,0,0,1,1,0,0,2.712748619750573,-0.12109278365062286
-0.09175369218154737,0.0,0.14283009530297233,-1.9375899111105526,0.0,0.0,0.10137532978611936,0,0.7721841417608025,1,0,1,0,0,1,0,1,1,0,0,0,0,0,1,0,1,0,0,0,0,1,1,0,1,0,1,0,1,0,1,0,1,0,1,0,1,0,0,0,1,1,0,1,0,0,0.7127250172823384,-2.0180854600374727
0.025543726431412957,0.0,-1.4591741486566596,0.36963080871589915,0.0,0.0,0.9824137546907391,0,-0.17232995995112935,1,0,1,0,0,1,0,1,1,0,0,0,0,0,1,0,0,1,0,1,0,0,0,1,1,0,0,1,0,1,0,1,0,1,0,1,0,1,0,0,1,0,1,1,0,0,0.5998854265797399,-1.2076592513972282
1.6677075870128577,0.0,1.5282070447352696,0.33012629336122234,0.0,0.0,0.9824137546907391,0,1.0644141253578452,1,0,0,1,0,1,1,0,0,0,0,1,0,0,0,1,0,1,0,0,1,0,0,1,1,0,1,0,1,0,0,1,1,0,1,0,0,1,0,0,1,1,0,1,0,0,1.4877759509963109,0.5188503248447952
-0.3849972387139482,0.0,0.9801529612753954,-1.9375899111105526,0.0,0.0,-1.2201823075708103,1,-0.176516635933895,1,0,1,0,0,1,1,0,0,0,0,0,0,1,1,0,1,0,0,0,0,1,1,0,1,0,1,0,1,0,1,0,1,0,1,0,1,0,1,0,0,0,1,0,1,0,-2.593560413614192,-0.7536164202943486
0.9639230753350957,0.0,-1.2341152528453267,0.44303577337051536,0.0,0.0,0.9824137546907391,0,1.4621483437205827,1,0,1,0,0,1,0,1,1,0,0,0,0,0,1,0,0,1,0,0,1,0,0,1,0,1,0,1,1,0,1,0,1,0,1,0,0,1,0,1,0,1,0,1,0,0,2.131518646911295,-0.40803810261163614
0.025543726431412957,0.0,-1.190660076997029,0.7071612569928716,0.0,0.0,0.10137532978611936,1,1.1004195388096298,1,0,1,0,0,1,1,0,1,0,0,0,0,0,0,1,0,1,0,0,1,0,1,0,1,0,1,0,1,0,1,0,0,1,0,1,0,1,1,0,0,0,1,1,0,0,-1.2538470103827168,1.0483431638224852
0.9052743660286154,0.0,0.5209549836545779,0.6007621217270765,0.0,0.0,1.863452179595359,0,0.8299602703229686,1,0,1,0,1,0,1,0,1,0,0,0,0,0,1,0,0,1,0,1,0,0,1,0,1,0,1,0,1,0,1,0,0,1,0,1,0,1,1,0,0,0,1,0,1,0,-0.8331923021920057,0.045478804088679284
-0.9128356224722697,0.0,-1.1180185890118148,0.36963080871589915,0.0,0.0,-0.7796630951185004,1,0.660818560619236,1,0,1,0,0,1,0,1,1,0,0,0,0,0,1,0,0,1,0,1,0,0,1,0,0,1,1,0,0,1,1,0,1,0,1,0,1,0,1,0,0,1,0,1,0,0,-0.13971442631426018,-0.311765018556806
0.9639230753350957,0.0,0.6480775876287026,0.5100492557245105,0.0,0.0,-1.2201823075708103,1,1.0217100303336355,1,0,1,0,1,0,1,0,1,0,0,0,0,0,1,0,0,1,0,0,1,0,1,0,1,0,1,0,1,0,0,1,0,1,0,1,0,1,1,0,0,0,1,1,0,0,1.0769737818805738,0.6961623398421579
-0.3849972387139482,0.0,1.0729005753993741,-1.9375899111105526,0.0,0.0,0.9824137546907391,0,0.7981415328539496,1,0,1,0,0,1,0,1,0,0,0,0,0,1,1,0,1,0,0,0,0,1,1,0,1,0,1,0,1,0,1,0,1,0,1,0,1,0,1,0,0,1,0,0,1,0,-2.251348041085822,-0.8588819408042616
-1.0887817503917103,0.0,1.259692973075639,1.1346027292456944,0.0,0.0,0.9824137546907391,0,0.029467822418175253,0,1,1,0,1,0,1,0,1,0,0,0,0,0,0,1,0,1,0,0,1,0,1,0,0,1,0,1,0,1,0,1,0,1,0,1,0,1,0,0,1,0,1,1,0,0,3.254582116688645,0.3311248740876612
0.14284114504437329,0.0,-0.9117686499109393,0.44303577337051536,0.0,0.0,0.9824137546907391,0,-1.0029664749318354,1,0,1,0,0,1,0,1,1,0,0,0,0,0,1,0,0,1,1,0,0,0,1,0,0,1,0,1,0,1,1,0,0,1,0,1,0,1,1,0,0,0,1,0,1,0,-0.17916662238977285,0.27542474621806673
0.08419243573789313,0.0,-1.049268609311523,-0.023791351794107286,0.0,0.0,-1.2201823075708103,1,-0.1388365520890041,1,0,1,0,1,0,1,0,1,0,0,0,0,0,0,1,0,1,0,0,1,0,1,0,1,0,1,0,1,0,1,0,1,0,1,0,0,1,1,0,0,0,1,1,0,0,-1.0488765565598777,0.6696696927765254
-0.09175369218154737,0.0,0.7706600986037514,0.40720749028027037,0.0,0.0,-1.2201823075708103,1,-1.0339478772043011,1,0,1,0,1,0,1,0,1,0,0,0,0,0,1,0,0,1,0,0,1,0,1,0,0,1,1,0,0,1,1,0,1,0,1,0,1,0,1,0,0,0,1,1,0,0,1.214674968470521,0.19245973630149474
0.6120308194962146,0.0,0.43728755552875076,0.44303577337051536,0.0,0.0,0.10137532978611936,1,-0.15055924484074792,1,0,1,0,0,1,1,0,0,1,0,0,0,0,0,1,0,1,0,0,1,0,0,1,0,1,0,1,1,0,0,1,0,1,0,1,0,1,0,1,0,0,1,1,0,0,3.0426113365853418,0.4124260185301782
0.20148985435085345,0.0,0.05591974360637691,0.4772711516590301,0.0,0.0,1.863452179595359,0,-0.029145641340543926,1,0,1,0,0,1,0,1,1,0,0,0,0,0,0,1,0,1,0,1,0,0,1,0,0,1,1,0,1,0,1,0,1,0,1,0,0,1,1,0,0,0,1,0,1,0,-0.7770357212764565,0.03199143523105882
1.9023024242387783,0.0,-1.0486200245973691,0.14806693795787343,0.0,0.0,-0.7796630951185004,1,-1.2834737657771342,1,0,0,1,0,1,0,1,0,0,0,1,0,0,0,1,0,1,0,0,1,0,1,0,1,0,1,0,1,0,1,0,1,0,1,0,0,1,1,0,0,0,1,1,0,0,1.0522283459576054,-0.017527228658541134
1.4917614590934172,0.0,1.611225888146943,-0.33606808855469933,0.0,0.0,0.9824137546907391,0,-1.267564397042625,1,0,0,1,1,0,1,0,0,0,0,0,1,0,0,1,0,1,0,1,0,0,0,1,0,1,1,0,1,0,1,0,1,0,1,0,0,1,0,0,1,0,1,0,1,0,0.19289763471030427,-0.09827001697450444
0.7879769474156552,0.0,-1.4591741486566596,0.6287713610382961,0.0,0.0,-1.2201823075708103,1,1.6924155227726936,1,0,1,0,0,1,1,0,1,0,0,0,0,0,1,0,0,1,0,1,0,0,0,1,1,0,0,1,0,1,1,0,0,1,0,1,0,1,0,0,1,1,0,1,0,0,0.33627684347133907,-1.5590901999217839
-0.8541869131657895,0.0,0.5177120600838093,0.0949307535196783,0.0,0.0,0.10137532978611936,1,-1.5589570454431145,1,0,1,0,1,0,1,0,0,0,0,1,0,0,0,1,0,1,0,0,1,0,1,0,0,1,0,1,1,0,0,1,0,1,0,1,1,0,1,0,0,0,1,1,0,0,1.5129655976880143,1.0622061049185552
1.1398692032545361,0.0,0.5968393952105604,-0.43890985399893934,0.0,0.0,-1.2201823075708103,1,-1.1252174136285926,1,0,0,1,0,1,1,0,1,0,0,0,0,0,0,1,0,1,1,0,0,0,1,0,1,0,1,0,1,0,0,1,0,1,0,1,0,1,1,0,0,0,1,1,0,0,0.40759816126956655,1.1050572720866785
-1.675268843456512,0.0,-0.6030423259737794,-1.9375899111105526,0.0,0.0,0.10137532978611936,1,1.8071304447004726,0,1,1,0,0,1,1,0,0,0,1,0,0,0,0,1,1,0,0,0,0,1,1,0,1,0,1,0,1,0,1,0,1,0,1,0,1,0,0,0,1,0,1,0,1,0,0.6685339243669657,-1.8662348920942704
0.5533821101897345,0.0,-0.8540446103512602,-1.9375899111105526,0.0,0.0,0.9824137546907391,0,0.09477996774931947,1,0,1,0,0,1,0,1,0,0,1,0,0,0,1,0,1,0,0,0,0,1,1,0,1,0,1,0,1,0,1,0,1,0,1,0,1,0,0,1,0,1,0,0,1,0,-0.06846564109119063,-1.712824249189413
0.6706795288026948,0.0,-0.595259309403935,0.44303577337051536,0.0,0.0,0.10137532978611936,0,0.34765519710836507,1,0,1,0,0,1,0,1,1,0,0,0,0,0,1,0,0,1,0,1,0,0,1,0,1,0,1,0,1,0,0,1,0,1,0,1,0,1,0,1,0,0,1,1,0,0,-0.32245511171373864,0.1928490964378255
0.729328238109175,0.0,0.32378523055185376,0.44303577337051536,0.0,0.0,0.9824137546907391,0,-1.8143442803918195,1,0,1,0,0,1,0,1,1,0,0,0,0,0,0,1,0,1,1,0,0,0,1,0,0,1,1,0,0,1,0,1,1,0,1,0,0,1,1,0,0,0,1,0,1,0,0.6026131754142796,0.10395511697280578
1.1398692032545361,0.0,0.19147394886449962,0.33012629336122234,0.0,0.0,-0.7796630951185004,1,-1.741496118291697,1,0,0,1,1,0,1,0,0,0,0,1,0,0,0,1,0,1,0,0,1,0,1,0,1,0,1,0,1,0,0,1,0,1,1,0,0,1,1,0,0,0,1,0,1,0,1.4741435139219998,0.6938151116674747
0.37743598227029396,0.0,0.4723111300930506,0.0949307535196783,0.0,0.0,-1.2201823075708103,1,-1.2843111009736874,1,0,1,0,1,0,1,0,0,0,0,0,0,1,1,0,0,1,0,0,1,0,1,0,1,0,1,0,1,0,1,0,1,0,1,0,0,1,1,0,0,1,0,0,1,0,-2.3975534125062383,0.77278525964406
1.8436537149322982,0.0,0.9483723102818641,-0.6980504063213363,0.0,0.0,0.10137532978611936,1,1.2452785278133216,1,0,0,1,0,1,1,0,0,0,1,0,0,0,0,1,0,1,0,0,1,0,1,0,0,1,1,0,1,0,0,1,1,0,1,0,1,0,1,0,0,0,1,1,0,0,2.1544186501989753,0.07433359232076098
-1.3233765876176309,0.0,1.056037372831378,0.9591705620964788,0.0,0.0,0.10137532978611936,0,1.0133366783681044,0,1,1,0,1,0,1,0,0,0,1,0,0,0,0,1,0,1,0,0,1,0,0,1,0,1,0,1,0,1,0,1,0,1,0,1,0,1,0,1,0,0,1,1,0,0,3.0466197296698105,0.7537440360092121
0.43608469157677415,0.0,-0.8559903644937212,0.037855076107910814,0.0,0.0,0.10137532978611936,0,1.4579616677378169,1,0,1,0,0,1,0,1,1,0,0,0,0,0,0,1,0,1,0,1,0,0,0,1,0,1,0,1,0,1,0,1,1,0,1,0,0,1,0,0,1,0,1,1,0,0,2.404395906131319,-0.6043309537806169
-1.0887817503917103,0.0,0.6169455213493249,-1.9375899111105526,0.0,0.0,-1.2201823075708103,1,-1.8151816155883727,0,1,1,0,1,0,1,0,0,0,0,0,0,1,1,0,1,0,0,0,0,1,1,0,1,0,1,0,1,0,1,0,1,0,1,0,1,0,1,0,0,1,0,0,0,1,-2.562098622239145,-0.784463147808438
-0.8541869131657895,0.0,-0.36890324416429476,-1.9375899111105526,0.0,0.0,-1.2201823075708103,1,1.190014404840815,1,0,1,0,1,0,1,0,0,0,0,0,0,1,1,0,1,0,0,0,0,1,1,0,1,0,1,0,1,0,1,0,1,0,1,0,1,0,1,0,0,1,0,0,1,0,-3.742756570686663,-0.642421331912773
-1.2060791690046706,0.0,-0.7846460459368145,1.0597702031126737,0.0,0.0,0.10137532978611936,0,1.2528145445822998,0,1,1,0,1,0,1,0,1,0,0,0,0,0,1,0,0,1,0,0,1,0,0,1,1,0,0,1,0,1,0,1,0,1,0,1,0,1,1,0,0,0,1,1,0,0,1.119960020486154,1.1064811711705895
0.20148985435085345,0.0,-1.212063372564101,-0.24535522255213305,0.0,0.0,1.863452179595359,0,0.17516414661842006,1,0,1,0,0,1,1,0,1,0,0,0,0,0,1,0,0,1,0,0,1,0,1,0,1,0,1,0,0,1,0,1,0,1,0,1,0,1,1,0,0,0,1,0,1,0,0.7320274927130916,0.7993699834684549
0.20148985435085345,0.0,0.7401766170385272,0.0949307535196783,0.0,0.0,-1.2201823075708103,1,-1.377255307791085,1,0,1,0,1,0,1,0,1,0,0,0,0,0,1,0,0,1,0,1,0,0,0,1,1,0,0,1,0,1,1,0,1,0,1,0,0,1,0,1,0,0,1,0,1,0,1.5498865011613132,-0.6987454711694674
0.2601385636573336,0.0,-0.9636554270432349,0.6287713610382961,0.0,0.0,-0.7796630951185004,1,-1.677021308157106,1,0,1,0,1,0,1,0,0,0,0,0,0,1,1,0,0,1,0,0,1,0,1,0,1,0,1,0,1,0,1,0,1,0,1,0,0,1,1,0,0,1,0,1,0,0,-2.0940582293180725,0.6829660294342811
0.025543726431412957,0.0,0.32962249297923707,0.24446373527230422,0.0,0.0,-1.2201823075708103,1,0.6197891359881327,1,0,1,0,1,0,1,0,0,0,0,0,0,1,1,0,0,1,0,0,1,0,1,0,1,0,1,0,1,0,1,0,1,0,1,0,0,1,1,0,0,1,0,1,0,0,-2.4103498024977426,0.7841948738676329
0.6120308194962146,0.0,-1.4591741486566596,0.33012629336122234,0.0,0.0,0.10137532978611936,0,-0.7542779215555555,1,0,1,0,1,0,1,0,0,0,0,0,0,1,1,0,0,1,0,1,0,0,1,0,1,0,1,0,0,1,1,0,1,0,1,0,0,1,1,0,0,0,1,1,0,0,-3.2884543797728822,-0.5783322425165823
-0.7368894945528293,0.0,0.7524997266074478,0.0949307535196783,0.0,0.0,0.9824137546907391,0,-0.10869248501309138,1,0,1,0,0,1,1,0,0,0,1,0,0,0,1,0,0,1,0,0,1,0,0,1,0,1,0,1,1,0,0,1,0,1,0,1,0,1,0,1,0,0,1,0,1,0,2.645881244291769,0.4681071100090421
1.8436537149322982,0.0,1.5528532638731098,0.0949307535196783,0.0,0.0,0.10137532978611936,0,0.4230153647981469,1,0,0,1,0,1,1,0,1,0,0,0,0,0,0,1,0,1,0,0,1,0,1,0,1,0,1,0,1,0,0,1,0,1,1,0,0,1,0,0,1,0,1,1,0,0,0.7967653657360608,0.9959165763605552
1.9023024242387783,0.0,0.48398565494781715,-0.33606808855469933,0.0,0.0,-1.2201823075708103,1,-1.702978699250253,1,0,0,1,1,0,1,0,1,0,0,0,0,0,0,1,0,1,0,0,1,0,1,0,0,1,0,1,1,0,0,1,0,1,1,0,0,1,1,0,0,0,1,1,0,0,0.6698340225259207,1.3579783299987478
0.5533821101897345,0.0,-0.5582899806971743,-1.9375899111105526,0.0,0.0,1.863452179595359,0,1.2042491031822182,1,0,1,0,1,0,1,0,0,0,1,0,0,0,1,0,1,0,0,0,0,1,1,0,1,0,1,0,1,0,1,0,1,0,1,0,1,0,0,0,1,0,1,1,0,0,0.5150464426699474,-2.0217819112343607
1.081220493948056,0.0,0.025436262041153214,0.037855076107910814,0.0,0.0,0.10137532978611936,0,-0.17149262475457622,1,0,0,1,0,1,1,0,1,0,0,0,0,0,0,1,0,1,0,0,1,0,1,0,0,1,0,1,1,0,0,1,1,0,1,0,0,1,1,0,0,0,1,1,0,0,1.8510764467312313,0.46170416749899434
-0.03310498287506721,0.0,-0.3896579550172131,-0.24535522255213305,0.0,0.0,-1.2201823075708103,1,0.37444992339806527,1,0,1,0,0,1,1,0,1,0,0,0,0,0,1,0,0,1,0,0,1,0,1,0,1,0,1,0,1,0,1,0,1,0,1,0,0,1,1,0,0,0,1,1,0,0,0.32911209217154247,0.1939285978937616
-0.32634852940746806,0.0,0.3387026789773888,0.5414890984678798,0.0,0.0,-1.2201823075708103,1,-1.4802475369671202,1,0,1,0,1,0,1,0,1,0,0,0,0,0,1,0,0,1,0,0,1,0,1,0,1,0,0,1,0,1,1,0,0,1,0,1,0,1,1,0,0,0,1,1,0,0,1.5183193199034715,0.35479376846725286
1.5504101683998974,0.0,-0.7256248369488281,0.5414890984678798,0.0,0.0,0.10137532978611936,1,0.3777992641842778,1,0,0,1,1,0,1,0,1,0,0,0,0,0,1,0,0,1,0,0,1,0,1,0,1,0,1,0,1,0,0,1,0,1,1,0,0,1,1,0,0,1,0,0,1,0,0.1789671985523019,0.9218965199086744
-0.7368894945528293,0.0,-1.3884784148139067,0.33012629336122234,0.0,0.0,-0.7796630951185004,1,0.1466947499356136,1,0,1,0,0,1,1,0,0,0,0,0,1,0,0,1,0,1,0,0,1,0,1,0,1,0,0,1,1,0,0,1,0,1,0,1,0,1,1,0,0,0,1,1,0,0,-0.42635115051597366,1.2043068036996276
0.14284114504437329,0.0,-1.359940687391144,1.1896382221608675,0.0,0.0,0.9824137546907391,0,-1.2985457993150906,1,0,1,0,0,1,0,1,0,0,0,1,0,0,1,0,0,1,0,0,1,0,1,0,0,1,1,0,0,1,0,1,1,0,1,0,0,1,0,1,0,0,1,1,0,0,0.9478018281307306,0.3793129504859981
0.37743598227029396,0.0,-1.3164855115428464,0.7071612569928716,0.0,0.0,-0.7796630951185004,1,-0.12292718335449461,1,0,1,0,0,1,1,0,1,0,0,0,0,0,1,0,0,1,0,0,1,0,1,0,1,0,1,0,1,0,1,0,1,0,1,0,0,1,1,0,0,0,1,1,0,0,-2.90641080065471,0.7250279190686515
-0.09175369218154737,0.0,0.28811307127340063,-0.023791351794107286,0.0,0.0,0.10137532978611936,1,1.6488740925519307,1,0,1,0,0,1,1,0,0,0,1,0,0,0,0,1,0,1,0,0,1,0,1,0,0,1,1,0,0,1,0,1,1,0,1,0,0,1,0,0,1,0,1,1,0,0,2.5350801669095198,0.026079436380958734
0.7879769474156552,0.0,1.7318626449795307,-1.9375899111105526,0.0,0.0,0.10137532978611936,1,-0.050079021254372205,1,0,1,0,1,0,1,0,1,0,0,0,0,0,1,0,1,0,0,0,0,1,1,0,1,0,1,0,1,0,1,0,1,0,1,0,1,0,1,0,0,0,1,0,1,0,-3.3807925118441413,-0.6830207013162192
0.729328238109175,0.0,1.7169451965539952,0.5100492557245105,0.0,0.0,-0.7796630951185004,1,0.13748406277352918,1,0,1,0,1,0,1,0,0,0,0,0,0,1,1,0,0,1,0,0,1,0,1,0,1,0,1,0,1,0,0,1,1,0,1,0,1,0,1,0,0,0,1,1,0,0,-2.077797097737602,1.0663813736811376
-0.4436459480204284,0.0,0.024787677326999418,0.5100492557245105,0.0,0.0,-0.7796630951185004,1,-0.40092246861013414,1,0,1,0,1,0,1,0,1,0,0,0,0,0,1,0,0,1,0,0,1,0,1,0,1,0,1,0,1,0,0,1,1,0,1,0,0,1,1,0,0,0,1,1,0,0,-0.3388447183553671,0.6837696734513539
0.7879769474156552,0.0,-1.040837008027525,-0.869908696073317,0.0,0.0,0.9824137546907391,0,1.184990393661496,1,0,1,0,1,0,1,0,1,0,0,0,0,0,1,0,0,1,0,1,0,0,0,1,0,1,0,1,0,1,0,1,1,0,1,0,0,1,0,0,1,0,1,0,1,0,1.7298205050655315,-0.49656738127467304
-0.8541869131657895,0.0,0.7019101189034593,-0.6980504063213363,0.0,0.0,-1.2201823075708103,1,0.877688376526497,1,0,1,0,0,1,1,0,0,0,0,1,0,0,1,0,0,1,0,1,0,0,1,0,1,0,0,1,0,1,0,1,0,1,0,1,0,1,0,1,0,0,1,0,0,1,1.201002438939655,0.017143546052840228
1.1985179125610164,0.0,0.36464606754353684,0.5716956836265287,0.0,0.0,-1.2201823075708103,1,-1.6351545483294494,1,0,0,1,1,0,1,0,0,0,0,0,1,0,0,1,0,1,0,0,1,0,0,1,1,0,1,0,1,0,0,1,1,0,1,0,0,1,1,0,0,0,1,1,0,0,0.7169938793801364,0.8224043673868752
-0.4436459480204284,0.0,1.3595750190553084,0.44303577337051536,0.0,0.0,0.9824137546907391,0,1.394324192799779,1,0,1,0,0,1,1,0,1,0,0,0,0,0,0,1,0,1,0,1,0,0,0,1,0,1,0,1,0,1,0,1,1,0,1,0,0,1,0,1,0,1,0,1,0,0,2.690451204228446,-0.5921672573095114
-0.26769982010098786,0.0,-0.6867097540996063,-1.9375899111105526,0.0,0.0,0.10137532978611936,1,-1.4358687715498042,1,0,1,0,1,0,0,1,1,0,0,0,0,0,1,0,1,0,0,0,0,1,1,0,1,0,1,0,1,0,1,0,1,0,1,0,1,0,1,0,0,1,0,0,1,0,-3.857767781788211,-0.6501040838314595
-0.9714843317787499,0.0,0.9898817319877008,-0.09080483414810245,0.0,0.0,0.10137532978611936,1,-1.1704335142424616,1,0,1,0,1,0,1,0,0,0,0,0,0,1,1,0,0,1,0,0,1,0,1,0,1,0,1,0,1,0,1,0,1,0,1,0,0,1,1,0,0,1,0,1,0,0,-1.686521868470795,0.7070040903960204
-0.3849972387139482,0.0,0.9347520312846364,0.5100492557245105,0.0,0.0,-1.2201823075708103,1,1.202574432789112,1,0,1,0,1,0,1,0,0,0,0,0,0,1,1,0,0,1,0,0,1,0,1,0,1,0,1,0,1,0,1,0,0,1,0,1,0,1,1,0,0,0,1,1,0,0,-0.9635274076221853,0.8913745952695566
0.7879769474156552,0.0,-1.0479714398832156,0.65579761464225,0.0,0.0,0.9824137546907391,0,0.3108124484600273,1,0,1,0,1,0,1,0,1,0,0,0,0,0,1,0,0,1,1,0,0,0,1,0,1,0,1,0,0,1,1,0,1,0,1,0,1,0,1,0,0,0,1,0,1,0,-2.49062498346096,0.10775480173449149
-1.4406740062305912,0.0,1.6053886257195595,-1.9375899111105526,0.0,0.0,0.10137532978611936,0,0.18353749858395138,0,1,1,0,1,0,1,0,0,0,0,0,1,0,1,0,1,0,0,0,0,1,1,0,1,0,1,0,1,0,1,0,1,0,1,0,1,0,0,1,0,1,0,1,0,0,-0.812200931159741,-1.1596699712736227
0.2601385636573336,0.0,-0.30274760332061773,-0.09080483414810245,0.0,0.0,-0.7796630951185004,1,-0.49051733464131914,1,0,1,0,0,1,1,0,1,0,0,0,0,0,1,0,0,1,0,0,1,0,1,0,1,0,1,0,1,0,0,1,0,1,0,1,0,1,1,0,0,1,0,1,0,0,0.19910094802382694,0.8865832444512025
0.3187872729638138,0.0,-0.2897759090375436,-0.43890985399893934,0.0,0.0,-1.2201823075708103,1,1.2369051758477903,1,0,1,0,1,0,1,0,1,0,0,0,0,0,1,0,0,1,0,0,1,0,0,1,0,1,0,1,0,1,0,1,0,1,0,1,0,1,1,0,0,0,1,1,0,0,0.2254864431010259,1.618660427438455
1.3158153311739766,0.0,1.1020868875362906,-0.33606808855469933,0.0,0.0,-1.2201823075708103,1,-1.1109827152871894,1,0,0,1,0,1,1,0,1,0,0,0,0,0,0,1,0,1,0,0,1,0,1,0,0,1,0,1,1,0,1,0,0,1,0,1,0,1,1,0,0,0,1,1,0,0,1.3376431277590062,0.7894225451900695
1.081220493948056,0.0,-0.8916625237721746,-0.6980504063213363,0.0,0.0,0.9824137546907391,0,-0.41683183734464363,1,0,0,1,1,0,1,0,1,0,0,0,0,0,0,1,0,1,0,0,1,0,0,1,1,0,1,0,1,0,1,0,1,0,1,0,1,0,0,1,0,0,1,1,0,0,-1.2894196953913746,0.9058014258259789
1.0225717846415758,0.0,-0.6374173158239254,0.40720749028027037,0.0,0.0,0.10137532978611936,0,0.3267218171945368,1,0,0,1,1,0,1,0,1,0,0,0,0,0,1,0,0,1,0,0,1,0,0,1,1,0,1,0,1,0,1,0,1,0,1,0,0,1,0,0,1,0,1,1,0,0,-0.9397881676854807,0.6617990888293153
1.8436537149322982,0.0,1.0703062365427594,-0.023791351794107286,0.0,0.0,0.10137532978611936,0,0.9748192593266602,1,0,0,1,0,1,1,0,1,0,0,0,0,0,1,0,0,1,0,0,1,0,0,1,1,0,0,1,0,1,0,1,0,1,1,0,0,1,0,1,0,0,1,1,0,0,2.5155920565744934,0.5190558735638519
-1.5579714248435517,0.0,-0.9156601581958613,-1.9375899111105526,0.0,0.0,1.863452179595359,0,0.016070459273325153,0,1,1,0,1,0,1,0,1,0,0,0,0,0,1,0,1,0,0,0,0,1,1,0,1,0,1,0,1,0,1,0,1,0,1,0,1,0,1,0,0,1,0,0,1,0,-2.826026669092897,-0.8309836277920954
-0.09175369218154737,0.0,1.1487849869553568,0.0949307535196783,0.0,0.0,0.10137532978611936,0,-0.9317929832248193,1,0,1,0,0,1,1,0,1,0,0,0,0,0,1,0,0,1,0,1,0,0,0,1,0,1,0,1,0,1,1,0,1,0,1,0,0,1,0,1,0,1,0,0,1,0,0.8653171664320402,-0.08432781487431916
-0.09175369218154737,0.0,0.9094572274326427,0.40720749028027037,0.0,0.0,0.9824137546907391,0,-0.24517812205125175,1,0,1,0,1,0,1,0,1,0,0,0,0,0,1,0,0,1,0,0,1,0,0,1,1,0,1,0,1,0,1,0,1,0,1,0,0,1,1,0,0,1,0,1,0,0,-0.04733633242333565,0.5979624457721214
0.025543726431412957,0.0,-0.813832358073731,0.0949307535196783,0.0,0.0,-1.2201823075708103,1,-0.8924382289868221,1,0,1,0,1,0,1,0,0,0,0,0,0,1,0,1,0,1,0,0,1,0,1,0,1,0,1,0,1,0,0,1,0,1,0,1,0,1,1,0,0,0,1,1,0,0,-1.2164435258870268,1.430928977225673
-1.675268843456512,0.0,-0.7969691555057348,1.2654537340011538,0.0,0.0,0.10137532978611936,0,-0.021609624571565744,0,1,1,0,0,1,1,0,1,0,0,0,0,0,1,0,0,1,0,0,1,0,0,1,0,1,1,0,0,1,1,0,0,1,0,1,0,1,0,1,0,1,0,1,0,0,2.336001130205726,-0.0043355946917816215
-1.2060791690046706,0.0,0.8322756464483524,-1.9375899111105526,0.0,0.0,0.10137532978611936,0,1.5961219751690836,0,1,1,0,0,1,0,1,0,1,0,0,0,0,0,1,1,0,0,0,0,1,1,0,1,0,1,0,1,0,1,0,1,0,1,0,1,0,0,0,1,1,0,1,0,0,1.5186070654728872,-2.2164096165800453
-1.4406740062305912,0.0,-0.8709078129192563,1.2654537340011538,0.0,0.0,1.863452179595359,0,-0.10534314422687885,0,1,1,0,0,1,0,1,1,0,0,0,0,0,1,0,0,1,0,1,0,0,1,0,0,1,0,1,1,0,0,1,0,1,0,1,0,1,0,1,0,1,0,0,1,0,1.604517656411868,-0.2178129836021279
-0.6195920759398689,0.0,0.7012615341893058,-1.9375899111105526,0.0,0.0,0.10137532978611936,0,1.229369159078812,1,0,1,0,0,1,0,1,0,0,1,0,0,0,0,1,1,0,0,0,0,1,1,0,1,0,1,0,1,0,1,0,1,0,1,0,1,0,0,0,1,1,0,0,1,0,0.9016802212641308,-1.802603146696757
-1.6166201341500317,0.0,-1.079103506162593,1.2654537340011538,0.0,0.0,0.9824137546907391,0,-0.11371649619241017,0,1,1,0,1,0,1,0,0,0,1,0,0,0,1,0,0,1,0,0,1,0,1,0,0,1,0,1,0,1,0,1,0,1,0,1,0,1,0,0,1,0,1,1,0,0,1.8917023621925628,0.6104684266013367
0.9639230753350957,0.0,-0.5783961068359389,0.36963080871589915,0.0,0.0,0.9824137546907391,0,-0.4720959603171503,1,0,1,0,1,0,1,0,1,0,0,0,0,0,0,1,0,1,0,1,0,0,1,0,1,0,1,0,1,0,1,0,1,0,1,0,0,1,1,0,0,1,0,0,1,0,-0.624642491605754,-0.2968006975498802
-1.4406740062305912,0.0,-0.237889131905248,0.6007621217270765,0.0,0.0,-1.2201823075708103,1,-0.3523570272100525,0,1,1,0,1,0,1,0,0,0,0,0,0,1,0,1,0,1,0,0,1,0,1,0,1,0,1,0,1,0,1,0,0,1,0,1,0,1,1,0,0,0,1,0,1,0,-0.5019509923209949,0.9625080181156928
0.14284114504437329,0.0,1.2123462889424188,-1.9375899111105526,0.0,0.0,0.10137532978611936,0,1.522436477872408,1,0,1,0,0,1,0,1,1,0,0,0,0,0,1,0,1,0,0,0,0,1,1,0,1,0,1,0,1,0,1,0,1,0,1,0,1,0,0,0,1,1,0,0,1,0,1.026183995984229,-2.092232423376285
0.7879769474156552,0.0,0.6720752220523892,0.7071612569928716,0.0,0.0,0.10137532978611936,0,-0.013236272606034435,1,0,1,0,0,1,1,0,0,0,0,1,0,0,1,0,0,1,1,0,0,0,0,1,1,0,1,0,0,1,0,1,0,1,0,1,0,1,0,1,0,1,0,1,0,0,0.7572797560342072,0.23171072302901116
-1.4993227155370714,0.0,0.1000235041688283,1.2157481529951086,0.0,0.0,0.10137532978611936,1,0.09310529735621322,0,1,1,0,1,0,1,0,1,0,0,0,0,0,0,1,0,1,0,0,1,0,1,0,0,1,0,1,1,0,0,1,0,1,0,1,0,1,1,0,0,0,1,1,0,0,1.7461784737055768,0.7598484894828406
-1.03013304108523,0.0,-0.37863201487660014,-1.9375899111105526,0.0,0.0,-0.7796630951185004,1,-0.4796319770861285,1,0,1,0,0,1,1,0,0,0,0,0,0,1,1,0,1,0,0,0,0,1,1,0,1,0,1,0,1,0,1,0,1,0,1,0,1,0,1,0,0,0,1,1,0,0,-3.7144576690126048,-0.6178792479773353
-0.15040240148802755,0.0,1.236343923366106,-1.9375899111105526,0.0,0.0,1.863452179595359,0,-0.11036715540619764,1,0,1,0,0,1,0,1,1,0,0,0,0,0,1,0,1,0,0,0,0,1,1,0,1,0,1,0,1,0,1,0,1,0,1,0,1,0,0,1,0,1,0,0,1,0,0.9251177801954392,-2.0608775459647064
-0.7955382038593094,0.0,1.2091033653716505,0.5716956836265287,0.0,0.0,-0.7796630951185004,1,0.9086697787989629,1,0,1,0,1,0,1,0,0,0,1,0,0,0,0,1,0,1,0,0,1,0,1,0,1,0,0,1,0,1,0,1,0,1,0,1,1,0,0,1,0,0,1,1,0,0,2.7467062319805233,0.3998831622848216
-0.4436459480204284,0.0,0.867299221012652,0.7071612569928716,0.0,0.0,-1.2201823075708103,1,1.4068842207480758,1,0,1,0,1,0,1,0,0,0,1,0,0,0,0,1,0,1,0,1,0,0,0,1,0,1,1,0,1,0,1,0,1,0,1,0,0,1,1,0,0,0,1,0,1,0,1.5919180800009758,-0.7373295404368628
0.729328238109175,0.0,0.5151177212271947,-0.09080483414810245,0.0,0.0,-1.2201823075708103,1,0.06128655988719423,1,0,1,0,1,0,1,0,1,0,0,0,0,0,0,1,0,1,1,0,0,0,1,0,1,0,1,0,1,0,1,0,1,0,1,0,0,1,1,0,0,1,0,0,1,0,-1.5616674786328835,0.04758902881680312
0.37743598227029396,0.0,-1.4591741486566596,0.44303577337051536,0.0,0.0,0.9824137546907391,0,0.6457465270812798,1,0,1,0,1,0,1,0,1,0,0,0,0,0,1,0,0,1,0,1,0,0,1,0,1,0,1,0,1,0,1,0,1,0,1,0,1,0,1,0,0,1,0,1,0,0,-1.3388751109081485,-1.5876223624584505
-1.675268843456512,0.0,-1.3787496441016014,1.120206624171783,0.0,0.0,-0.7796630951185004,1,1.2235078127029402,0,1,1,0,1,0,1,0,1,0,0,0,0,0,1,0,0,1,0,1,0,0,0,1,0,1,1,0,1,0,1,0,1,0,0,1,0,1,1,0,0,1,0,1,0,0,-2.3863138530427137,0.18714355766360535
-0.15040240148802755,0.0,1.578796652439258,-0.869908696073317,0.0,0.0,0.10137532978611936,1,-1.4701995146084825,1,0,1,0,1,0,1,0,0,0,0,0,0,1,1,0,0,1,0,1,0,0,1,0,1,0,1,0,1,0,1,0,1,0,1,0,0,1,1,0,0,1,0,1,0,0,-2.2184799274509404,-0.031517284303032356
0.025543726431412957,0.0,0.8523817725871171,-0.43890985399893934,0.0,0.0,-0.7796630951185004,1,-0.674731077883008,1,0,1,0,1,0,1,0,1,0,0,0,0,0,1,0,0,1,1,0,0,0,1,0,1,0,1,0,0,1,0,1,0,1,0,1,0,1,1,0,0,0,1,1,0,0,-1.4545950662346665,0.6508491877443808
0.2601385636573336,0.0,-0.9844101378961533,-0.023791351794107286,0.0,0.0,1.863452179595359,0,0.7420400746848899,1,0,1,0,1,0,1,0,0,0,0,0,0,1,0,1,0,1,0,0,1,0,1,0,1,0,1,0,1,0,1,0,1,0,1,0,0,1,1,0,0,0,1,1,0,0,-0.6005499540375349,0.6097480478861009
0.4947334008832543,0.0,0.8984312872920297,0.7071612569928716,0.0,0.0,0.10137532978611936,0,-0.46288527315506584,1,0,1,0,0,1,1,0,1,0,0,0,0,0,0,1,0,1,0,1,0,0,0,1,0,1,1,0,0,1,1,0,1,0,1,0,0,1,1,0,0,0,1,0,1,0,1.4515291403759163,-0.39414948736946565
0.4947334008832543,0.0,-1.4591741486566596,0.7071612569928716,0.0,0.0,0.10137532978611936,0,0.6415598510985141,1,0,1,0,0,1,1,0,0,1,0,0,0,0,1,0,0,1,0,1,0,0,0,1,0,1,0,1,0,1,0,1,0,1,0,1,0,1,0,0,1,0,1,0,1,0,0.9495616178738397,-1.227058901588172
-1.2060791690046706,0.0,0.777794530459442,1.2157481529951086,0.0,0.0,1.863452179595359,0,-0.3263996361169055,0,1,1,0,1,0,1,0,0,0,0,1,0,0,0,1,0,1,0,0,1,0,1,0,1,0,0,1,1,0,0,1,0,1,0,1,1,0,1,0,0,1,0,1,0,0,1.564283221353574,0.8620888834604854
0.025543726431412957,0.0,-1.1141270807268928,-1.9375899111105526,0.0,0.0,1.863452179595359,0,-0.6119309381415232,1,0,1,0,1,0,1,0,0,0,0,0,0,1,1,0,1,0,0,0,0,1,1,0,1,0,1,0,1,0,1,0,1,0,1,0,1,0,1,0,0,1,0,1,0,0,-4.057338483151515,-0.6523544306773458
-1.0887817503917103,0.0,-1.0265681443161436,0.6287713610382961,0.0,0.0,-0.7796630951185004,1,-0.19661268065117016,0,1,1,0,1,0,1,0,1,0,0,0,0,0,1,0,0,1,0,0,1,0,0,1,1,0,1,0,1,0,0,1,0,1,0,1,0,1,1,0,0,0,1,1,0,0,-2.246120568642713,1.5192341189620904
-0.32634852940746806,0.0,0.8562732808720395,-0.1642097988027183,0.0,0.0,-1.2201823075708103,1,-1.357996598270363,1,0,1,0,0,1,1,0,1,0,0,0,0,0,1,0,0,1,0,1,0,0,0,1,1,0,0,1,0,1,0,1,0,1,0,1,0,1,0,1,0,1,0,0,1,0,1.600339711620295,0.0660441315128516
-0.4436459480204284,0.0,-0.5608843195537891,-1.9375899111105526,0.0,0.0,0.10137532978611936,0,-1.0473452403491514,1,0,1,0,1,0,1,0,0,0,0,0,0,1,1,0,1,0,0,0,0,1,1,0,1,0,1,0,1,0,1,0,1,0,1,0,1,0,1,0,0,0,1,1,0,0,-3.817727090420647,-0.6533551396981078
1.9023024242387783,0.0,0.9289147688572533,-0.43890985399893934,0.0,0.0,-1.2201823075708103,1,-0.9351423240110318,1,0,0,1,0,1,1,0,0,0,0,0,1,0,0,1,0,1,0,0,1,0,0,1,1,0,0,1,1,0,1,0,1,0,1,0,0,1,1,0,0,0,1,1,0,0,0.5930602539613014,0.7122603919221964
-0.20905111079450772,0.0,-1.4591741486566596,0.40720749028027037,0.0,0.0,-0.7796630951185004,1,1.0711128069302704,1,0,1,0,1,0,1,0,0,0,0,0,0,1,1,0,0,1,1,0,0,0,1,0,1,0,1,0,1,0,0,1,0,1,0,1,1,0,1,0,0,0,1,1,0,0,-2.707597097088578,-0.2105760170984558
0.3187872729638138,0.0,1.3764382216233044,0.44303577337051536,0.0,0.0,-1.2201823075708103,1,-1.357996598270363,1,0,1,0,1,0,1,0,1,0,0,0,0,0,0,1,0,1,0,0,1,0,1,0,1,0,0,1,1,0,1,0,0,1,0,1,0,1,1,0,0,1,0,1,0,0,-0.9932533592772397,1.3144457150281985
0.025543726431412957,0.0,0.47360829952135797,0.14806693795787343,0.0,0.0,0.10137532978611936,0,-0.04003099889573463,1,0,1,0,0,1,1,0,1,0,0,0,0,0,1,0,0,1,0,1,0,0,0,1,0,1,1,0,0,1,0,1,0,1,0,1,1,0,0,0,1,0,1,1,0,0,2.6640295384341575,-0.635396227948438
0.4947334008832543,0.0,0.09029473345652293,0.14806693795787343,0.0,0.0,-1.2201823075708103,1,0.43557539274644386,1,0,1,0,1,0,0,1,1,0,0,0,0,0,1,0,0,1,0,1,0,0,1,0,1,0,1,0,1,0,1,0,1,0,1,0,0,1,1,0,0,1,0,0,0,1,-1.5583528387414711,-0.11127697375722069
1.1398692032545361,0.0,0.6052709964945583,-0.09080483414810245,0.0,0.0,-1.2201823075708103,1,-1.249980357915009,1,0,0,1,1,0,1,0,1,0,0,0,0,0,1,0,0,1,0,0,1,0,0,1,0,1,1,0,0,1,0,1,0,1,1,0,0,1,1,0,0,0,1,0,1,0,2.1848738914418147,0.8168007433201837
-0.7368894945528293,0.0,0.9833958848461637,-1.9375899111105526,0.0,0.0,0.10137532978611936,1,1.388462846423907,1,0,1,0,1,0,1,0,1,0,0,0,0,0,1,0,1,0,0,0,0,1,1,0,1,0,1,0,1,0,1,0,1,0,1,0,1,0,1,0,0,1,0,0,1,0,-2.28515634394102,-0.8077947188073924
0.5533821101897345,0.0,-0.11076652793112328,-0.33606808855469933,0.0,0.0,0.10137532978611936,0,1.4855937292240702,1,0,1,0,0,1,1,0,0,0,1,0,0,0,0,1,0,1,0,0,1,0,0,1,1,0,0,1,1,0,0,1,0,1,0,1,0,1,0,1,0,0,1,0,0,1,2.2862304225436163,0.5530046744994475
0.37743598227029396,0.0,-0.44284190157781617,-0.24535522255213305,0.0,0.0,1.863452179595359,0,-1.0632546090836608,1,0,1,0,1,0,1,0,1,0,0,0,0,0,1,0,0,1,0,0,1,0,1,0,1,0,1,0,1,0,1,0,1,0,1,0,0,1,1,0,0,0,1,1,0,0,-1.9846047785510728,0.701997825612576
1.8436537149322982,0.0,-0.9921931544659978,0.5100492557245105,0.0,0.0,0.9824137546907391,0,-0.08189775872339118,1,0,0,1,0,1,1,0,0,1,0,0,0,0,0,1,0,1,0,0,1,0,1,0,1,0,1,0,1,0,0,1,0,1,1,0,0,1,0,0,1,0,1,0,1,0,2.4305404309974135,-0.09947625112487189
0.43608469157677415,0.0,-0.13865567063973225,-0.09080483414810245,0.0,0.0,-1.2201823075708103,1,1.1925264104304742,1,0,1,0,1,0,1,0,0,0,0,0,0,1,0,1,0,1,0,0,1,0,1,0,0,1,0,1,0,1,0,1,0,1,0,1,0,1,1,0,0,0,1,0,1,0,-0.20768681969089914,1.7245817303374822
1.785005005625818,0.0,0.7460138794659107,-0.869908696073317,0.0,0.0,0.10137532978611936,0,0.6356985047226422,1,0,0,1,1,0,1,0,0,0,1,0,0,0,0,1,0,1,0,1,0,0,0,1,1,0,0,1,1,0,1,0,1,0,1,0,0,1,0,0,1,1,0,1,0,0,1.6796912615222963,-0.7959708603097301
-1.3233765876176309,0.0,0.41264133639091033,0.6007621217270765,0.0,0.0,-1.2201823075708103,1,-1.077489307425064,0,1,1,0,0,1,1,0,1,0,0,0,0,0,1,0,0,1,0,0,1,0,1,0,0,1,0,1,1,0,1,0,1,0,1,0,0,1,1,0,0,1,0,1,0,0,-1.6121550516221126,0.99559232811639
1.081220493948056,0.0,1.7104593494124583,0.0949307535196783,0.0,0.0,-1.2201823075708103,1,-0.037518993306075235,1,0,0,1,0,1,1,0,1,0,0,0,0,0,0,1,0,1,0,0,1,0,1,0,0,1,0,1,0,1,0,1,0,1,1,0,0,1,0,1,0,0,1,1,0,0,3.128245181083954,0.41864758294962146
0.14284114504437329,0.0,-0.20740565034002406,0.5716956836265287,0.0,0.0,0.10137532978611936,0,-0.7174351729072177,1,0,1,0,1,0,1,0,1,0,0,0,0,0,0,1,0,1,0,0,1,0,1,0,1,0,1,0,1,0,1,0,1,0,1,0,1,0,1,0,0,1,0,1,0,0,-0.9495123582559934,0.73894957330078
-1.3233765876176309,0.0,1.4425938624669816,1.2654537340011538,0.0,0.0,0.10137532978611936,0,-0.8103793797246153,0,1,1,0,0,1,1,0,0,0,1,0,0,0,0,1,0,1,0,1,0,0,0,1,1,0,1,0,1,0,1,0,1,0,0,1,0,1,1,0,0,1,0,1,0,0,1.4214806459120437,-0.8702806377837226
0.14284114504437329,0.0,0.029327770326075316,-0.09080483414810245,0.0,0.0,1.863452179595359,0,-1.3563219278772567,1,0,1,0,1,0,1,0,0,0,0,0,0,1,1,0,0,1,1,0,0,0,0,1,1,0,0,1,0,1,0,1,0,1,0,1,0,1,0,0,1,0,1,0,1,0,-0.6817760306899752,0.8489945471695878
-1.4993227155370714,0.0,1.2759075909294815,1.2654537340011538,0.0,0.0,0.9824137546907391,0,1.7217222546520532,0,1,1,0,0,1,0,1,1,0,0,0,0,0,1,0,0,1,0,1,0,0,0,1,0,1,0,1,0,1,0,1,1,0,1,0,0,1,0,0,1,1,0,0,1,0,2.385911489091493,-0.5925334627402858
0.4947334008832543,0.0,0.9386435395695587,0.6287713610382961,0.0,0.0,-0.7796630951185004,1,0.7520880970435274,1,0,1,0,1,0,1,0,1,0,0,0,0,0,0,1,0,1,0,0,1,0,1,0,0,1,1,0,1,0,0,1,0,1,0,1,0,1,1,0,0,0,1,1,0,0,0.6313590957491776,1.235363263059543
-0.15040240148802755,0.0,0.175907915724811,0.6007621217270765,0.0,0.0,0.10137532978611936,1,-0.6027202509794387,1,0,1,0,1,0,1,0,1,0,0,0,0,0,1,0,0,1,0,0,1,0,1,0,1,0,1,0,0,1,0,1,0,1,0,1,0,1,1,0,0,0,1,1,0,0,1.5035092338240168,0.6905621565298206
0.025543726431412957,0.0,-1.4591741486566596,1.1346027292456944,0.0,0.0,1.863452179595359,0,-1.8897044480816012,1,0,1,0,0,1,0,1,0,0,0,0,1,0,1,0,0,1,1,0,0,0,1,0,1,0,1,0,1,0,1,0,0,1,0,1,1,0,1,0,0,0,1,0,1,0,-1.7970337713970164,-0.8424849761133348
-0.7955382038593094,0.0,-0.3721461677350631,0.6287713610382961,0.0,0.0,0.10137532978611936,1,0.8425202982712655,1,0,1,0,1,0,1,0,1,0,0,0,0,0,1,0,0,1,0,0,1,0,1,0,0,1,1,0,1,0,0,1,0,1,0,1,0,1,1,0,0,1,0,1,0,0,-1.5619968346171842,1.47531062072218
0.4947334008832543,0.0,-0.45321925700427534,-1.9375899111105526,0.0,0.0,0.10137532978611936,0,-1.9315712079092577,1,0,1,0,0,1,0,1,1,0,0,0,0,0,1,0,1,0,0,0,0,1,1,0,1,0,1,0,1,0,1,0,1,0,1,0,1,0,0,0,1,1,0,0,1,0,-1.7256783426833107,-0.9976900295126626
1.9023024242387783,0.0,0.3983724726795291,-0.5576319593127251,0.0,0.0,0.10137532978611936,1,0.8534056558264562,1,0,0,1,1,0,1,0,1,0,0,0,0,0,1,0,0,1,0,0,1,0,1,0,1,0,1,0,1,0,1,0,1,0,1,0,0,1,1,0,0,0,1,1,0,0,-2.380831433643504,0.8151875887946292
1.374464040480457,0.0,-0.26383252047139577,-0.09080483414810245,0.0,0.0,0.10137532978611936,0,0.5938317448949856,1,0,0,1,0,1,0,1,0,0,1,0,0,0,0,1,0,1,0,0,1,0,0,1,0,1,1,0,0,1,1,0,1,0,1,0,1,0,0,1,0,0,1,1,0,0,2.2801696974340913,-0.04399418417117792
-0.15040240148802755,0.0,0.5008488575158131,-1.9375899111105526,0.0,0.0,0.9824137546907391,0,-0.7618139383245336,1,0,1,0,1,0,0,1,0,0,0,0,1,0,0,1,1,0,0,0,0,1,1,0,1,0,1,0,1,0,1,0,1,0,1,0,1,0,0,0,1,1,0,0,1,0,-0.6856428754464298,-1.0533464962880108
-0.8541869131657895,0.0,-0.5926649705473203,-1.9375899111105526,0.0,0.0,0.10137532978611936,0,-1.6920933416950623,1,0,1,0,1,0,1,0,0,0,0,1,0,0,1,0,1,0,0,0,0,1,1,0,1,0,1,0,1,0,1,0,1,0,1,0,1,0,1,0,0,1,0,0,1,0,-0.6772129472947624,-1.3397246636483955
1.4917614590934172,0.0,-1.4591741486566596,0.33012629336122234,0.0,0.0,0.10137532978611936,0,0.3610525602532152,1,0,0,1,1,0,1,0,1,0,0,0,0,0,1,0,0,1,0,1,0,0,0,1,0,1,1,0,1,0,1,0,1,0,1,0,1,0,0,0,1,0,1,0,1,0,-0.6923218652685452,-1.5196646824979463
-1.2647278783111506,0.0,1.3660608661968454,1.120206624171783,0.0,0.0,-1.2201823075708103,1,-1.1327534303975708,0,1,1,0,0,1,1,0,1,0,0,0,0,0,0,1,0,1,0,0,1,0,1,0,0,1,0,1,1,0,0,1,1,0,1,0,0,1,1,0,0,1,0,1,0,0,0.4820413978111502,1.0707489056252313
-1.03013304108523,0.0,-0.12957548464158045,1.1346027292456944,0.0,0.0,0.10137532978611936,0,0.36775124182564023,1,0,1,0,0,1,1,0,0,0,1,0,0,0,0,1,0,1,1,0,0,0,0,1,1,0,1,0,0,1,1,0,0,1,0,1,0,1,0,1,0,0,1,0,1,0,1.964933609195456,-0.6733384374892534
0.43608469157677415,0.0,-0.5180777284196451,0.40720749028027037,0.0,0.0,-1.2201823075708103,1,0.4925141861120568,1,0,1,0,0,1,0,1,0,0,0,0,0,1,1,0,0,1,1,0,0,0,0,1,0,1,1,0,1,0,1,0,1,0,1,0,1,0,1,0,0,1,0,0,1,0,-1.210554520468572,0.12288223741185524
-1.675268843456512,0.0,-0.8423700854964936,-1.9375899111105526,0.0,0.0,0.9824137546907391,0,0.21200689526675784,0,1,1,0,0,1,0,1,1,0,0,0,0,0,1,0,1,0,0,0,0,1,1,0,1,0,1,0,1,0,1,0,1,0,1,0,1,0,0,0,1,1,0,0,1,0,0.5403181770305806,-2.090285131468213
0.6706795288026948,0.0,0.6260257073474766,0.65579761464225,0.0,0.0,-1.2201823075708103,1,0.9965899744370417,1,0,1,0,0,1,1,0,1,0,0,0,0,0,0,1,0,1,0,0,1,0,0,1,1,0,0,1,0,1,0,1,0,1,0,1,0,1,0,0,1,0,1,0,1,0,3.0124630652002913,0.3394997584664561
-1.03013304108523,0.0,1.6222518282875555,1.2654537340011538,0.0,0.0,-0.7796630951185004,1,1.3583187793479943,1,0,1,0,1,0,1,0,0,0,0,0,0,1,0,1,0,1,0,0,1,0,1,0,1,0,1,0,1,0,1,0,1,0,1,0,0,1,1,0,0,0,1,1,0,0,-1.227175253095113,0.8273056137964826
1.785005005625818,0.0,-0.2664268593280105,-1.9375899111105526,0.0,0.0,1.863452179595359,0,-0.49051733464131914,1,0,0,1,1,0,1,0,1,0,0,0,0,0,1,0,1,0,0,0,0,1,1,0,1,0,1,0,1,0,1,0,1,0,1,0,1,0,0,0,1,0,1,0,1,0,-0.6937749644407182,-1.319584208910174
-1.3820252969241111,0.0,1.2013203488018063,-1.9375899111105526,0.0,0.0,0.10137532978611936,0,-0.3213756249375867,0,1,1,0,0,1,0,1,0,0,0,1,0,0,1,0,1,0,0,0,0,1,1,0,1,0,1,0,1,0,1,0,1,0,1,0,1,0,0,1,0,1,0,1,0,0,0.16696155385662959,-1.587283735336463
1.433112749786937,0.0,1.2279123220821078,0.40720749028027037,0.0,0.0,-1.2201823075708103,1,0.24466296793232994,1,0,0,1,1,0,1,0,0,0,0,0,0,1,1,0,0,1,1,0,0,0,1,0,1,0,1,0,1,0,1,0,1,0,1,0,0,1,1,0,0,0,1,1,0,0,-2.1872283158572956,-0.028925710087035646
-0.5609433666333887,0.0,1.0988439639655219,0.33012629336122234,0.0,0.0,0.10137532978611936,1,-0.6110936029449701,1,0,1,0,1,0,1,0,0,0,0,0,0,1,0,1,0,1,0,0,1,0,1,0,1,0,1,0,1,0,1,0,1,0,1,0,1,0,1,0,0,0,1,1,0,0,-2.214815758324852,0.9425318721760554
-1.5579714248435517,0.0,-1.3177826809711537,1.2654537340011538,0.0,0.0,-1.2201823075708103,1,1.560116561717299,0,1,1,0,0,1,1,0,0,0,1,0,0,0,0,1,0,1,0,0,1,0,1,0,0,1,0,1,0,1,0,1,0,1,0,1,0,1,0,1,0,1,0,1,0,0,2.0728156182648183,0.5997817844458833
0.4947334008832543,0.0,-1.1296931138665813,0.28848538496648446,0.0,0.0,0.9824137546907391,0,0.03700383918715343,1,0,1,0,1,0,1,0,1,0,0,0,0,0,1,0,0,1,0,1,0,0,1,0,1,0,1,0,1,0,1,0,1,0,1,0,0,1,1,0,0,1,0,1,0,0,-2.6062591397232806,-0.0535853936652193
-0.09175369218154737,0.0,1.662464080565085,0.037855076107910814,0.0,0.0,0.10137532978611936,1,1.738468958583116,1,0,1,0,1,0,1,0,1,0,0,0,0,0,1,0,0,1,0,0,1,0,1,0,0,1,1,0,1,0,1,0,0,1,0,1,1,0,1,0,0,0,1,1,0,0,2.2433325124093186,-0.045179922668313346
0.8466256567221353,0.0,0.9723699447055512,0.6819075454764912,0.0,0.0,0.10137532978611936,1,-0.2878822170754614,1,0,1,0,0,1,1,0,1,0,0,0,0,0,0,1,0,1,0,0,1,0,1,0,1,0,0,1,1,0,1,0,1,0,1,0,0,1,1,0,0,0,1,0,1,0,1.487420719137698,0.08162729638198041
-0.03310498287506721,0.0,-0.6374173158239254,0.5100492557245105,0.0,0.0,0.10137532978611936,1,1.1732677009097523,1,0,1,0,1,0,1,0,1,0,0,0,0,0,0,1,0,1,0,0,1,0,1,0,1,0,1,0,0,1,0,1,1,0,1,0,0,1,1,0,0,0,1,1,0,0,0.46837640093696786,0.7628325043118344
-0.5022946573269086,0.0,1.668301342992468,0.44303577337051536,0.0,0.0,-1.2201823075708103,1,-1.095910681749233,1,0,1,0,1,0,1,0,1,0,0,0,0,0,1,0,0,1,0,1,0,0,1,0,1,0,1,0,1,0,1,0,1,0,1,0,0,1,1,0,0,1,0,0,1,0,-2.712869751312795,0.09146284020767166
-0.4436459480204284,0.0,0.5572757276471848,-0.5576319593127251,0.0,0.0,0.10137532978611936,0,-1.907288487209217,1,0,1,0,0,1,1,0,1,0,0,0,0,0,1,0,0,1,0,1,0,0,0,1,0,1,0,1,1,0,0,1,0,1,0,1,0,1,0,0,1,1,0,0,0,1,-0.1085673421776824,0.7548535238182504
0.3187872729638138,0.0,-0.6010965718313183,0.24446373527230422,0.0,0.0,0.10137532978611936,0,0.8366589518953936,1,0,1,0,0,1,1,0,1,0,0,0,0,0,1,0,0,1,0,0,1,0,1,0,0,1,0,1,0,1,1,0,1,0,1,0,0,1,0,1,0,0,1,1,0,0,1.5018069897227275,0.2025268975406555
0.3187872729638138,0.0,-1.4591741486566596,1.120206624171783,0.0,0.0,0.10137532978611936,1,-1.415772726832529,1,0,1,0,0,1,0,1,1,0,0,0,0,0,1,0,0,1,0,1,0,0,1,0,1,0,1,0,1,0,1,0,1,0,1,0,0,1,1,0,0,0,1,0,1,0,-3.994908755153508,-0.6230860732967202
-0.20905111079450772,0.0,-0.5667215819811724,-0.023791351794107286,0.0,0.0,0.9824137546907391,0,0.8701523597575189,1,0,1,0,1,0,0,1,1,0,0,0,0,0,1,0,0,1,1,0,0,0,0,1,0,1,0,1,1,0,0,1,1,0,1,0,0,1,0,1,0,1,0,0,1,0,1.250886187769163,-0.27176954781221874
-0.7368894945528293,0.0,-0.7379479465177484,-0.09080483414810245,0.0,0.0,0.9824137546907391,0,1.0166860191543168,1,0,1,0,0,1,1,0,1,0,0,0,0,0,0,1,0,1,1,0,0,0,1,0,0,1,1,0,0,1,1,0,0,1,0,1,0,1,0,0,1,1,0,0,1,0,2.1450387043969394,-0.8162684395878477
0.14284114504437329,0.0,1.4944806395992771,-1.9375899111105526,0.0,0.0,0.10137532978611936,0,0.23042826959092672,1,0,1,0,1,0,1,0,0,1,0,0,0,0,1,0,1,0,0,0,0,1,1,0,1,0,1,0,1,0,1,0,1,0,1,0,1,0,0,0,1,1,0,1,0,0,1.257046108954926,-2.240670940457817
1.3158153311739766,0.0,-0.9902474003235365,-1.0914725668313427,0.0,0.0,-0.7796630951185004,1,1.2712359189064686,1,0,0,1,1,0,1,0,1,0,0,0,0,0,1,0,0,1,0,0,1,0,1,0,1,0,1,0,1,0,1,0,1,0,1,0,0,1,1,0,0,0,1,1,0,0,-2.7099786058389985,0.7596119644710568
0.9639230753350957,0.0,0.12856123159159105,0.5414890984678798,0.0,0.0,-1.2201823075708103,1,-0.06933773077509421,1,0,1,0,1,0,1,0,1,0,0,0,0,0,0,1,0,1,0,0,1,0,1,0,0,1,1,0,1,0,1,0,1,0,1,0,0,1,1,0,0,0,1,1,0,0,-2.2713429192702135,1.0537497862345198
1.3158153311739766,0.0,-0.14189859421050077,0.0949307535196783,0.0,0.0,0.10137532978611936,0,1.740143628976222,1,0,0,1,0,1,0,1,0,1,0,0,0,0,0,1,0,1,0,0,1,0,1,0,0,1,0,1,1,0,1,0,1,0,1,0,0,1,0,0,1,0,1,1,0,0,2.5266972025570777,-0.3994448774908409
-1.3820252969241111,0.0,-0.6237970368266976,1.2157481529951086,0.0,0.0,-1.2201823075708103,1,0.7738588121539088,0,1,1,0,1,0,1,0,1,0,0,0,0,0,0,1,0,1,0,0,1,0,1,0,0,1,0,1,1,0,0,1,0,1,0,1,0,1,0,0,1,0,1,1,0,0,1.9615212252188852,0.6921848080601144
-0.5022946573269086,0.0,0.3562144662595386,0.5414890984678798,0.0,0.0,-1.2201823075708103,1,1.7568903329072847,1,0,1,0,0,1,1,0,0,0,1,0,0,0,0,1,0,1,0,0,1,0,0,1,0,1,0,1,1,0,0,1,0,1,0,1,0,1,0,0,1,0,1,1,0,0,2.6919831331714206,0.5443965706531964
1.6677075870128577,0.0,1.0540916186889169,0.24446373527230422,0.0,0.0,-0.7796630951185004,1,1.3290120474686347,1,0,0,1,1,0,1,0,1,0,0,0,0,0,0,1,0,1,0,0,1,0,1,0,1,0,1,0,1,0,0,1,0,1,1,0,0,1,1,0,0,0,1,1,0,0,0.7130344081613307,1.057317986255167
-0.4436459480204284,0.0,1.486049038315279,0.5100492557245105,0.0,0.0,-1.2201823075708103,1,-0.9041609217385659,1,0,1,0,1,0,1,0,1,0,0,0,0,0,1,0,0,1,0,0,1,0,1,0,1,0,1,0,1,0,1,0,0,1,0,1,0,1,1,0,0,0,1,1,0,0,-0.12610036610606007,0.7441169532991019
-0.09175369218154737,0.0,-1.2801647675502392,-1.9375899111105526,0.0,0.0,1.863452179595359,0,0.7546001026331868,1,0,1,0,1,0,1,0,1,0,0,0,0,0,1,0,1,0,0,0,0,1,1,0,1,0,1,0,1,0,1,0,1,0,1,0,1,0,1,0,0,1,0,0,1,0,-0.9119148174689312,-1.4769978809214102
-0.9714843317787499,0.0,0.06045983660545281,-1.9375899111105526,0.0,0.0,1.863452179595359,0,0.251361649504755,1,0,1,0,1,0,1,0,0,1,0,0,0,0,1,0,1,0,0,0,0,1,1,0,1,0,1,0,1,0,1,0,1,0,1,0,1,0,0,0,1,0,1,0,1,0,1.2566765179626749,-2.3214158871728596
1.4917614590934172,0.0,-1.0538087023105989,0.44303577337051536,0.0,0.0,-1.2201823075708103,1,-1.7523814758468876,1,0,0,1,0,1,1,0,1,0,0,0,0,0,0,1,0,1,0,0,1,0,1,0,1,0,1,0,1,0,0,1,0,1,1,0,0,1,1,0,0,0,1,1,0,0,0.9964571607945599,0.6861535159311584
1.5504101683998974,0.0,-1.2457897777000932,-0.1642097988027183,0.0,0.0,-0.7796630951185004,1,-0.41180782616532485,1,0,0,1,0,1,1,0,0,0,0,0,0,1,1,0,0,1,0,0,1,0,1,0,1,0,1,0,1,0,0,1,1,0,1,0,0,1,1,0,0,0,1,1,0,0,-1.76422224650922,0.9404410515805024
0.7879769474156552,0.0,1.6546810639952403,-1.9375899111105526,0.0,0.0,0.9824137546907391,0,-0.21754606056499842,1,0,1,0,0,1,1,0,0,1,0,0,0,0,0,1,1,0,0,0,0,1,1,0,1,0,1,0,1,0,1,0,1,0,1,0,1,0,0,0,1,1,0,1,0,0,1.5807029700758044,-2.1993135241348645
-0.03310498287506721,0.0,-0.0005071265249948103,-0.023791351794107286,0.0,0.0,0.9824137546907391,0,0.9296031587127912,1,0,1,0,0,1,0,1,0,1,0,0,0,0,0,1,0,1,0,0,1,0,1,0,0,1,0,1,1,0,0,1,0,1,0,1,0,1,0,0,1,0,1,1,0,0,2.9418834739285815,0.18112918539336623
1.785005005625818,0.0,1.0398227549775356,-1.0914725668313427,0.0,0.0,-0.7796630951185004,1,-1.459314157053292,1,0,0,1,1,0,1,0,1,0,0,0,0,0,0,1,0,1,0,0,1,0,1,0,0,1,0,1,1,0,1,0,1,0,1,0,0,1,1,0,0,0,1,0,1,0,1.4163222155431243,0.3113626195150569
-1.03013304108523,0.0,-0.6977356942402192,1.0597702031126737,0.0,0.0,0.10137532978611936,0,-0.7643259439141931,1,0,1,0,0,1,0,1,0,0,1,0,0,0,0,1,0,1,0,1,0,0,0,1,0,1,0,1,0,1,0,1,0,1,0,1,0,1,0,0,1,0,1,0,0,1,1.8229651606305257,0.19434420019768106
-1.2647278783111506,0.0,1.5813909912958728,1.2654537340011538,0.0,0.0,0.10137532978611936,0,-1.0289238660249824,0,1,1,0,0,1,1,0,0,0,0,0,1,0,1,0,0,1,1,0,0,0,1,0,0,1,1,0,1,0,1,0,1,0,1,0,0,1,1,0,0,0,1,1,0,0,-0.36184728434838526,-0.16623157120834947
-0.6195920759398689,0.0,1.3349287999174677,0.36963080871589915,0.0,0.0,1.863452179595359,0,-0.2066607030098077,1,0,1,0,0,1,0,1,0,0,1,0,0,0,1,0,0,1,0,0,1,0,1,0,0,1,0,1,0,1,0,1,0,1,0,1,0,1,0,1,0,1,0,0,1,0,2.8397249158223783,0.31717833104717674
1.433112749786937,0.0,-0.12633256107081192,-0.5576319593127251,0.0,0.0,-1.2201823075708103,1,-0.17567930073734186,1,0,0,1,1,0,1,0,1,0,0,0,0,0,1,0,0,1,0,0,1,0,1,0,0,1,1,0,1,0,1,0,1,0,1,0,0,1,1,0,0,0,1,1,0,0,-2.426640196872493,0.871563347010037
-1.0887817503917103,0.0,-0.5401296087008708,-1.9375899111105526,0.0,0.0,1.863452179595359,0,-0.04003099889573463,0,1,1,0,1,0,1,0,1,0,0,0,0,0,1,0,1,0,0,0,0,1,1,0,1,0,1,0,1,0,1,0,1,0,1,0,1,0,0,0,1,1,0,1,0,0,0.7460733595583752,-2.1393836474351815
-0.4436459480204284,0.0,1.026202475980308,0.40720749028027037,0.0,0.0,0.10137532978611936,0,1.2988679803927219,1,0,1,0,1,0,1,0,1,0,0,0,0,0,0,1,0,1,0,1,0,0,1,0,1,0,1,0,1,0,1,0,1,0,1,0,0,1,1,0,0,0,1,1,0,0,0.008968364975478534,-0.34007286418174626
-1.3820252969241111,0.0,0.5734903455010273,1.120206624171783,0.0,0.0,-1.2201823075708103,1,-0.6454243460036484,0,1,1,0,1,0,1,0,1,0,0,0,0,0,1,0,0,1,0,0,1,0,1,0,1,0,1,0,1,0,0,1,1,0,0,1,0,1,1,0,0,0,1,1,0,0,-2.210442310781483,1.0524187766641908
-0.8541869131657895,0.0,-0.5647758278387113,0.28848538496648446,0.0,0.0,1.863452179595359,0,-0.7216218488899834,1,0,1,0,0,1,1,0,1,0,0,0,0,0,0,1,0,1,1,0,0,0,1,0,0,1,1,0,0,1,1,0,1,0,1,0,0,1,0,0,1,1,0,0,1,0,0.23662909966919585,-0.18867482819463438
1.433112749786937,0.0,-0.5089975424214933,0.7071612569928716,0.0,0.0,0.9824137546907391,0,-1.172945519832121,1,0,0,1,0,1,1,0,0,0,1,0,0,0,0,1,0,1,0,0,1,0,1,0,1,0,0,1,1,0,0,1,1,0,1,0,0,1,0,0,1,0,1,1,0,0,1.7450200710483452,0.22134021153740926
-1.3233765876176309,0.0,1.1857543156621175,0.9410480977988882,0.0,0.0,0.10137532978611936,1,-0.7693499550935118,0,1,1,0,1,0,1,0,1,0,0,0,0,0,1,0,0,1,0,0,1,0,1,0,1,0,1,0,1,0,1,0,1,0,0,1,0,1,1,0,0,1,0,1,0,0,1.5280755469762368,-0.26135083608260345
0.6706795288026948,0.0,-0.5453182864141003,0.5716956836265287,0.0,0.0,-0.7796630951185004,1,-0.7526032511624492,1,0,1,0,0,1,1,0,1,0,0,0,0,0,0,1,0,1,0,0,1,0,1,0,1,0,1,0,1,0,1,0,0,1,0,1,1,0,1,0,0,0,1,1,0,0,0.42730246880477996,0.6079244809098433
1.5504101683998974,0.0,1.5567447721580323,-0.6980504063213363,0.0,0.0,-1.2201823075708103,1,0.5561516610500947,1,0,0,1,0,1,1,0,1,0,0,0,0,0,0,1,0,1,1,0,0,0,1,0,1,0,1,0,1,0,1,0,0,1,1,0,0,1,1,0,0,0,1,1,0,0,0.09813320759652373,0.9284339413964495
1.5504101683998974,0.0,1.7779121596844427,0.44303577337051536,0.0,0.0,-0.7796630951185004,1,1.618730025476018,1,0,0,1,0,1,1,0,1,0,0,0,0,0,0,1,0,1,0,0,1,0,1,0,0,1,0,1,1,0,1,0,0,1,1,0,0,1,1,0,0,0,1,1,0,0,2.5975103842044645,0.14444177595205768
-1.675268843456512,0.0,0.46128518995243767,1.0597702031126737,0.0,0.0,1.863452179595359,0,-0.5424321168276133,0,1,1,0,0,1,1,0,1,0,0,0,0,0,1,0,0,1,0,1,0,0,1,0,0,1,0,1,0,1,0,1,1,0,1,0,0,1,0,1,0,0,1,1,0,0,1.5882159639331634,-0.307827570039869
-0.678240785246349,0.0,0.13893858701805023,-0.5576319593127251,0.0,0.0,-0.7796630951185004,1,1.2787719356754468,1,0,1,0,0,1,1,0,1,0,0,0,0,0,1,0,0,1,0,0,1,0,1,0,0,1,0,1,1,0,0,1,1,0,1,0,0,1,1,0,0,0,1,1,0,0,1.028231366075305,0.6374617393360044
-1.3233765876176309,0.0,0.7382308628960665,1.2654537340011538,0.0,0.0,-0.7796630951185004,1,0.14167073875629482,0,1,1,0,1,0,1,0,0,1,0,0,0,0,0,1,0,1,0,0,1,0,0,1,0,1,0,1,0,1,0,1,0,1,0,1,0,1,0,0,1,1,0,0,1,0,3.152624526512927,0.5603334331859834
-1.2060791690046706,0.0,-1.2088204489933325,1.2654537340011538,0.0,0.0,0.9824137546907391,0,1.3792521592618225,0,1,1,0,0,1,1,0,0,1,0,0,0,0,0,1,0,1,0,0,1,0,1,0,0,1,1,0,0,1,0,1,0,1,0,1,0,1,0,0,1,0,1,0,1,0,2.623384896166043,0.08154033122844091
-0.7955382038593094,0.0,1.3226056903485475,0.0949307535196783,0.0,0.0,-0.7796630951185004,1,0.8148882367850122,1,0,1,0,1,0,1,0,1,0,0,0,0,0,0,1,0,1,0,0,1,0,1,0,1,0,1,0,1,0,0,1,0,1,0,1,0,1,1,0,0,0,1,1,0,0,-1.2600201068265457,1.4267766228746597
-0.09175369218154737,0.0,0.8841624235806484,0.44303577337051536,0.0,0.0,0.10137532978611936,0,0.1090146660907227,1,0,1,0,0,1,0,1,1,0,0,0,0,0,1,0,0,1,1,0,0,0,0,1,0,1,0,1,0,1,0,1,0,1,0,1,0,1,0,0,1,1,0,1,0,0,2.8140775873025556,-0.4576953948662161
-0.9128356224722697,0.0,-0.8592332880644897,0.6819075454764912,0.0,0.0,-1.2201823075708103,1,-1.4777355313774607,1,0,1,0,1,0,1,0,0,0,0,0,0,1,0,1,0,1,0,0,1,0,1,0,1,0,0,1,1,0,0,1,0,1,0,1,0,1,1,0,0,0,1,1,0,0,-0.41167047143818536,1.3266831842218292
0.43608469157677415,0.0,0.6026766576379436,0.36963080871589915,0.0,0.0,1.863452179595359,0,-1.2516550283081154,1,0,1,0,0,1,1,0,0,0,0,0,1,0,1,0,0,1,0,0,1,0,1,0,1,0,0,1,0,1,1,0,1,0,1,0,0,1,1,0,0,1,0,1,0,0,0.5122781699011894,0.4741616782824301
-1.0887817503917103,0.0,1.6786786984189275,0.9591705620964788,0.0,0.0,0.10137532978611936,0,1.387625511227354,0,1,1,0,1,0,1,0,1,0,0,0,0,0,1,0,0,1,0,0,1,0,0,1,1,0,0,1,1,0,1,0,1,0,1,0,0,1,1,0,0,0,1,0,1,0,0.055111573140746724,0.7182797125081376
-0.9128356224722697,0.0,0.3374055095490815,0.36963080871589915,0.0,0.0,0.10137532978611936,1,-1.3144551680496002,1,0,1,0,1,0,1,0,1,0,0,0,0,0,0,1,0,1,0,0,1,0,1,0,1,0,1,0,1,0,1,0,1,0,1,0,1,0,1,0,0,0,1,1,0,0,-2.246318256047081,0.9891163804711355
1.1985179125610164,0.0,0.1797994240097331,0.19777251896391848,0.0,0.0,-0.7796630951185004,1,1.2821212764616594,1,0,0,1,0,1,1,0,1,0,0,0,0,0,0,1,0,1,0,0,1,0,1,0,1,0,1,0,0,1,0,1,0,1,1,0,0,1,1,0,0,1,0,1,0,0,0.8162535098752474,1.110333202255869
-1.675268843456512,0.0,-1.4591741486566596,1.2654537340011538,0.0,0.0,1.863452179595359,0,0.6415598510985141,0,1,1,0,1,0,1,0,1,0,0,0,0,0,1,0,0,1,0,1,0,0,1,0,1,0,1,0,1,0,1,0,1,0,0,1,1,0,1,0,0,1,0,0,1,0,-4.1595179699923515,-0.5878621300290247
-0.7955382038593094,0.0,-0.4272758684381274,0.6819075454764912,0.0,0.0,-0.7796630951185004,1,-1.913149833585089,1,0,1,0,0,1,1,0,1,0,0,0,0,0,0,1,0,1,0,1,0,0,1,0,1,0,0,1,1,0,0,1,0,1,0,1,0,1,0,1,0,0,1,1,0,0,1.3363607995189701,-0.18764062679297083
0.8466256567221353,0.0,-0.6977356942402192,0.40720749028027037,0.0,0.0,0.10137532978611936,0,1.2377425110443434,1,0,1,0,0,1,0,1,0,0,1,0,0,0,1,0,0,1,0,0,1,0,1,0,0,1,0,1,1,0,0,1,1,0,1,0,0,1,1,0,0,0,1,0,1,0,1.8930638166030884,0.14976601231688164
-0.32634852940746806,0.0,0.25114374256663985,0.6007621217270765,0.0,0.0,0.9824137546907391,0,0.9798432705059791,1,0,1,0,0,1,0,1,1,0,0,0,0,0,0,1,0,1,1,0,0,0,0,1,0,1,1,0,1,0,0,1,1,0,1,0,0,1,0,1,0,1,0,1,0,0,-0.3672615088573081,0.44688481801367513
0.025543726431412957,0.0,0.9107543968609497,-1.9375899111105526,0.0,0.0,0.10137532978611936,0,-1.0498572459388107,1,0,1,0,0,1,0,1,0,0,0,0,0,1,1,0,1,0,0,0,0,1,1,0,1,0,1,0,1,0,1,0,1,0,1,0,1,0,1,0,0,1,0,0,1,0,-1.9089245888010653,-0.9041963194276763
-1.2060791690046706,0.0,-1.4591741486566596,1.120206624171783,0.0,0.0,1.863452179595359,0,1.0459927510336764,0,1,1,0,0,1,1,0,1,0,0,0,0,0,1,0,0,1,0,1,0,0,1,0,0,1,1,0,1,0,0,1,0,1,0,1,0,1,1,0,0,0,1,0,1,0,-1.396821915152111,-0.4583692651650583
1.6090588777063775,0.0,-0.7716743516537407,0.5100492557245105,0.0,0.0,-1.2201823075708103,1,-1.6318052075432368,1,0,0,1,0,1,1,0,1,0,0,0,0,0,0,1,0,1,0,0,1,0,1,0,1,0,1,0,1,0,1,0,1,0,1,0,0,1,1,0,0,0,1,1,0,0,0.6362280186443731,0.1879764142070289
0.9052743660286154,0.0,1.0099878581264654,0.65579761464225,0.0,0.0,-1.2201823075708103,1,-1.3789299781841913,1,0,1,0,1,0,1,0,1,0,0,0,0,0,0,1,0,1,0,0,1,0,1,0,1,0,1,0,1,0,1,0,1,0,1,0,0,1,1,0,0,1,0,1,0,0,-0.5302877058873957,0.6264752890718004
0.9052743660286154,0.0,0.8108723508812805,-0.24535522255213305,0.0,0.0,0.10137532978611936,0,0.3510045378945776,1,0,1,0,0,1,1,0,0,0,1,0,0,0,0,1,0,1,0,0,1,0,0,1,0,1,1,0,1,0,1,0,0,1,0,1,0,1,0,1,0,0,1,0,1,0,2.3137639287930245,0.30107387231514987
0.43608469157677415,0.0,-0.0446108870874462,0.14806693795787343,0.0,0.0,-0.7796630951185004,1,-1.8302536491263288,1,0,1,0,0,1,1,0,0,0,0,0,0,1,0,1,0,1,0,0,1,0,1,0,0,1,1,0,1,0,0,1,1,0,1,0,0,1,1,0,0,0,1,1,0,0,-0.8823967667410321,1.2566831239347642
0.3187872729638138,0.0,1.0696576518286058,0.40720749028027037,0.0,0.0,0.10137532978611936,0,0.8885737340816877,1,0,1,0,1,0,1,0,0,0,0,0,0,1,1,0,0,1,0,1,0,0,1,0,0,1,1,0,0,1,0,1,0,1,0,1,0,1,1,0,0,0,1,1,0,0,-1.2327965363432418,0.8134370089859583
-1.3820252969241111,0.0,-1.182228475713031,-1.9375899111105526,0.0,0.0,1.863452179595359,0,0.3317458283738556,0,1,1,0,0,1,0,1,0,1,0,0,0,0,0,1,1,0,0,0,0,1,1,0,1,0,1,0,1,0,1,0,1,0,1,0,1,0,0,0,1,1,0,0,1,0,0.8542310495936416,-2.2013492157790466
-0.9128356224722697,0.0,1.7448343392626042,0.037855076107910814,0.0,0.0,0.10137532978611936,0,0.2840177221703271,1,0,1,0,0,1,0,1,0,1,0,0,0,0,1,0,0,1,0,1,0,0,0,1,0,1,0,1,1,0,1,0,1,0,1,0,0,1,0,0,1,0,1,1,0,0,2.314675382953647,-1.1531914735180258
0.14284114504437329,0.0,-1.4591741486566596,0.0949307535196783,0.0,0.0,-1.2201823075708103,1,1.0937208572372048,1,0,1,0,0,1,1,0,1,0,0,0,0,0,1,0,0,1,0,1,0,0,0,1,1,0,0,1,1,0,0,1,0,1,0,1,0,1,1,0,0,1,0,1,0,0,-0.28659889121469695,-0.7948224995693337
1.7263562963193377,0.0,0.9263204300006387,0.6819075454764912,0.0,0.0,-1.2201823075708103,1,-1.8662590625781135,1,0,0,1,1,0,1,0,1,0,0,0,0,0,1,0,0,1,0,0,1,0,0,1,1,0,1,0,1,0,1,0,0,1,0,1,0,1,1,0,0,1,0,1,0,0,1.962332451607565,0.0667893217998561
-0.8541869131657895,0.0,-1.1245044361533518,0.24446373527230422,0.0,0.0,0.10137532978611936,1,-0.13716188169589782,1,0,1,0,1,0,0,1,1,0,0,0,0,0,1,0,0,1,0,1,0,0,1,0,1,0,1,0,1,0,1,0,1,0,1,0,1,0,1,0,0,0,1,1,0,0,-1.1628719482395946,-0.36193672997050624
1.081220493948056,0.0,0.9950704097009306,0.36963080871589915,0.0,0.0,0.10137532978611936,0,1.291331963623744,1,0,0,1,0,1,1,0,0,0,0,0,1,0,1,0,0,1,0,0,1,0,1,0,0,1,1,0,1,0,0,1,0,1,0,1,0,1,0,0,1,0,1,1,0,0,0.5569258096810507,1.044592938863085
0.14284114504437329,0.0,0.11753529145097809,0.44303577337051536,0.0,0.0,-0.7796630951185004,1,0.9597472257887039,1,0,1,0,1,0,1,0,1,0,0,0,0,0,0,1,0,1,0,1,0,0,1,0,1,0,0,1,1,0,1,0,1,0,1,0,0,1,0,1,0,0,1,0,0,1,-0.08751328929965684,-0.15319415109945927
0.37743598227029396,0.0,0.9859902237027789,-1.0914725668313427,0.0,0.0,0.10137532978611936,0,0.7998162032470558,1,0,1,0,1,0,1,0,1,0,0,0,0,0,1,0,0,1,0,1,0,0,1,0,1,0,1,0,0,1,0,1,1,0,1,0,1,0,1,0,0,0,1,1,0,0,-1.2720906880631537,0.36375517123914936
-0.7368894945528293,0.0,1.6812730372755422,-0.24535522255213305,0.0,0.0,0.10137532978611936,1,1.3449214162031442,1,0,1,0,1,0,1,0,1,0,0,0,0,0,1,0,0,1,0,0,1,0,1,0,0,1,0,1,1,0,0,1,0,1,0,1,0,1,1,0,0,0,1,1,0,0,1.3446049771951385,0.9538042623550989
-1.4406740062305912,0.0,1.3303887069183917,1.1055362911451465,0.0,0.0,1.863452179595359,0,0.7847441697090995,0,1,1,0,0,1,0,1,0,0,0,1,0,0,1,0,0,1,0,0,1,0,1,0,1,0,1,0,1,0,0,1,0,1,0,1,0,1,0,1,0,1,0,0,1,0,1.7323270417842758,0.4449785159231008
1.1985179125610164,0.0,-0.7405422853743632,0.037855076107910814,0.0,0.0,-0.7796630951185004,1,-0.7509285807693429,1,0,0,1,1,0,1,0,0,0,0,0,0,1,0,1,0,1,0,0,1,0,1,0,1,0,1,0,1,0,1,0,1,0,1,0,0,1,1,0,0,0,1,1,0,0,-2.5358753942531016,0.9049938814946038
-1.675268843456512,0.0,0.1746107462965036,-1.9375899111105526,0.0,0.0,1.863452179595359,0,-0.11622850178206956,0,1,1,0,0,1,1,0,0,1,0,0,0,0,0,1,1,0,0,0,0,1,1,0,1,0,1,0,1,0,1,0,1,0,1,0,1,0,0,0,1,1,0,0,1,0,1.2659278425572094,-2.1194826665946773
0.20148985435085345,0.0,1.6553296487093945,0.33012629336122234,0.0,0.0,1.863452179595359,0,-0.8061927037418496,1,0,1,0,0,1,1,0,1,0,0,0,0,0,1,0,0,1,0,0,1,0,1,0,1,0,1,0,0,1,0,1,0,1,0,1,1,0,0,0,1,0,1,0,1,0,2.1648951759696278,0.39171061824273556
-1.3233765876176309,0.0,0.1525588660152779,1.0438898632431284,0.0,0.0,0.10137532978611936,0,1.7945704167521757,0,1,1,0,0,1,1,0,0,1,0,0,0,0,0,1,0,1,0,0,1,0,0,1,0,1,0,1,0,1,0,1,0,1,0,1,0,1,0,0,1,0,1,0,1,0,3.189147906922613,0.37949093522713173
-1.675268843456512,0.0,-0.24372639433263124,1.2157481529951086,0.0,0.0,0.9824137546907391,0,1.3139400139306783,0,1,1,0,1,0,0,1,0,1,0,0,0,0,0,1,0,1,0,0,1,0,1,0,0,1,1,0,0,1,0,1,0,1,0,1,0,1,0,1,0,0,1,1,0,0,2.86899599307577,0.2660003661443692
1.6677075870128577,0.0,-0.745082378373439,0.33012629336122234,0.0,0.0,0.9824137546907391,0,-0.06263904920266918,1,0,0,1,1,0,1,0,1,0,0,0,0,0,0,1,0,1,0,0,1,0,0,1,0,1,0,1,1,0,0,1,0,1,1,0,0,1,0,0,1,1,0,0,1,0,2.303101589227877,0.6067696658736691
-0.7368894945528293,0.0,-0.6477946712503845,-1.9375899111105526,0.0,0.0,0.9824137546907391,0,-1.415772726832529,1,0,1,0,0,1,0,1,1,0,0,0,0,0,1,0,1,0,0,0,0,1,1,0,1,0,1,0,1,0,1,0,1,0,1,0,1,0,0,0,1,1,0,0,1,0,-0.3821691508557208,-1.5311447505600073
1.374464040480457,0.0,-0.4681367054298104,0.14806693795787343,0.0,0.0,-0.7796630951185004,1,0.14502007954250734,1,0,0,1,1,0,1,0,0,0,0,0,0,1,1,0,0,1,1,0,0,0,1,0,1,0,1,0,1,0,1,0,1,0,1,0,0,1,1,0,0,1,0,1,0,0,-3.0744779393324486,0.0590142261703576
0.43608469157677415,0.0,-0.08482313936497526,-1.9375899111105526,0.0,0.0,1.863452179595359,0,1.5408578521965768,1,0,1,0,0,1,1,0,1,0,0,0,0,0,0,1,1,0,0,0,0,1,1,0,1,0,1,0,1,0,1,0,1,0,1,0,1,0,0,0,1,1,0,0,1,0,1.2781685410663488,-2.214246877619112
0.6706795288026948,0.0,-0.6666036279608417,-1.9375899111105526,0.0,0.0,1.863452179595359,0,0.7060346612331052,1,0,1,0,1,0,0,1,0,0,0,0,0,1,1,0,1,0,0,0,0,1,1,0,1,0,1,0,1,0,1,0,1,0,1,0,1,0,1,0,0,1,0,0,1,0,-2.549715815487836,-0.8241418689005117
-0.9714843317787499,0.0,0.3399998484056962,0.037855076107910814,0.0,0.0,0.10137532978611936,0,0.4933515213086099,1,0,1,0,0,1,0,1,0,0,1,0,0,0,0,1,0,1,0,0,1,0,0,1,1,0,1,0,0,1,1,0,1,0,1,0,0,1,1,0,0,0,1,1,0,0,2.499283107990724,-0.24874965417446807
0.7879769474156552,0.0,1.7318626449795307,0.44303577337051536,0.0,0.0,-0.7796630951185004,1,0.16679079465288876,1,0,1,0,0,1,0,1,0,0,0,0,0,1,1,0,0,1,0,1,0,0,1,0,1,0,1,0,1,0,1,0,1,0,1,0,0,1,1,0,0,0,1,1,0,0,-1.182969452284063,-0.19021791441644983
0.08419243573789313,0.0,0.5618158206462608,-0.023791351794107286,0.0,0.0,-1.2201823075708103,1,-1.3018951401013032,1,0,1,0,1,0,1,0,1,0,0,0,0,0,1,0,0,1,0,1,0,0,0,1,1,0,1,0,0,1,1,0,1,0,1,0,0,1,1,0,0,0,1,1,0,0,-2.6904553427092592,0.31677397491366965
-0.32634852940746806,0.0,0.1097522748811339,0.0949307535196783,0.0,0.0,1.863452179595359,0,0.9203924715507067,1,0,1,0,1,0,1,0,1,0,0,0,0,0,0,1,0,1,0,0,1,0,1,0,0,1,0,1,0,1,0,1,0,1,0,1,0,1,0,0,1,0,1,1,0,0,3.1524339206642757,0.3178467158363796
-0.678240785246349,0.0,-1.4591741486566596,0.037855076107910814,0.0,0.0,-0.7796630951185004,1,-1.409074045260104,1,0,1,0,0,1,1,0,0,0,0,0,0,1,1,0,0,1,0,1,0,0,1,0,1,0,1,0,1,0,1,0,0,1,0,1,1,0,1,0,0,0,1,1,0,0,-3.427088240321132,-0.3707134871739548
1.785005005625818,0.0,1.5178296893088103,-0.5576319593127251,0.0,0.0,-1.2201823075708103,1,-0.8363367708177623,1,0,0,1,0,1,1,0,1,0,0,0,0,0,1,0,0,1,0,0,1,0,1,0,1,0,1,0,1,0,1,0,1,0,1,0,0,1,1,0,0,0,1,1,0,0,0.3512776766223079,0.33599691855459146
-0.9128356224722697,0.0,0.4723111300930506,0.4772711516590301,0.0,0.0,0.10137532978611936,0,0.6013677616639638,1,0,1,0,0,1,1,0,1,0,0,0,0,0,0,1,0,1,0,0,1,0,1,0,0,1,0,1,0,1,0,1,0,1,0,1,0,1,0,0,1,1,0,1,0,0,3.1316849461892877,0.2711624983997264
-0.03310498287506721,0.0,1.186402900376271,0.6819075454764912,0.0,0.0,-1.2201823075708103,1,1.0652514605543983,1,0,1,0,1,0,1,0,0,0,0,0,0,1,1,0,0,1,0,1,0,0,1,0,1,0,0,1,1,0,1,0,1,0,1,0,1,0,1,0,0,0,1,1,0,0,-1.6860529712152668,0.041061326811721525
-1.2060791690046706,0.0,1.1624052659525845,1.2157481529951086,0.0,0.0,-0.7796630951185004,1,0.22875359919782046,0,1,1,0,0,1,0,1,1,0,0,0,0,0,1,0,0,1,1,0,0,0,1,0,1,0,1,0,1,0,1,0,1,0,1,0,0,1,1,0,0,0,1,1,0,0,-2.8135794762277127,0.036615532047844956
-0.9128356224722697,0.0,-0.6075824189728553,1.1896382221608675,0.0,0.0,-1.2201823075708103,1,-1.543047676708605,1,0,1,0,1,0,0,1,1,0,0,0,0,0,1,0,0,1,0,0,1,0,1,0,1,0,1,0,1,0,0,1,1,0,1,0,0,1,1,0,0,0,1,1,0,0,-2.4085307983609296,1.0525045939406334
0.729328238109175,0.0,-0.5174291437054914,0.6287713610382961,0.0,0.0,0.10137532978611936,0,1.0133366783681044,1,0,1,0,1,0,1,0,0,0,1,0,0,0,0,1,0,1,0,0,1,0,1,0,1,0,0,1,1,0,1,0,0,1,0,1,0,1,1,0,0,1,0,0,1,0,2.3229033710097133,-0.12931042484291969
0.14284114504437329,0.0,0.5734903455010273,0.6007621217270765,0.0,0.0,0.10137532978611936,0,1.0284087119060608,1,0,1,0,1,0,1,0,1,0,0,0,0,0,0,1,0,1,0,1,0,0,0,1,0,1,0,1,0,1,1,0,0,1,0,1,0,1,0,0,1,0,1,0,1,0,2.4015717560478356,-0.42168701659901503
-0.5022946573269086,0.0,0.6085139200653269,-0.33606808855469933,0.0,0.0,-0.7796630951185004,1,-0.6353763236450108,1,0,1,0,1,0,1,0,1,0,0,0,0,0,1,0,0,1,0,0,1,0,1,0,1,0,1,0,1,0,0,1,1,0,1,0,0,1,1,0,0,0,1,1,0,0,-1.2579014814036134,0.910960388370269
-1.2647278783111506,0.0,0.8095751814529729,0.6007621217270765,0.0,0.0,1.863452179595359,0,-0.9083475977213316,0,1,1,0,1,0,1,0,1,0,0,0,0,0,1,0,0,1,0,0,1,0,1,0,1,0,1,0,1,0,1,0,1,0,1,0,0,1,1,0,0,0,1,0,1,0,0.829276533071909,0.008155509412592318
-0.7368894945528293,0.0,-0.5686673361236334,-0.023791351794107286,0.0,0.0,-1.2201823075708103,1,-0.1606072671993855,1,0,1,0,1,0,1,0,0,0,0,0,0,1,1,0,0,1,0,1,0,0,0,1,1,0,1,0,1,0,1,0,1,0,1,0,0,1,1,0,0,0,1,1,0,0,-2.4744305120561156,0.06583074168884641
-1.6166201341500317,0.0,-1.4591741486566596,1.1055362911451465,0.0,0.0,0.9824137546907391,0,-0.07017506597164735,0,1,1,0,1,0,0,1,0,0,0,1,0,0,1,0,0,1,1,0,0,0,1,0,1,0,1,0,1,0,1,0,1,0,1,0,0,1,1,0,0,1,0,0,1,0,-1.4496853631131659,-1.476076325906965
-0.8541869131657895,0.0,1.3472519094863882,0.28848538496648446,0.0,0.0,-1.2201823075708103,1,0.5946690800915387,1,0,1,0,0,1,1,0,1,0,0,0,0,0,0,1,0,1,0,0,1,0,1,0,1,0,1,0,0,1,1,0,1,0,1,0,0,1,1,0,0,0,1,1,0,0,-1.1394496568122547,0.9438912179519051
0.6120308194962146,0.0,-1.4591741486566596,1.1896382221608675,0.0,0.0,0.10137532978611936,0,-1.1955535701390556,1,0,1,0,0,1,0,1,1,0,0,0,0,0,1,0,0,1,0,1,0,0,0,1,0,1,1,0,0,1,1,0,1,0,1,0,0,1,0,0,1,1,0,0,1,0,-1.8007617813535464,-0.6275773375556915
0.8466256567221353,0.0,-0.03163919280437207,-0.5576319593127251,0.0,0.0,1.863452179595359,0,0.1893988449598233,1,0,1,0,0,1,1,0,0,1,0,0,0,0,0,1,0,1,0,1,0,0,1,0,0,1,0,1,1,0,0,1,0,1,0,1,0,1,0,0,1,1,0,1,0,0,2.618495823371967,-0.5526499366355451
-1.3233765876176309,0.0,0.7479596336083719,-1.9375899111105526,0.0,0.0,0.9824137546907391,0,0.1734894762253138,0,1,1,0,0,1,0,1,1,0,0,0,0,0,0,1,1,0,0,0,0,1,1,0,1,0,1,0,1,0,1,0,1,0,1,0,1,0,0,0,1,0,1,1,0,0,1.336290769305972,-2.0620275806435604
-1.6166201341500317,0.0,1.713053688269073,1.2157481529951086,0.0,0.0,0.10137532978611936,0,-1.6987920232674873,0,1,1,0,1,0,1,0,0,0,0,1,0,0,1,0,0,1,0,1,0,0,1,0,0,1,0,1,0,1,0,1,0,1,0,1,0,1,0,1,0,1,0,0,1,0,1.1093677946869382,0.27514896288266477
0.9052743660286154,0.0,0.4333960472438287,0.33012629336122234,0.0,0.0,0.10137532978611936,1,0.4833034989499723,1,0,1,0,0,1,1,0,0,1,0,0,0,0,0,1,0,1,0,1,0,0,1,0,0,1,0,1,0,1,1,0,0,1,0,1,1,0,0,1,0,0,1,1,0,0,2.4850731543658,-0.6608375580864363
-1.3233765876176309,0.0,-1.079103506162593,-1.9375899111105526,0.0,0.0,1.863452179595359,0,-0.7165978377106645,0,1,1,0,0,1,0,1,1,0,0,0,0,0,1,0,1,0,0,0,0,1,1,0,1,0,1,0,1,0,1,0,1,0,1,0,1,0,0,1,0,0,1,1,0,0,-0.6335411936099723,-1.5388990717930984
0.8466256567221353,0.0,0.2621696827072526,-1.9375899111105526,0.0,0.0,0.9824137546907391,0,0.08808128617689442,1,0,1,0,1,0,1,0,1,0,0,0,0,0,1,0,1,0,0,0,0,1,1,0,1,0,1,0,1,0,1,0,1,0,1,0,1,0,0,1,0,0,1,0,1,0,-0.8310521614159823,-1.2321637443152027
-0.8541869131657895,0.0,-0.7781601987952776,0.4772711516590301,0.0,0.0,0.10137532978611936,1,-0.1932633398649576,1,0,1,0,0,1,1,0,0,0,0,1,0,0,0,1,0,1,0,0,1,0,1,0,1,0,1,0,1,0,0,1,0,1,0,1,0,1,1,0,0,0,1,0,1,0,1.1700048961150853,0.6584633194701792
-0.6195920759398689,0.0,-0.6289857145399272,-0.5576319593127251,0.0,0.0,-1.2201823075708103,1,-0.9535636983352006,1,0,1,0,0,1,1,0,1,0,0,0,0,0,1,0,0,1,0,1,0,0,1,0,1,0,1,0,1,0,1,0,1,0,1,0,0,1,1,0,0,0,1,1,0,0,-3.1029453645822054,0.07485912302108402
-0.09175369218154737,0.0,1.537935815447575,0.14806693795787343,0.0,0.0,0.10137532978611936,1,-0.4252051893101749,1,0,1,0,1,0,1,0,1,0,0,0,0,0,1,0,0,1,1,0,0,0,1,0,1,0,0,1,0,1,1,0,0,1,0,1,0,1,0,1,0,0,1,0,1,0,1.2973900187801106,-0.43167599981063076
-0.5609433666333887,0.0,0.05267682003560838,0.6287713610382961,0.0,0.0,0.9824137546907391,0,0.992403298454276,1,0,1,0,0,1,1,0,1,0,0,0,0,0,1,0,0,1,0,1,0,0,0,1,1,0,0,1,1,0,0,1,1,0,1,0,0,1,0,0,1,1,0,0,1,0,0.006452973846866822,0.11447885385890598
-0.03310498287506721,0.0,0.7265563380413,0.19777251896391848,0.0,0.0,1.863452179595359,0,0.06547323586995989,1,0,1,0,0,1,1,0,0,0,1,0,0,0,1,0,0,1,1,0,0,0,1,0,0,1,0,1,0,1,1,0,1,0,1,0,0,1,0,0,1,0,1,0,1,0,2.023399946836153,-0.9941220862787553
-1.4993227155370714,0.0,1.0592802964021464,1.2654537340011538,0.0,0.0,-1.2201823075708103,1,-1.1612228270803773,0,1,1,0,0,1,1,0,0,0,0,0,0,1,1,0,0,1,0,0,1,0,1,0,1,0,0,1,1,0,0,1,0,1,0,1,0,1,1,0,0,0,1,1,0,0,-0.024133106434044944,1.203828387550977
0.08419243573789313,0.0,1.3336316304891604,-0.1642097988027183,0.0,0.0,0.10137532978611936,0,1.368366801706632,1,0,1,0,1,0,1,0,1,0,0,0,0,0,1,0,0,1,0,0,1,0,0,1,0,1,1,0,0,1,1,0,1,0,1,0,0,1,1,0,0,0,1,0,1,0,-2.047464901876462,1.181773089888659
-0.7368894945528293,0.0,-1.1900114922828753,0.33012629336122234,0.0,0.0,0.9824137546907391,0,-0.7249711896761959,1,0,1,0,1,0,1,0,0,0,0,0,1,0,1,0,0,1,1,0,0,0,1,0,1,0,1,0,1,0,1,0,1,0,1,0,0,1,1,0,0,0,1,1,0,0,-0.5334988091989854,-0.5821498165184439
0.20148985435085345,0.0,-0.15551887320772825,0.36963080871589915,0.0,0.0,0.10137532978611936,0,-0.25103946842712366,1,0,1,0,0,1,0,1,1,0,0,0,0,0,0,1,0,1,0,0,1,0,0,1,0,1,1,0,1,0,1,0,1,0,1,0,0,1,1,0,0,0,1,1,0,0,2.1081241598819798,-0.11931237835116237
1.3158153311739766,0.0,0.5598700665037996,-0.5576319593127251,0.0,0.0,0.10137532978611936,1,0.34765519710836507,1,0,0,1,1,0,1,0,1,0,0,0,0,0,1,0,0,1,0,0,1,0,1,0,1,0,1,0,1,0,1,0,1,0,1,0,0,1,1,0,0,0,1,1,0,0,-2.3837519705031025,0.775869467782901
0.3187872729638138,0.0,1.270718913216252,-0.1642097988027183,0.0,0.0,-1.2201823075708103,1,1.2117851199511964,1,0,1,0,1,0,1,0,0,0,0,0,0,1,1,0,0,1,0,0,1,0,1,0,1,0,1,0,1,0,1,0,1,0,1,0,0,1,1,0,0,0,1,0,1,0,-2.289343586902666,0.7907968019468617
0.4947334008832543,0.0,0.862759128013576,-1.9375899111105526,0.0,0.0,0.10137532978611936,0,1.1414489634407334,1,0,1,0,0,1,1,0,0,0,0,1,0,0,1,0,1,0,0,0,0,1,1,0,1,0,1,0,1,0,1,0,1,0,1,0,1,0,0,1,0,1,0,0,1,0,-0.386673286393216,-1.3446464176846495
-1.3820252969241111,0.0,0.23492912471279742,-1.9375899111105526,0.0,0.0,-0.7796630951185004,1,-0.42353051891706867,0,1,1,0,1,0,1,0,0,0,0,0,0,1,1,0,1,0,0,0,0,1,1,0,1,0,1,0,1,0,1,0,1,0,1,0,1,0,1,0,0,1,0,0,1,0,-3.582926993097549,-0.6364934374648167
1.5504101683998974,0.0,0.591002132783177,-1.0914725668313427,0.0,0.0,0.10137532978611936,1,-0.5432694520241664,1,0,0,1,1,0,1,0,0,0,0,0,0,1,0,1,0,1,0,0,1,0,1,0,1,0,1,0,1,0,0,1,0,1,1,0,0,1,1,0,0,0,1,1,0,0,-0.7034903713724764,1.3693510733182128
0.5533821101897345,0.0,-1.0992096323013576,0.0949307535196783,0.0,0.0,0.10137532978611936,1,-1.7004666936605937,1,0,1,0,1,0,1,0,0,0,0,0,0,1,1,0,0,1,0,1,0,0,1,0,1,0,1,0,1,0,1,0,1,0,1,0,0,1,1,0,0,0,1,0,0,1,-3.2759061692642675,0.06474573026421562
0.4947334008832543,0.0,0.5047403658007354,0.7071612569928716,0.0,0.0,-1.2201823075708103,1,-1.555607704656902,1,0,1,0,1,0,1,0,0,0,0,1,0,0,0,1,0,1,0,0,1,0,1,0,0,1,1,0,1,0,1,0,0,1,0,1,0,1,1,0,0,0,1,1,0,0,1.2607973168408904,0.594120779133852
-1.6166201341500317,0.0,1.360223603769462,1.2654537340011538,0.0,0.0,0.10137532978611936,1,1.4998284275654734,0,1,1,0,1,0,1,0,1,0,0,0,0,0,0,1,0,1,0,0,1,0,0,1,1,0,0,1,1,0,0,1,0,1,0,1,0,1,0,1,0,0,1,1,0,0,2.602951243392616,0.4638066901953036
0.37743598227029396,0.0,0.36983474525676635,0.6819075454764912,0.0,0.0,0.10137532978611936,1,0.7152453483951896,1,0,1,0,1,0,1,0,1,0,0,0,0,0,0,1,0,1,0,0,1,0,1,0,1,0,0,1,1,0,0,1,0,1,0,1,0,1,1,0,0,0,1,1,0,0,-0.4518759259763145,1.4826421358979518
-0.32634852940746806,0.0,-0.5543984724122522,-0.023791351794107286,0.0,0.0,0.9824137546907391,0,0.6758905941571924,1,0,1,0,0,1,0,1,1,0,0,0,0,0,0,1,0,1,0,0,1,0,0,1,1,0,1,0,0,1,0,1,0,1,0,1,0,1,0,1,0,0,1,1,0,0,2.6686204473074486,0.2579373852399627
0.43608469157677415,0.0,0.8407072477323506,-1.9375899111105526,0.0,0.0,0.9824137546907391,0,-1.580727760553496,1,0,1,0,0,1,1,0,0,0,1,0,0,0,0,1,1,0,0,0,0,1,1,0,1,0,1,0,1,0,1,0,1,0,1,0,1,0,0,1,0,0,1,1,0,0,0.6290660911382763,-1.6874837767526099
0.729328238109175,0.0,0.6441860793437802,-1.0914725668313427,0.0,0.0,-1.2201823075708103,1,0.8483816446471375,1,0,1,0,1,0,1,0,0,0,0,0,0,1,1,0,0,1,0,0,1,0,0,1,0,1,1,0,1,0,1,0,1,0,1,0,0,1,1,0,0,0,1,1,0,0,-1.2366398134660792,0.9278537592797577
0.9639230753350957,0.0,0.9328062771421757,-0.24535522255213305,0.0,0.0,-1.2201823075708103,1,0.6825892757296175,1,0,1,0,0,1,1,0,0,0,0,0,0,1,0,1,0,1,0,0,1,0,0,1,1,0,0,1,1,0,1,0,1,0,1,0,0,1,1,0,0,0,1,1,0,0,-0.6274454001778786,1.0072233338993613
-0.20905111079450772,0.0,-1.0304596526010659,-1.9375899111105526,0.0,0.0,0.9824137546907391,0,-1.1017720281251049,1,0,1,0,1,0,1,0,0,0,0,0,0,1,1,0,1,0,0,0,0,1,1,0,1,0,1,0,1,0,1,0,1,0,1,0,1,0,1,0,0,1,0,0,1,0,-3.1348565124483403,-0.7981379010491371
-0.9128356224722697,0.0,1.6806244525613883,-1.9375899111105526,0.0,0.0,0.9824137546907391,0,-0.10450580903032572,1,0,1,0,1,0,1,0,1,0,0,0,0,0,1,0,1,0,0,0,0,1,1,0,1,0,1,0,1,0,1,0,1,0,1,0,1,0,0,0,1,1,0,0,1,0,1.3786736411200329,-2.266068366980509
-0.32634852940746806,0.0,-0.3708489983067557,0.5100492557245105,0.0,0.0,0.9824137546907391,0,-0.035844322912968976,1,0,1,0,0,1,1,0,0,0,0,0,1,0,0,1,0,1,0,0,1,0,1,0,1,0,1,0,1,0,1,0,1,0,1,0,0,1,1,0,0,0,1,1,0,0,0.22924887231864907,0.32433902424284156
0.9639230753350957,0.0,0.9846930542744713,0.6007621217270765,0.0,0.0,-1.2201823075708103,1,-0.7224591840865364,1,0,1,0,0,1,0,1,1,0,0,0,0,0,1,0,0,1,0,0,1,0,1,0,1,0,1,0,1,0,1,0,1,0,1,0,0,1,1,0,0,0,1,0,1,0,-2.3122038111479943,0.8055804262976214
1.9023024242387783,0.0,0.46452811352320617,0.6819075454764912,0.0,0.0,1.863452179595359,0,0.8935977452610065,1,0,0,1,0,1,1,0,0,0,0,1,0,0,1,0,0,1,0,0,1,0,1,0,1,0,0,1,1,0,0,1,1,0,1,0,0,1,1,0,0,0,1,0,1,0,1.4188087055066048,0.3274707534322534
-1.3820252969241111,0.0,0.8608133738711153,1.2654537340011538,0.0,0.0,-1.2201823075708103,1,-1.332876542373769,0,1,1,0,1,0,1,0,1,0,0,0,0,0,1,0,0,1,0,0,1,0,1,0,1,0,1,0,1,0,1,0,0,1,0,1,0,1,1,0,0,1,0,1,0,0,-2.149437848447387,1.0957151328791201
-1.2647278783111506,0.0,1.0534430339747634,1.1055362911451465,0.0,0.0,0.10137532978611936,0,-0.9996171341456229,0,1,1,0,1,0,1,0,1,0,0,0,0,0,0,1,0,1,0,0,1,0,1,0,0,1,1,0,1,0,1,0,1,0,1,0,0,1,1,0,0,0,1,0,1,0,-0.9256648072902447,0.9248572945846191
0.5533821101897345,0.0,-0.7107073885232932,0.36963080871589915,0.0,0.0,-1.2201823075708103,1,0.6683545773882142,1,0,1,0,0,1,0,1,1,0,0,0,0,0,0,1,0,1,0,0,1,0,1,0,0,1,1,0,1,0,1,0,1,0,1,0,0,1,1,0,0,0,1,1,0,0,-1.0493900618224896,0.8759349085951939
-1.3233765876176309,0.0,0.42626161538813806,1.120206624171783,0.0,0.0,-1.2201823075708103,1,0.8266109295367561,0,1,1,0,1,0,1,0,1,0,0,0,0,0,1,0,0,1,0,0,1,0,1,0,0,1,1,0,1,0,1,0,0,1,0,1,0,1,1,0,0,0,1,0,0,1,0.8153683792507179,0.564461700017685
-1.6166201341500317,0.0,0.9211317522874092,1.2157481529951086,0.0,0.0,0.9824137546907391,0,0.09059329176655383,0,1,1,0,1,0,1,0,1,0,0,0,0,0,0,1,0,1,0,0,1,0,0,1,0,1,0,1,0,1,0,1,1,0,1,0,0,1,1,0,0,0,1,1,0,0,2.1123795680516992,0.811861667686221
-1.2060791690046706,0.0,0.2089857361466494,-1.9375899111105526,0.0,0.0,1.863452179595359,0,1.1573583321752428,0,1,1,0,1,0,1,0,1,0,0,0,0,0,1,0,1,0,0,0,0,1,1,0,1,0,1,0,1,0,1,0,1,0,1,0,1,0,0,0,1,1,0,0,1,0,0.6422872646850288,-1.9816988652994225
1.6090588777063775,0.0,0.8154124438803564,-0.09080483414810245,0.0,0.0,0.10137532978611936,1,0.8508936502367969,1,0,0,1,1,0,1,0,1,0,0,0,0,0,0,1,0,1,0,0,1,0,1,0,1,0,1,0,1,0,1,0,1,0,1,0,0,1,1,0,0,0,1,1,0,0,0.18992208474120076,0.4553383370942119
-0.15040240148802755,0.0,-1.3378888071099182,-1.9375899111105526,0.0,0.0,0.9824137546907391,0,1.1891770696442618,1,0,1,0,0,1,0,1,1,0,0,0,0,0,1,0,1,0,0,0,0,1,1,0,1,0,1,0,1,0,1,0,1,0,1,0,1,0,0,0,1,1,0,1,0,0,0.27545935062011173,-2.145114073158287
1.081220493948056,0.0,-1.4591741486566596,-0.869908696073317,0.0,0.0,0.10137532978611936,1,-1.6996293584640405,1,0,0,1,0,1,1,0,1,0,0,0,0,0,1,0,0,1,1,0,0,0,1,0,0,1,1,0,1,0,0,1,1,0,1,0,0,1,1,0,0,0,1,1,0,0,-0.6367572166081084,-1.290615660950943
0.37743598227029396,0.0,-1.3742095511025254,0.28848538496648446,0.0,0.0,0.9824137546907391,0,0.18353749858395138,1,0,1,0,0,1,1,0,1,0,0,0,0,0,1,0,0,1,0,0,1,0,1,0,1,0,0,1,0,1,0,1,0,1,0,1,0,1,0,0,1,0,1,0,1,0,1.3589803907074804,0.5016744791050662
-1.675268843456512,0.0,1.5061551644540438,1.1055362911451465,0.0,0.0,1.863452179595359,0,-0.40427180939634666,0,1,1,0,1,0,1,0,1,0,0,0,0,0,1,0,0,1,1,0,0,0,1,0,0,1,0,1,1,0,0,1,1,0,0,1,1,0,1,0,0,0,1,0,1,0,1.1756949453617176,-0.20632471390414944
-0.8541869131657895,0.0,-1.4591741486566596,0.5716956836265287,0.0,0.0,0.10137532978611936,0,-0.5993709101932262,1,0,1,0,0,1,1,0,0,0,0,0,0,1,1,0,0,1,1,0,0,0,0,1,1,0,1,0,0,1,1,0,1,0,1,0,0,1,1,0,0,1,0,0,1,0,-3.2026346564291823,-0.4195297337743603
0.7879769474156552,0.0,-0.042665132944985036,0.7071612569928716,0.0,0.0,0.10137532978611936,0,0.3158364596393461,1,0,1,0,0,1,0,1,1,0,0,0,0,0,0,1,0,1,0,1,0,0,0,1,0,1,1,0,0,1,0,1,1,0,1,0,0,1,0,0,1,1,0,0,1,0,2.497550103457589,-0.7790634212093556
-0.5609433666333887,0.0,1.7098107646983047,-0.43890985399893934,0.0,0.0,-1.2201823075708103,1,0.34514319151870565,1,0,1,0,1,0,1,0,1,0,0,0,0,0,0,1,0,1,0,0,1,0,0,1,0,1,0,1,1,0,0,1,0,1,0,1,0,1,0,0,1,0,1,1,0,0,2.8796306170392088,0.6702648113408831
-1.2060791690046706,0.0,0.050731065893147444,1.1055362911451465,0.0,0.0,0.10137532978611936,0,0.031142492811281515,0,1,1,0,0,1,1,0,1,0,0,0,0,0,0,1,0,1,0,0,1,0,0,1,1,0,0,1,1,0,0,1,0,1,0,1,0,1,0,1,0,0,1,1,0,0,2.307394388372428,0.5408424485084863
-0.09175369218154737,0.0,-1.4591741486566596,0.24446373527230422,0.0,0.0,-0.7796630951185004,1,0.6742159237640862,1,0,1,0,1,0,1,0,1,0,0,0,0,0,1,0,0,1,1,0,0,0,1,0,0,1,1,0,1,0,1,0,1,0,1,0,0,1,1,0,0,0,1,1,0,0,-2.2516839770459667,-0.8625324334098582
-1.675268843456512,0.0,-1.4591741486566596,1.2157481529951086,0.0,0.0,1.863452179595359,0,-0.24434078685469862,0,1,1,0,1,0,1,0,1,0,0,0,0,0,1,0,0,1,0,1,0,0,1,0,0,1,1,0,1,0,1,0,0,1,0,1,1,0,1,0,0,0,1,1,0,0,-1.5277796904959395,-0.7986310461042634
-1.3233765876176309,0.0,0.26022392856479165,1.2654537340011538,0.0,0.0,-1.2201823075708103,1,0.7487387562573149,0,1,1,0,1,0,1,0,1,0,0,0,0,0,1,0,0,1,1,0,0,0,1,0,0,1,1,0,0,1,1,0,0,1,0,1,0,1,0,1,0,0,1,0,1,0,1.1481609624149878,-0.3036357856818556
0.14284114504437329,0.0,-0.3980895563012111,-1.9375899111105526,0.0,0.0,1.863452179595359,0,1.088696846057886,1,0,1,0,1,0,1,0,0,0,0,0,0,1,1,0,1,0,0,0,0,1,1,0,1,0,1,0,1,0,1,0,1,0,1,0,1,0,1,0,0,1,0,0,1,0,-3.779552865122137,-0.6638769869305519
0.3187872729638138,0.0,0.2310376164278751,-0.869908696073317,0.0,0.0,-1.2201823075708103,1,-1.8001095820504163,1,0,1,0,1,0,1,0,0,0,0,0,0,1,1,0,0,1,0,0,1,0,1,0,1,0,0,1,1,0,1,0,1,0,1,0,0,1,1,0,0,1,0,1,0,0,-2.325757577118687,0.9409773589973496
-1.2647278783111506,0.0,-1.4591741486566596,1.120206624171783,0.0,0.0,0.10137532978611936,0,-0.1606072671993855,0,1,1,0,0,1,0,1,0,0,0,0,1,0,1,0,0,1,0,1,0,0,1,0,1,0,1,0,1,0,1,0,1,0,1,0,0,1,1,0,0,1,0,0,1,0,-2.021665092085656,-1.1572937488826331
-0.6195920759398689,0.0,-1.310648249115463,-1.9375899111105526,0.0,0.0,0.9824137546907391,0,0.06882257665617242,1,0,1,0,1,0,1,0,0,0,0,0,1,0,0,1,1,0,0,0,0,1,1,0,1,0,1,0,1,0,1,0,1,0,1,0,1,0,1,0,0,1,0,1,0,0,-1.787830482987025,-0.9357512774162068
-1.4406740062305912,0.0,1.4750230981746666,0.9591705620964788,0.0,0.0,0.10137532978611936,0,1.0518540974095483,0,1,1,0,0,1,1,0,0,1,0,0,0,0,0,1,0,1,0,0,1,0,1,0,0,1,0,1,0,1,1,0,0,1,0,1,0,1,0,0,1,0,1,1,0,0,3.0212086201670254,-0.0213887243234981
-1.0887817503917103,0.0,1.1513793258119716,0.36963080871589915,0.0,0.0,-1.2201823075708103,1,-0.8053553685452964,0,1,1,0,0,1,1,0,0,0,0,1,0,0,1,0,0,1,0,0,1,0,1,0,0,1,1,0,1,0,0,1,1,0,1,0,0,1,1,0,0,0,1,0,1,0,1.7161508858516108,0.2565481127239656
-0.15040240148802755,0.0,0.49112008680350777,-1.9375899111105526,0.0,0.0,0.10137532978611936,1,-1.3722312966117662,1,0,1,0,0,1,1,0,1,0,0,0,0,0,1,0,1,0,0,0,0,1,1,0,1,0,1,0,1,0,1,0,1,0,1,0,1,0,1,0,0,0,1,0,1,0,-0.13467746230891686,-1.5099733683455336
-1.4406740062305912,0.0,0.6720752220523892,1.2028038281759472,0.0,0.0,-0.7796630951185004,1,0.42887671117401877,0,1,1,0,1,0,1,0,0,0,0,0,0,1,0,1,0,1,0,0,1,0,1,0,1,0,1,0,1,0,1,0,1,0,1,0,0,1,1,0,0,0,1,0,0,1,-2.2698016562106016,0.9347975154003514
-0.6195920759398689,0.0,-0.8021578332189644,-1.9375899111105526,0.0,0.0,0.9824137546907391,0,0.46237011903614406,1,0,1,0,0,1,0,1,1,0,0,0,0,0,1,0,1,0,0,0,0,1,1,0,1,0,1,0,1,0,1,0,1,0,1,0,1,0,0,0,1,1,0,0,1,0,0.2805928093485405,-1.8747831251814877
-0.5022946573269086,0.0,1.7480772628333732,-0.09080483414810245,0.0,0.0,0.9824137546907391,0,0.17767615220807945,1,0,1,0,0,1,0,1,1,0,0,0,0,0,1,0,0,1,0,1,0,0,1,0,1,0,1,0,0,1,1,0,1,0,1,0,0,1,1,0,0,0,1,0,1,0,-1.0723825739018247,-0.07072778100225509
0.729328238109175,0.0,1.2026175182301135,-1.9375899111105526,0.0,0.0,0.10137532978611936,0,1.3591561145445474,1,0,1,0,1,0,1,0,0,0,0,0,1,0,1,0,1,0,0,0,0,1,1,0,1,0,1,0,1,0,1,0,1,0,1,0,1,0,1,0,0,1,0,0,1,0,-1.4692363251116496,-1.0324090329805478
1.1398692032545361,0.0,-1.4591741486566596,0.40720749028027037,0.0,0.0,1.863452179595359,0,-0.18321531750632006,1,0,0,1,0,1,0,1,1,0,0,0,0,0,1,0,0,1,0,1,0,0,1,0,0,1,0,1,1,0,1,0,1,0,1,0,0,1,0,0,1,0,1,0,1,0,-1.198927941253818,-1.140082555424643
1.1398692032545361,0.0,1.036579831406767,0.0949307535196783,0.0,0.0,1.863452179595359,0,-0.2635994963754206,1,0,0,1,0,1,1,0,1,0,0,0,0,0,0,1,0,1,0,0,1,0,1,0,1,0,0,1,1,0,0,1,0,1,1,0,1,0,1,0,0,0,1,0,1,0,2.4835994367241887,0.318467922506973
-1.675268843456512,0.0,1.1662967742375063,-1.9375899111105526,0.0,0.0,-1.2201823075708103,1,-0.03416965251986271,0,1,1,0,1,0,1,0,1,0,0,0,0,0,1,0,1,0,0,0,0,1,1,0,1,0,1,0,1,0,1,0,1,0,1,0,1,0,1,0,0,1,0,0,1,0,-3.4068359485833395,-0.6321372444177598
-0.6195920759398689,0.0,0.13829000230389643,0.0949307535196783,0.0,0.0,0.10137532978611936,1,-0.6253283012863733,1,0,1,0,1,0,1,0,1,0,0,0,0,0,1,0,0,1,0,0,1,0,1,0,0,1,1,0,1,0,1,0,0,1,0,1,0,1,1,0,0,0,1,1,0,0,0.342934911795602,0.775737248263152
-1.5579714248435517,0.0,1.083926515539987,0.9591705620964788,0.0,0.0,-0.7796630951185004,1,-0.31551427856171477,0,1,1,0,1,0,1,0,1,0,0,0,0,0,1,0,0,1,0,0,1,0,1,0,1,0,1,0,1,0,0,1,1,0,0,1,1,0,1,0,0,0,1,0,0,1,-0.4382586232653083,0.828984151938965
-1.6166201341500317,0.0,0.26865552984878965,1.2654537340011538,0.0,0.0,0.10137532978611936,0,0.15841744268735744,0,1,1,0,0,1,1,0,0,0,1,0,0,0,1,0,0,1,0,1,0,0,0,1,1,0,0,1,1,0,0,1,0,1,0,1,0,1,0,1,0,0,1,0,1,0,2.2671472413633493,-0.6577133913662083
0.37743598227029396,0.0,-0.9039856333410948,-1.9375899111105526,0.0,0.0,1.863452179595359,0,0.10733999569761644,1,0,1,0,1,0,1,0,1,0,0,0,0,0,1,0,1,0,0,0,0,1,1,0,1,0,1,0,1,0,1,0,1,0,1,0,1,0,1,0,0,1,0,0,1,0,-3.918178580076986,-0.6301012603745267
0.5533821101897345,0.0,0.7161789826148406,-0.6980504063213363,0.0,0.0,0.10137532978611936,0,0.46823146541201593,1,0,1,0,0,1,1,0,0,0,1,0,0,0,0,1,0,1,0,0,1,0,0,1,0,1,0,1,0,1,0,1,0,1,0,1,0,1,0,1,0,1,0,0,0,1,2.3547031243524215,0.9285968476059326
1.4917614590934172,0.0,-0.3286909918867655,0.6007621217270765,0.0,0.0,-1.2201823075708103,1,-1.524626302384436,1,0,0,1,0,1,1,0,0,0,1,0,0,0,0,1,0,1,0,0,1,0,1,0,0,1,0,1,1,0,0,1,0,1,1,0,0,1,1,0,0,0,1,1,0,0,1.9627871332424973,0.6557177466211639
-0.26769982010098786,0.0,0.3536201274029239,-1.9375899111105526,0.0,0.0,1.863452179595359,0,-0.9284436424386068,1,0,1,0,0,1,0,1,1,0,0,0,0,0,0,1,1,0,0,0,0,1,1,0,1,0,1,0,1,0,1,0,1,0,1,0,1,0,0,0,1,1,0,0,1,0,0.3539943857677937,-1.5367874347696842
1.9023024242387783,0.0,1.7059192564133823,0.037855076107910814,0.0,0.0,-1.2201823075708103,1,1.6262660422449962,1,0,0,1,0,1,1,0,0,0,1,0,0,0,0,1,0,1,0,0,1,0,0,1,1,0,0,1,1,0,0,1,0,1,1,0,0,1,0,1,0,0,1,1,0,0,2.7041566074860657,0.44201090038243274
-1.4993227155370714,0.0,1.4445396166094429,1.2028038281759472,0.0,0.0,0.10137532978611936,1,0.6264878175605577,0,1,1,0,1,0,1,0,0,0,1,0,0,0,0,1,0,1,0,0,1,0,0,1,0,1,1,0,1,0,0,1,1,0,0,1,0,1,0,1,0,0,1,1,0,0,2.3549458491411426,0.2546791688542652
-0.6195920759398689,0.0,-1.21011761842164,-0.6980504063213363,0.0,0.0,-1.2201823075708103,1,0.40208198488431857,1,0,1,0,1,0,1,0,1,0,0,0,0,0,1,0,0,1,0,0,1,0,1,0,0,1,0,1,1,0,1,0,1,0,1,0,0,1,1,0,0,0,1,1,0,0,-0.3479964906772765,0.6616617261641351
0.025543726431412957,0.0,0.6960728564760759,-0.869908696073317,0.0,0.0,0.9824137546907391,0,0.6825892757296175,1,0,1,0,0,1,1,0,0,1,0,0,0,0,0,1,0,1,0,0,1,0,0,1,0,1,0,1,0,1,0,1,0,1,0,1,0,1,0,0,1,1,0,0,1,0,3.1714324596540355,0.43038246722522305
0.3187872729638138,0.0,0.9717213599913972,0.0949307535196783,0.0,0.0,-0.7796630951185004,1,-0.25857548519610185,1,0,1,0,0,1,1,0,1,0,0,0,0,0,1,0,0,1,0,0,1,0,1,0,0,1,1,0,1,0,1,0,0,1,0,1,0,1,1,0,0,1,0,1,0,0,1.3573296320821173,0.3435153885516989
-0.32634852940746806,0.0,0.42885595424475276,-0.1642097988027183,0.0,0.0,-1.2201823075708103,1,-1.7632668334020785,1,0,1,0,1,0,1,0,0,0,0,0,0,1,0,1,0,1,0,0,1,0,1,0,1,0,1,0,1,0,1,0,1,0,1,0,0,1,1,0,0,1,0,1,0,0,-1.032607366050201,0.7689913329921674
-1.675268843456512,0.0,1.417947643329141,1.2028038281759472,0.0,0.0,-1.2201823075708103,1,-1.249980357915009,0,1,1,0,1,0,1,0,1,0,0,0,0,0,1,0,0,1,0,1,0,0,0,1,0,1,1,0,1,0,1,0,1,0,0,1,0,1,1,0,0,0,1,1,0,0,-2.5639436159408597,0.34310651989826035
1.7263562963193377,0.0,-0.41495275886920713,0.037855076107910814,0.0,0.0,-0.7796630951185004,1,-1.7699655149745035,1,0,0,1,0,1,1,0,0,0,0,1,0,0,1,0,0,1,1,0,0,0,1,0,1,0,0,1,1,0,0,1,0,1,0,1,0,1,1,0,0,0,1,1,0,0,0.9367443651864786,0.7736611647054569
-1.2060791690046706,0.0,1.0339854925501522,-1.9375899111105526,0.0,0.0,-0.7796630951185004,1,-0.6445870108070952,0,1,1,0,1,0,1,0,1,0,0,0,0,0,1,0,1,0,0,0,0,1,1,0,1,0,1,0,1,0,1,0,1,0,1,0,1,0,1,0,0,1,0,0,0,1,-3.4709811894031106,-0.6700330394057565
0.5533821101897345,0.0,0.9568039115658623,0.40720749028027037,0.0,0.0,-0.7796630951185004,1,-1.8202056267676914,1,0,1,0,0,1,1,0,1,0,0,0,0,0,1,0,0,1,0,1,0,0,1,0,1,0,1,0,1,0,0,1,1,0,1,0,0,1,1,0,0,1,0,1,0,0,1.3272876974370815,-0.719487881164749
-1.4993227155370714,0.0,1.5418273237324973,-1.9375899111105526,0.0,0.0,0.10137532978611936,1,-0.0877591050992631,0,1,1,0,0,1,1,0,1,0,0,0,0,0,1,0,1,0,0,0,0,1,1,0,1,0,1,0,1,0,1,0,1,0,1,0,1,0,1,0,0,0,1,0,1,0,1.1173357740281362,-2.147822598721235
1.1398692032545361,0.0,-1.4591741486566596,-0.1642097988027183,0.0,0.0,0.10137532978611936,1,0.9304404939093444,1,0,0,1,1,0,1,0,1,0,0,0,0,0,1,0,0,1,1,0,0,0,1,0,1,0,1,0,1,0,1,0,1,0,1,0,0,1,1,0,0,0,1,1,0,0,-4.245315834599895,-0.5448160885838479
-1.1474304596981904,0.0,1.58268816072418,1.0597702031126737,0.0,0.0,0.10137532978611936,0,0.43641272794299696,0,1,1,0,0,1,1,0,1,0,0,0,0,0,0,1,0,1,0,0,1,0,0,1,1,0,1,0,1,0,0,1,0,1,0,1,0,1,0,1,0,0,1,1,0,0,2.6225258683845167,0.3238298835623681
-1.1474304596981904,0.0,1.1766741296639658,1.1055362911451465,0.0,0.0,1.863452179595359,0,-0.866480837893675,0,1,1,0,1,0,1,0,1,0,0,0,0,0,1,0,0,1,0,0,1,0,1,0,0,1,1,0,1,0,1,0,0,1,0,1,0,1,1,0,0,0,1,0,1,0,-0.44639188863077195,1.0231070004209013
0.43608469157677415,0.0,-0.9532780716167758,-1.9375899111105526,0.0,0.0,1.863452179595359,0,0.4313887167636782,1,0,1,0,1,0,1,0,1,0,0,0,0,0,1,0,1,0,0,0,0,1,1,0,1,0,1,0,1,0,1,0,1,0,1,0,1,0,1,0,0,0,1,1,0,0,-3.5270644543394147,-0.70694028526968
1.1398692032545361,0.0,-0.3935494633021352,0.40720749028027037,0.0,0.0,0.10137532978611936,1,0.5595010018363072,1,0,0,1,0,1,1,0,0,0,0,1,0,0,0,1,0,1,0,0,1,0,1,0,1,0,1,0,0,1,0,1,0,1,1,0,0,1,1,0,0,0,1,0,1,0,1.2796981785101302,0.9265820405911384
1.4917614590934172,0.0,-1.4591741486566596,0.65579761464225,0.0,0.0,-1.2201823075708103,1,0.42134069440504063,1,0,0,1,0,1,1,0,1,0,0,0,0,0,1,0,0,1,1,0,0,0,1,0,0,1,1,0,1,0,1,0,1,0,1,0,0,1,1,0,0,0,1,1,0,0,-0.7805069747597799,-1.6213433856172486
-1.675268843456512,0.0,1.2772047603577885,1.1055362911451465,0.0,0.0,0.9824137546907391,0,0.6490958678674923,0,1,1,0,1,0,1,0,0,0,1,0,0,0,1,0,0,1,0,0,1,0,0,1,0,1,1,0,1,0,0,1,0,1,0,1,0,1,0,1,0,0,1,0,1,0,2.5769274837012888,0.3527471204518968
-1.03013304108523,0.0,1.5813909912958728,1.2157481529951086,0.0,0.0,-0.7796630951185004,1,-0.674731077883008,1,0,1,0,1,0,1,0,1,0,0,0,0,0,0,1,0,1,0,0,1,0,1,0,1,0,1,0,1,0,1,0,1,0,1,0,0,1,1,0,0,0,1,1,0,0,-0.7804826887602142,0.7637584953119594
-1.1474304596981904,0.0,1.2759075909294815,-1.9375899111105526,0.0,0.0,0.10137532978611936,0,-1.7934109004779912,0,1,1,0,1,0,1,0,0,0,0,0,0,1,1,0,1,0,0,0,0,1,1,0,1,0,1,0,1,0,1,0,1,0,1,0,1,0,1,0,0,0,1,0,1,0,-3.4064109490237686,-0.6470423379414615
1.081220493948056,0.0,0.47360829952135797,0.24446373527230422,0.0,0.0,0.10137532978611936,0,0.10147864932174452,1,0,0,1,1,0,1,0,1,0,0,0,0,0,1,0,0,1,0,0,1,0,0,1,1,0,1,0,1,0,1,0,0,1,0,1,0,1,1,0,0,0,1,1,0,0,0.6883299011344831,0.7233664981388792
1.3158153311739766,0.0,-1.4591741486566596,0.037855076107910814,0.0,0.0,-0.7796630951185004,1,-1.8076455988193945,1,0,0,1,0,1,1,0,1,0,0,0,0,0,1,0,0,1,0,1,0,0,1,0,1,0,0,1,1,0,0,1,0,1,0,1,0,1,1,0,0,0,1,1,0,0,-1.4141690332338044,-0.5186146793317179
-1.4993227155370714,0.0,-0.43635605443627923,0.9591705620964788,0.0,0.0,0.10137532978611936,0,0.42887671117401877,0,1,1,0,1,0,1,0,0,0,0,0,1,0,1,0,0,1,0,0,1,0,1,0,1,0,1,0,1,0,1,0,1,0,1,0,0,1,1,0,0,0,1,0,1,0,0.37832997970799376,0.1320405719115179
-1.675268843456512,0.0,-1.0110021111764549,1.1346027292456944,0.0,0.0,-1.2201823075708103,1,-1.671159961781234,0,1,1,0,1,0,1,0,1,0,0,0,0,0,0,1,0,1,0,0,1,0,1,0,1,0,1,0,1,0,1,0,0,1,0,1,0,1,1,0,0,0,1,1,0,0,-1.2374486337269444,1.0616640425225843
-1.5579714248435517,0.0,1.2609901425039463,0.7071612569928716,0.0,0.0,0.10137532978611936,0,-0.6789177538657737,0,1,1,0,1,0,1,0,1,0,0,0,0,0,1,0,0,1,0,0,1,0,0,1,1,0,0,1,1,0,0,1,0,1,0,1,0,1,0,1,0,0,1,0,1,0,1.2321709624439066,1.0075346641915601
1.6090588777063775,0.0,1.212994873656573,0.19777251896391848,0.0,0.0,-0.7796630951185004,1,-0.8815528714316314,1,0,0,1,1,0,1,0,1,0,0,0,0,0,1,0,0,1,0,0,1,0,1,0,1,0,1,0,1,0,1,0,1,0,1,0,1,0,1,0,0,0,1,1,0,0,-2.126545840584577,0.7318244255645664
0.37743598227029396,0.0,-1.4591741486566596,0.33012629336122234,0.0,0.0,0.10137532978611936,0,-0.3255623009203523,1,0,1,0,0,1,0,1,0,0,1,0,0,0,1,0,0,1,0,1,0,0,0,1,1,0,1,0,1,0,0,1,0,1,0,1,0,1,1,0,0,0,1,1,0,0,-0.18440434712907836,-1.069615527350741
-0.09175369218154737,0.0,-1.4591741486566596,0.6287713610382961,0.0,0.0,0.9824137546907391,0,0.6641679014054486,1,0,1,0,0,1,1,0,0,1,0,0,0,0,1,0,0,1,0,1,0,0,1,0,0,1,0,1,0,1,0,1,0,1,0,1,0,1,0,0,1,0,1,0,1,0,0.8210665896524957,-1.3129390957115417
0.5533821101897345,0.0,-1.0583487953096749,-0.24535522255213305,0.0,0.0,-0.7796630951185004,1,-1.351297916697938,1,0,1,0,1,0,1,0,1,0,0,0,0,0,0,1,0,1,1,0,0,0,1,0,1,0,1,0,1,0,0,1,0,1,0,1,1,0,1,0,0,1,0,1,0,0,1.7479225567172079,0.3664702039954976
-1.2060791690046706,0.0,0.2485494037100249,-1.9375899111105526,0.0,0.0,0.9824137546907391,0,1.1975504216097932,0,1,1,0,1,0,1,0,1,0,0,0,0,0,0,1,1,0,0,0,0,1,1,0,1,0,1,0,1,0,1,0,1,0,1,0,1,0,1,0,0,1,0,0,1,0,-2.441953550513311,-0.6553561862379376
1.1985179125610164,0.0,1.3693037897676137,-1.0914725668313427,0.0,0.0,0.10137532978611936,1,-1.6368292187225557,1,0,0,1,1,0,1,0,1,0,0,0,0,0,1,0,0,1,0,0,1,0,1,0,1,0,1,0,1,0,0,1,0,1,0,1,0,1,1,0,0,0,1,1,0,0,-1.9095061669445612,1.4156960223069497
-1.1474304596981904,0.0,-1.1913086617111828,1.1055362911451465,0.0,0.0,-1.2201823075708103,1,-0.9058355921316722,0,1,1,0,1,0,1,0,1,0,0,0,0,0,1,0,0,1,0,0,1,0,0,1,1,0,1,0,1,0,1,0,1,0,1,0,0,1,1,0,0,1,0,0,0,1,-2.695356249682796,0.9148024629314357
1.2571666218674964,0.0,-0.957169579901698,0.36963080871589915,0.0,0.0,-1.2201823075708103,1,0.17181480583220754,1,0,0,1,0,1,1,0,1,0,0,0,0,0,1,0,0,1,0,1,0,0,1,0,1,0,1,0,1,0,1,0,1,0,1,0,0,1,1,0,0,1,0,1,0,0,-3.204902160474927,0.0778975846164741
1.0225717846415758,0.0,0.20185130429095877,0.5100492557245105,0.0,0.0,0.10137532978611936,0,0.9656085721645759,1,0,0,1,1,0,1,0,1,0,0,0,0,0,0,1,0,1,0,0,1,0,1,0,0,1,0,1,1,0,0,1,0,1,0,1,1,0,0,1,0,0,1,1,0,0,3.047881815736238,0.16868524104647792
1.5504101683998974,0.0,1.0936552862522924,-0.6980504063213363,0.0,0.0,0.10137532978611936,1,0.8676403541678595,1,0,0,1,1,0,1,0,1,0,0,0,0,0,0,1,0,1,0,0,1,0,1,0,0,1,1,0,1,0,0,1,0,1,1,0,0,1,1,0,0,0,1,1,0,0,1.6306649497443975,0.8277628393205979
-0.3849972387139482,0.0,-1.4591741486566596,0.36963080871589915,0.0,0.0,0.9824137546907391,0,0.10482799010795706,1,0,1,0,0,1,0,1,0,0,1,0,0,0,1,0,0,1,0,1,0,0,1,0,1,0,0,1,0,1,1,0,0,1,0,1,1,0,0,0,1,1,0,0,1,0,-0.031125250798250917,-1.3988240377681498
0.2601385636573336,0.0,0.7940091483132845,0.65579761464225,0.0,0.0,-0.7796630951185004,1,0.40626866086708424,1,0,1,0,1,0,1,0,0,0,0,1,0,0,0,1,0,1,0,0,1,0,1,0,0,1,0,1,1,0,0,1,0,1,0,1,0,1,1,0,0,0,1,1,0,0,1.9748060387949482,0.7623938333625058
-1.3820252969241111,0.0,-0.14319576363880815,-1.9375899111105526,0.0,0.0,0.10137532978611936,0,-0.3347729880824368,0,1,1,0,1,0,1,0,0,0,0,0,1,0,1,0,1,0,0,0,0,1,1,0,1,0,1,0,1,0,1,0,1,0,1,0,1,0,1,0,0,1,0,0,1,0,-1.6145812102246564,-1.0062003197780895
-0.20905111079450772,0.0,-0.7788087835094313,0.28848538496648446,0.0,0.0,0.10137532978611936,1,-1.3245031904082378,1,0,1,0,1,0,1,0,0,0,0,1,0,0,0,1,0,1,0,0,1,0,1,0,1,0,0,1,1,0,0,1,0,1,0,1,0,1,1,0,0,0,1,1,0,0,1.4922270055055546,0.7343599131506571
-1.0887817503917103,0.0,1.4503768790368259,1.120206624171783,0.0,0.0,-1.2201823075708103,1,0.5126102308293319,0,1,1,0,1,0,1,0,0,0,0,0,1,0,0,1,0,1,0,0,1,0,1,0,1,0,1,0,1,0,1,0,1,0,0,1,0,1,1,0,0,0,1,0,0,1,0.3345837120115829,0.4859248462517459
0.9639230753350957,0.0,-0.7645399197980499,-1.9375899111105526,0.0,0.0,-0.7796630951185004,1,-1.2918471177426656,1,0,1,0,1,0,1,0,0,0,0,0,0,1,1,0,1,0,0,0,0,1,1,0,1,0,1,0,1,0,1,0,1,0,1,0,1,0,1,0,0,0,1,0,1,0,-3.868885534028365,-0.6365401567210793
0.20148985435085345,0.0,-0.813832358073731,-1.0914725668313427,0.0,0.0,1.863452179595359,0,0.5528023202638822,1,0,1,0,1,0,1,0,0,0,1,0,0,0,1,0,0,1,0,0,1,0,0,1,0,1,1,0,1,0,0,1,0,1,0,1,0,1,0,1,0,0,1,0,1,0,2.5431057423090238,0.1281810448405021
-0.09175369218154737,0.0,-1.4591741486566596,-0.24535522255213305,0.0,0.0,0.9824137546907391,0,-0.35821837358592445,1,0,1,0,1,0,1,0,0,0,0,1,0,0,1,0,0,1,0,1,0,0,0,1,1,0,1,0,0,1,1,0,1,0,1,0,0,1,0,1,0,1,0,0,0,1,-1.1614551245785383,-1.1481167778000825
-1.4406740062305912,0.0,1.2849877769276332,1.2157481529951086,0.0,0.0,0.9824137546907391,0,0.09226796215966009,0,1,1,0,0,1,0,1,1,0,0,0,0,0,1,0,0,1,0,1,0,0,0,1,0,1,0,1,0,1,1,0,1,0,1,0,0,1,0,0,1,0,1,1,0,0,2.2075935906992377,-0.7418935607508959
0.3187872729638138,0.0,-0.8015092485048106,-1.9375899111105526,0.0,0.0,0.10137532978611936,0,-0.7844219886314682,1,0,1,0,1,0,0,1,1,0,0,0,0,0,1,0,1,0,0,0,0,1,1,0,1,0,1,0,1,0,1,0,1,0,1,0,1,0,1,0,0,0,1,0,0,1,-3.85457973223529,-0.6150843852366963
0.8466256567221353,0.0,1.1267331066741308,0.5100492557245105,0.0,0.0,0.10137532978611936,0,0.6934746332848082,1,0,1,0,1,0,1,0,0,0,0,1,0,0,0,1,0,1,0,0,1,0,0,1,0,1,0,1,0,1,1,0,1,0,1,0,1,0,1,0,0,0,1,0,1,0,1.7532449645653778,0.6465301983172004
-1.03013304108523,0.0,0.4774998078062801,-1.9375899111105526,0.0,0.0,0.9824137546907391,0,-1.7942482356745442,1,0,1,0,1,0,1,0,0,0,0,0,0,1,1,0,1,0,0,0,0,1,1,0,1,0,1,0,1,0,1,0,1,0,1,0,1,0,1,0,0,0,1,0,1,0,-3.540014180019746,-0.6428105943285787
-0.7955382038593094,0.0,0.9010256261486445,-0.33606808855469933,0.0,0.0,-1.2201823075708103,1,0.6239758119708984,1,0,1,0,1,0,1,0,1,0,0,0,0,0,1,0,0,1,0,0,1,0,1,0,1,0,1,0,1,0,0,1,1,0,1,0,0,1,1,0,0,0,1,1,0,0,-0.26952817979897253,0.7844205760541932
1.4917614590934172,0.0,1.1591623423818156,0.44303577337051536,0.0,0.0,-1.2201823075708103,1,-1.1143320560734018,1,0,0,1,1,0,1,0,1,0,0,0,0,0,1,0,0,1,0,0,1,0,1,0,1,0,0,1,1,0,1,0,1,0,1,0,0,1,1,0,0,0,1,1,0,0,0.10646190347231263,0.48679745800679974
1.2571666218674964,0.0,0.9795043765612418,0.5100492557245105,0.0,0.0,-1.2201823075708103,1,1.1071182203820549,1,0,0,1,0,1,1,0,1,0,0,0,0,0,0,1,0,1,0,0,1,0,0,1,1,0,0,1,1,0,0,1,0,1,0,1,0,1,1,0,0,0,1,1,0,0,2.51226290810133,0.5098534907361486
0.6706795288026948,0.0,-1.0090563570339937,0.65579761464225,0.0,0.0,-1.2201823075708103,1,0.7914428512815246,1,0,1,0,0,1,1,0,0,0,0,0,0,1,1,0,0,1,0,1,0,0,1,0,1,0,1,0,0,1,1,0,1,0,1,0,0,1,1,0,0,0,1,1,0,0,-1.650957504824466,-0.06133883871791008
1.6677075870128577,0.0,-1.2710845815520875,0.44303577337051536,0.0,0.0,-1.2201823075708103,1,-1.677858643353659,1,0,0,1,0,1,1,0,0,0,1,0,0,0,1,0,0,1,0,0,1,0,0,1,1,0,1,0,1,0,1,0,1,0,1,0,0,1,1,0,0,0,1,0,1,0,1.0719960169702722,-0.21180083542314437
-0.5022946573269086,0.0,0.30497627384139664,0.44303577337051536,0.0,0.0,0.9824137546907391,0,0.608903778432942,1,0,1,0,0,1,0,1,1,0,0,0,0,0,1,0,0,1,0,1,0,0,1,0,0,1,1,0,0,1,0,1,0,1,0,1,0,1,0,0,1,1,0,1,0,0,2.204852287138451,-0.45946753519233435
-1.4406740062305912,0.0,-0.8384785772115715,1.2157481529951086,0.0,0.0,0.10137532978611936,0,0.4590207782499315,0,1,1,0,1,0,1,0,0,0,0,1,0,0,0,1,0,1,0,0,1,0,1,0,1,0,1,0,1,0,0,1,1,0,1,0,0,1,1,0,0,0,1,0,1,0,0.719385107398552,0.49160734459034544
1.7263562963193377,0.0,0.06240559074791397,0.5716956836265287,0.0,0.0,0.10137532978611936,1,-0.8170780612970403,1,0,0,1,1,0,1,0,1,0,0,0,0,0,0,1,0,1,0,0,1,0,1,0,1,0,1,0,1,0,1,0,1,0,1,0,0,1,1,0,0,0,1,0,1,0,-1.733632955039219,0.8677524330616495
-1.3820252969241111,0.0,0.8925940248646461,1.2157481529951086,0.0,0.0,0.10137532978611936,1,-0.16981795436146996,0,1,1,0,0,1,1,0,1,0,0,0,0,0,0,1,0,1,0,0,1,0,1,0,0,1,0,1,0,1,0,1,0,1,0,1,1,0,1,0,0,0,1,1,0,0,1.27253433977857,1.38398006206319
1.785005005625818,0.0,0.21222865971741794,-0.43890985399893934,0.0,0.0,-1.2201823075708103,1,1.1481476450131585,1,0,0,1,0,1,1,0,1,0,0,0,0,0,0,1,0,1,0,1,0,0,0,1,0,1,0,1,0,1,0,1,0,1,1,0,0,1,0,0,1,1,0,0,1,0,2.8315893558311203,-0.2462109472991688
-0.4436459480204284,0.0,0.4982545186591984,-0.33606808855469933,0.0,0.0,0.10137532978611936,1,0.003510431325028188,1,0,1,0,1,0,1,0,1,0,0,0,0,0,1,0,0,1,0,0,1,0,1,0,0,1,1,0,0,1,0,1,0,1,0,1,0,1,1,0,0,0,1,1,0,0,-0.9111194143633105,1.479966455855028
0.6706795288026948,0.0,-0.39549521744459637,-1.9375899111105526,0.0,0.0,0.10137532978611936,0,0.9136937899782817,1,0,1,0,0,1,0,1,0,0,0,0,1,0,1,0,1,0,0,0,0,1,1,0,1,0,1,0,1,0,1,0,1,0,1,0,1,0,1,0,0,0,1,0,1,0,-1.4345927303981132,-1.056683535640335
0.08419243573789313,0.0,0.13180415516235958,-1.9375899111105526,0.0,0.0,0.10137532978611936,0,1.3742281480825038,1,0,1,0,1,0,1,0,1,0,0,0,0,0,1,0,1,0,0,0,0,1,1,0,1,0,1,0,1,0,1,0,1,0,1,0,1,0,1,0,0,1,0,0,1,0,-2.2450911035468493,-0.8295646257754143
-0.3849972387139482,0.0,-1.0246223901736826,-1.9375899111105526,0.0,0.0,1.863452179595359,0,-0.9585877095145194,1,0,1,0,0,1,0,1,1,0,0,0,0,0,0,1,1,0,0,0,0,1,1,0,1,0,1,0,1,0,1,0,1,0,1,0,1,0,1,0,0,0,1,0,1,0,-2.4166549575480203,-0.7379674839549119
1.9023024242387783,0.0,1.3239028597768547,-0.5576319593127251,0.0,0.0,0.10137532978611936,1,-1.4693621794119294,1,0,0,1,1,0,1,0,1,0,0,0,0,0,0,1,0,1,0,0,1,0,1,0,0,1,1,0,1,0,1,0,1,0,1,0,0,1,1,0,0,0,1,1,0,0,1.1164932472913016,0.3728524002271792
1.1398692032545361,0.0,-1.2243864821330213,0.4772711516590301,0.0,0.0,-0.7796630951185004,1,-0.2108473789925734,1,0,0,1,1,0,1,0,1,0,0,0,0,0,0,1,0,1,0,0,1,0,1,0,1,0,1,0,1,0,0,1,0,1,0,1,0,1,1,0,0,0,1,1,0,0,-0.24600489227232866,1.117435579834091
0.4947334008832543,0.0,-0.11984671392927508,0.5716956836265287,0.0,0.0,0.9824137546907391,0,1.3214760306996565,1,0,1,0,0,1,1,0,0,0,1,0,0,0,0,1,0,1,0,1,0,0,0,1,1,0,1,0,1,0,1,0,1,0,1,0,0,1,0,1,0,1,0,0,1,0,1.106192006236216,-0.6988880299407428
1.0225717846415758,0.0,-1.4591741486566596,0.5100492557245105,0.0,0.0,0.9824137546907391,0,1.0526914326061014,1,0,0,1,0,1,0,1,1,0,0,0,0,0,1,0,0,1,0,1,0,0,1,0,0,1,0,1,1,0,0,1,0,1,0,1,0,1,0,0,1,0,1,1,0,0,0.5656424290883934,-1.4944399909524166
-1.6166201341500317,0.0,1.1708368672365823,0.9410480977988882,0.0,0.0,-1.2201823075708103,1,-1.0917240057664672,0,1,1,0,1,0,1,0,1,0,0,0,0,0,1,0,0,1,1,0,0,0,1,0,1,0,1,0,1,0,0,1,0,1,0,1,0,1,1,0,0,0,1,0,1,0,0.23922877593679695,0.10526181573825419
-1.4406740062305912,0.0,1.0073935192698509,0.9591705620964788,0.0,0.0,0.10137532978611936,0,-0.7726992958797243,0,1,1,0,0,1,1,0,1,0,0,0,0,0,0,1,0,1,0,0,1,0,0,1,1,0,1,0,1,0,1,0,1,0,1,0,0,1,1,0,0,0,1,0,1,0,-0.11292355453789704,0.6777415010530266
0.37743598227029396,0.0,0.9697756058489364,-0.5576319593127251,0.0,0.0,0.10137532978611936,0,0.4665567950189097,1,0,1,0,1,0,1,0,0,0,0,0,1,0,1,0,0,1,0,1,0,0,1,0,0,1,1,0,0,1,1,0,0,1,0,1,0,1,0,1,0,1,0,0,1,0,-0.32020277464147384,0.28211227734305605
-0.09175369218154737,0.0,-1.4591741486566596,0.6819075454764912,0.0,0.0,0.9824137546907391,0,-1.0431585643663857,1,0,1,0,1,0,1,0,1,0,0,0,0,0,1,0,0,1,1,0,0,0,1,0,1,0,0,1,0,1,0,1,1,0,1,0,0,1,1,0,0,0,1,0,1,0,-1.057310929291988,-0.8306446223096282
-0.7368894945528293,0.0,-1.3592921026769904,0.19777251896391848,0.0,0.0,0.10137532978611936,0,0.1383213979700823,1,0,1,0,0,1,0,1,1,0,0,0,0,0,0,1,0,1,0,1,0,0,0,1,0,1,1,0,0,1,1,0,1,0,1,0,0,1,1,0,0,1,0,1,0,0,1.2835017992771605,-0.7946797205569239
0.14284114504437329,0.0,1.5619334498712616,0.6007621217270765,0.0,0.0,-1.2201823075708103,1,-0.5876482174414823,1,0,1,0,1,0,1,0,1,0,0,0,0,0,1,0,0,1,0,1,0,0,1,0,1,0,1,0,0,1,1,0,1,0,1,0,1,0,1,0,0,1,0,1,0,0,-0.35672996254379674,-0.2019164700349567
-0.6195920759398689,0.0,1.6631126652792385,-1.9375899111105526,0.0,0.0,0.9824137546907391,0,-0.5424321168276133,1,0,1,0,1,0,1,0,0,0,0,0,0,1,1,0,1,0,0,0,0,1,1,0,1,0,1,0,1,0,1,0,1,0,1,0,1,0,1,0,0,1,0,0,1,0,-3.3431732051751957,-0.6404140039792664
0.08419243573789313,0.0,1.5535018485872638,0.037855076107910814,0.0,0.0,0.10137532978611936,0,-1.3755806373979786,1,0,1,0,0,1,0,1,0,0,0,0,1,0,0,1,0,1,0,0,1,0,0,1,1,0,0,1,0,1,0,1,0,1,0,1,0,1,1,0,0,0,1,1,0,0,1.0602403088788064,1.5536408248617575
0.7879769474156552,0.0,0.8244926298785081,-0.09080483414810245,0.0,0.0,0.9824137546907391,0,0.24298829753922369,1,0,1,0,0,1,0,1,0,1,0,0,0,0,0,1,0,1,0,0,1,0,1,0,0,1,0,1,0,1,1,0,0,1,0,1,0,1,0,0,1,0,1,1,0,0,3.036778707866109,-0.06312420736010982
0.20148985435085345,0.0,1.1844571462338098,0.24446373527230422,0.0,0.0,0.10137532978611936,0,-0.2518768036236768,1,0,1,0,1,0,1,0,1,0,0,0,0,0,0,1,0,1,0,0,1,0,1,0,0,1,1,0,1,0,1,0,1,0,1,0,0,1,1,0,0,0,1,1,0,0,-0.47410877176336025,0.7815322962153665
0.14284114504437329,0.0,-1.4591741486566596,0.44303577337051536,0.0,0.0,-1.2201823075708103,1,-1.166246838259696,1,0,1,0,1,0,1,0,1,0,0,0,0,0,1,0,0,1,0,1,0,0,1,0,1,0,0,1,1,0,0,1,1,0,1,0,0,1,1,0,0,0,1,1,0,0,-1.5553215578454929,-0.7928770013408927
0.2601385636573336,0.0,1.7344569838361454,-0.24535522255213305,0.0,0.0,-0.7796630951185004,1,-1.5974744644845584,1,0,1,0,1,0,1,0,0,0,0,0,0,1,1,0,0,1,0,0,1,0,1,0,1,0,1,0,1,0,1,0,1,0,1,0,0,1,1,0,0,0,1,1,0,0,-2.251240452036464,0.7756004470263025
0.6120308194962146,0.0,0.668832298481621,0.24446373527230422,0.0,0.0,0.10137532978611936,0,-0.8430354523901874,1,0,1,0,1,0,1,0,1,0,0,0,0,0,1,0,0,1,0,0,1,0,1,0,0,1,1,0,1,0,1,0,1,0,1,0,0,1,1,0,0,0,1,1,0,0,-0.8592859324821998,0.7199132524681754
1.081220493948056,0.0,-1.0680775660219801,-1.0914725668313427,0.0,0.0,0.10137532978611936,1,1.3390600698272723,1,0,0,1,0,1,1,0,1,0,0,0,0,0,0,1,0,1,0,0,1,0,1,0,0,1,0,1,1,0,0,1,0,1,1,0,0,1,0,0,1,0,1,1,0,0,2.756364906992208,0.06861100283952866
-0.26769982010098786,0.0,1.1611080965242768,0.0949307535196783,0.0,0.0,0.10137532978611936,1,-1.4291700899773792,1,0,1,0,1,0,1,0,1,0,0,0,0,0,1,0,0,1,1,0,0,0,1,0,1,0,1,0,1,0,1,0,1,0,1,0,1,0,1,0,0,1,0,1,0,0,-2.2793737427230765,0.8261682623786142
0.9639230753350957,0.0,-0.09974058779051032,-1.9375899111105526,0.0,0.0,1.863452179595359,0,1.7736370368383474,1,0,1,0,0,1,0,1,0,0,1,0,0,0,1,0,1,0,0,0,0,1,1,0,1,0,1,0,1,0,1,0,1,0,1,0,1,0,0,0,1,1,0,0,1,0,0.8804839625624422,-2.1367745256990007
0.20148985435085345,0.0,1.2369925080802595,0.24446373527230422,0.0,0.0,1.863452179595359,0,0.7788828233332276,1,0,1,0,0,1,1,0,0,0,1,0,0,0,0,1,0,1,0,1,0,0,1,0,0,1,0,1,0,1,0,1,0,1,0,1,0,1,0,0,1,0,1,1,0,0,2.6036744176020656,-0.34521027980473823
1.9023024242387783,0.0,1.0767920836842964,0.6287713610382961,0.0,0.0,-1.2201823075708103,1,0.532706275546607,1,0,0,1,0,1,1,0,0,0,0,0,0,1,1,0,0,1,0,0,1,0,1,0,1,0,1,0,1,0,1,0,1,0,1,0,0,1,1,0,0,0,1,1,0,0,-2.3080430700145493,0.7952834682526848
-1.3233765876176309,0.0,-0.03163919280437207,1.2654537340011538,0.0,0.0,-0.7796630951185004,1,-1.229884313197734,0,1,1,0,1,0,1,0,1,0,0,0,0,0,0,1,0,1,1,0,0,0,1,0,1,0,1,0,1,0,1,0,1,0,0,1,0,1,1,0,0,1,0,1,0,0,-1.5658121419579503,-0.07680130408090657
0.7879769474156552,0.0,-1.4591741486566596,0.14806693795787343,0.0,0.0,0.10137532978611936,0,0.526007593974182,1,0,1,0,0,1,0,1,0,1,0,0,0,0,1,0,0,1,1,0,0,0,0,1,1,0,0,1,1,0,0,1,0,1,0,1,0,1,0,0,1,0,1,0,1,0,0.7006766531290244,-1.5550415508734958
-0.9714843317787499,0.0,0.10780652073867272,-1.9375899111105526,0.0,0.0,1.863452179595359,0,-0.037518993306075235,1,0,1,0,1,0,1,0,1,0,0,0,0,0,1,0,1,0,0,0,0,1,1,0,1,0,1,0,1,0,1,0,1,0,1,0,1,0,1,0,0,1,0,0,1,0,-2.206144844447569,-0.8544430954182793
-0.15040240148802755,0.0,-1.4591741486566596,0.40720749028027037,0.0,0.0,0.10137532978611936,0,0.12994804600455098,1,0,1,0,1,0,1,0,1,0,0,0,0,0,1,0,0,1,0,1,0,0,0,1,0,1,0,1,0,1,0,1,1,0,1,0,0,1,1,0,0,0,1,0,1,0,-1.0661757594641097,-0.3917902442949296
-1.5579714248435517,0.0,-0.6983842789543728,1.2654537340011538,0.0,0.0,-1.2201823075708103,1,-0.6094189325518637,0,1,1,0,1,0,1,0,0,0,0,1,0,0,0,1,0,1,0,0,1,0,1,0,0,1,1,0,1,0,0,1,0,1,0,1,0,1,1,0,0,0,1,1,0,0,1.284493960524359,0.8443074430695175
-1.3820252969241111,0.0,-0.05044814951482947,-1.9375899111105526,0.0,0.0,1.863452179595359,0,0.7730214769573557,0,1,1,0,1,0,1,0,1,0,0,0,0,0,1,0,1,0,0,0,0,1,1,0,1,0,1,0,1,0,1,0,1,0,1,0,1,0,0,1,0,1,0,0,1,0,0.4751050961095045,-1.8847605205622
0.2601385636573336,0.0,-1.4591741486566596,0.19777251896391848,0.0,0.0,0.9824137546907391,0,-0.13464987610623844,1,0,1,0,1,0,1,0,1,0,0,0,0,0,1,0,0,1,0,1,0,0,0,1,0,1,0,1,0,1,0,1,0,1,0,1,0,1,0,0,1,0,1,1,0,0,0.7119171110172288,-1.1789427192053281
1.1985179125610164,0.0,1.5113438421672731,-0.09080483414810245,0.0,0.0,-0.7796630951185004,1,-1.8210429619642445,1,0,0,1,1,0,1,0,0,0,0,0,0,1,1,0,0,1,0,0,1,0,1,0,1,0,1,0,1,0,1,0,1,0,1,0,0,1,1,0,0,0,1,1,0,0,-2.2742274001921,0.7744016133117692
-1.5579714248435517,0.0,-1.057700210595521,1.120206624171783,0.0,0.0,-1.2201823075708103,1,-1.474386190591248,0,1,1,0,1,0,1,0,1,0,0,0,0,0,1,0,0,1,0,0,1,0,0,1,1,0,1,0,1,0,1,0,1,0,0,1,0,1,1,0,0,0,1,0,1,0,-2.6608839288533295,0.8722104722629488
-0.6195920759398689,0.0,0.1000235041688283,0.4772711516590301,0.0,0.0,0.9824137546907391,0,-1.7624294982055253,1,0,1,0,1,0,1,0,1,0,0,0,0,0,1,0,0,1,0,0,1,0,0,1,1,0,1,0,1,0,1,0,1,0,1,0,0,1,1,0,0,0,1,1,0,0,0.6719209731518898,0.26395245709113396
-1.1474304596981904,0.0,1.2862849463559405,1.2654537340011538,0.0,0.0,-0.7796630951185004,1,0.9296031587127912,0,1,1,0,1,0,1,0,1,0,0,0,0,0,0,1,0,1,0,0,1,0,1,0,1,0,1,0,0,1,1,0,1,0,0,1,0,1,1,0,0,1,0,0,1,0,-0.8814624856336919,0.9382966850668658
-0.32634852940746806,0.0,-1.4591741486566596,-0.6980504063213363,0.0,0.0,0.9824137546907391,0,0.06547323586995989,1,0,1,0,1,0,1,0,1,0,0,0,0,0,1,0,0,1,0,1,0,0,1,0,1,0,1,0,1,0,1,0,1,0,1,0,0,1,1,0,0,1,0,1,0,0,-2.82447580183076,-0.867909620647515
1.1985179125610164,0.0,-1.4591741486566596,0.5716956836265287,0.0,0.0,-1.2201823075708103,1,0.19944686731846087,1,0,0,1,0,1,1,0,0,0,0,1,0,0,1,0,0,1,0,1,0,0,1,0,1,0,1,0,1,0,1,0,0,1,1,0,1,0,1,0,0,1,0,1,0,0,-1.2050634693027373,-1.0803119829237704
-1.4993227155370714,0.0,-0.20935140448248524,-1.9375899111105526,0.0,0.0,0.9824137546907391,0,0.6566318846364705,0,1,1,0,0,1,1,0,1,0,0,0,0,0,1,0,1,0,0,0,0,1,1,0,1,0,1,0,1,0,1,0,1,0,1,0,1,0,0,1,0,0,1,0,1,0,0.8283872061713536,-2.100634929027002
-0.32634852940746806,0.0,-0.8229125440718827,0.7071612569928716,0.0,0.0,0.10137532978611936,1,0.5059115492569068,1,0,1,0,1,0,1,0,1,0,0,0,0,0,1,0,0,1,0,1,0,0,1,0,0,1,1,0,1,0,1,0,1,0,1,0,0,1,1,0,0,1,0,0,1,0,-2.0336615333261396,0.07648491086024001
-1.0887817503917103,0.0,-0.05563682722805893,1.2157481529951086,0.0,0.0,1.863452179595359,0,-1.4115860508497633,0,1,1,0,1,0,1,0,0,0,1,0,0,0,1,0,0,1,0,0,1,0,1,0,0,1,1,0,0,1,0,1,0,1,0,1,0,1,0,0,1,0,1,0,1,0,1.9000839665031823,0.5985932017749445
-0.5022946573269086,0.0,-0.5466154558424077,-0.43890985399893934,0.0,0.0,-0.7796630951185004,1,-1.7908988948883318,1,0,1,0,1,0,1,0,1,0,0,0,0,0,0,1,0,1,0,0,1,0,1,0,1,0,1,0,1,0,1,0,0,1,0,1,0,1,1,0,0,0,1,1,0,0,-1.6990943735378075,1.167917916440542
0.14284114504437329,0.0,0.8426530018748117,-0.023791351794107286,0.0,0.0,-1.2201823075708103,1,-0.6203042901070545,1,0,1,0,1,0,0,1,1,0,0,0,0,0,1,0,0,1,1,0,0,0,1,0,1,0,0,1,0,1,0,1,0,1,0,1,0,1,1,0,0,0,1,0,1,0,-0.32592062233817515,0.5492040635929863
0.37743598227029396,0.0,0.5916507174973309,0.037855076107910814,0.0,0.0,0.10137532978611936,0,-1.523788967187883,1,0,1,0,0,1,1,0,1,0,0,0,0,0,0,1,0,1,0,1,0,0,0,1,0,1,1,0,1,0,0,1,0,1,0,1,1,0,0,1,0,1,0,1,0,0,0.8438075105517394,0.34449888275471335
-0.7955382038593094,0.0,0.3828064395398402,-0.09080483414810245,0.0,0.0,-0.7796630951185004,1,0.07970793421136312,1,0,1,0,0,1,1,0,0,1,0,0,0,0,0,1,0,1,1,0,0,0,1,0,0,1,0,1,1,0,1,0,1,0,1,0,0,1,0,1,0,1,0,1,0,0,2.6404420855747173,-0.296569722594956
-0.5022946573269086,0.0,1.7273225519804547,-1.9375899111105526,0.0,0.0,0.9824137546907391,0,1.4227935894825854,1,0,1,0,1,0,1,0,0,1,0,0,0,0,0,1,1,0,0,0,0,1,1,0,1,0,1,0,1,0,1,0,1,0,1,0,1,0,0,0,1,1,0,0,1,0,1.462798754929302,-2.0958995089953185
1.0225717846415758,0.0,0.41004699753429563,0.4772711516590301,0.0,0.0,-1.2201823075708103,1,0.8651283485782001,1,0,0,1,1,0,1,0,0,0,0,0,0,1,1,0,0,1,0,0,1,0,1,0,0,1,1,0,1,0,1,0,0,1,0,1,0,1,1,0,0,0,1,1,0,0,-2.109448812781368,1.2569325797007744
1.374464040480457,0.0,1.2240208137971853,0.14806693795787343,0.0,0.0,-1.2201823075708103,1,0.8601043373988813,1,0,0,1,1,0,1,0,0,0,0,0,1,0,0,1,0,1,0,0,1,0,1,0,1,0,1,0,1,0,0,1,0,1,1,0,0,1,1,0,0,0,1,1,0,0,0.18483909415603322,1.1898764483412654
-1.2647278783111506,0.0,-0.28264147718185295,-1.9375899111105526,0.0,0.0,1.863452179595359,0,-0.14553523366142915,0,1,1,0,0,1,0,1,1,0,0,0,0,0,0,1,1,0,0,0,0,1,1,0,1,0,1,0,1,0,1,0,1,0,1,0,1,0,0,1,0,0,1,1,0,0,1.229736689172511,-2.2471299846245194
0.5533821101897345,0.0,-0.3442570250264541,-0.023791351794107286,0.0,0.0,0.10137532978611936,0,1.203411767985665,1,0,1,0,0,1,1,0,1,0,0,0,0,0,1,0,0,1,0,1,0,0,1,0,1,0,1,0,1,0,0,1,1,0,1,0,0,1,1,0,0,1,0,1,0,0,0.041497713409362535,-0.284308350993616
0.6706795288026948,0.0,0.681155408050541,-1.9375899111105526,0.0,0.0,1.863452179595359,0,0.3484925323049182,1,0,1,0,0,1,1,0,1,0,0,0,0,0,0,1,1,0,0,0,0,1,1,0,1,0,1,0,1,0,1,0,1,0,1,0,1,0,0,0,1,0,1,0,1,0,1.4426444720876404,-2.201867987826825
1.6677075870128577,0.0,1.6546810639952403,-1.0914725668313427,0.0,0.0,0.10137532978611936,0,0.8383336222885,1,0,0,1,1,0,1,0,1,0,0,0,0,0,1,0,0,1,0,0,1,0,0,1,0,1,1,0,1,0,1,0,1,0,1,0,1,0,1,0,0,1,0,1,0,0,0.31351708715631943,0.5960170110348146
-0.5609433666333887,0.0,-1.276273259265317,-1.0914725668313427,0.0,0.0,1.863452179595359,0,-0.3222129601341398,1,0,1,0,1,0,1,0,1,0,0,0,0,0,1,0,0,1,0,0,1,0,1,0,0,1,0,1,0,1,0,1,0,1,0,1,0,1,1,0,0,0,1,1,0,0,1.2892709390217798,0.868530903119575
0.08419243573789313,0.0,1.3148226737787034,-0.869908696073317,0.0,0.0,-1.2201823075708103,1,1.643850081372612,1,0,1,0,0,1,1,0,1,0,0,0,0,0,0,1,0,1,0,1,0,0,0,1,1,0,0,1,1,0,0,1,0,1,0,1,0,1,0,0,1,0,1,1,0,0,2.606388435805267,-0.5204369381748614
1.0225717846415758,0.0,0.42885595424475276,0.6819075454764912,0.0,0.0,-1.2201823075708103,1,0.24298829753922369,1,0,0,1,1,0,1,0,0,0,0,0,1,0,1,0,0,1,0,0,1,0,1,0,0,1,1,0,1,0,1,0,1,0,1,0,0,1,1,0,0,0,1,1,0,0,0.16646397872657603,0.4402950915579191
0.3187872729638138,0.0,1.1215444289609013,-0.33606808855469933,0.0,0.0,0.10137532978611936,1,-1.1578734862941646,1,0,1,0,0,1,1,0,1,0,0,0,0,0,1,0,0,1,0,0,1,0,1,0,1,0,1,0,1,0,0,1,1,0,1,0,0,1,1,0,0,0,1,0,0,1,-2.1280218034723863,1.0826819755839363
-0.26769982010098786,0.0,-1.1043983100145873,0.6819075454764912,0.0,0.0,0.10137532978611936,0,-1.7423334534882502,1,0,1,0,1,0,1,0,0,0,0,0,0,1,1,0,0,1,0,1,0,0,1,0,1,0,1,0,1,0,1,0,1,0,1,0,0,1,1,0,0,0,1,0,1,0,-2.613387200534296,-0.01845749729999328
1.2571666218674964,0.0,1.7422400004059895,0.36963080871589915,0.0,0.0,0.9824137546907391,0,-0.49637868101719107,1,0,0,1,0,1,0,1,0,0,0,1,0,0,0,1,0,1,0,0,1,0,1,0,1,0,0,1,1,0,0,1,0,1,1,0,0,1,1,0,0,0,1,1,0,0,1.6399874862759831,0.9948005596285192
1.374464040480457,0.0,1.3252000292051622,-0.1642097988027183,0.0,0.0,-1.2201823075708103,1,1.1188409131337989,1,0,0,1,1,0,1,0,0,0,0,0,0,1,1,0,0,1,0,0,1,0,1,0,1,0,0,1,1,0,0,1,0,1,1,0,0,1,1,0,0,0,1,1,0,0,-0.05421376309084885,1.1452735608484683
-0.20905111079450772,0.0,0.9593982504224771,0.40720749028027037,0.0,0.0,-1.2201823075708103,1,0.8525683206299031,1,0,1,0,1,0,1,0,1,0,0,0,0,0,0,1,0,1,1,0,0,0,1,0,1,0,1,0,1,0,1,0,0,1,0,1,0,1,1,0,0,1,0,1,0,0,-1.9137058564318004,0.484238525696388
-0.9714843317787499,0.0,0.5280894155102686,-1.9375899111105526,0.0,0.0,0.9824137546907391,0,0.39454596811534043,1,0,1,0,1,0,0,1,1,0,0,0,0,0,0,1,1,0,0,0,0,1,1,0,1,0,1,0,1,0,1,0,1,0,1,0,1,0,0,0,1,0,1,1,0,0,0.503017107468569,-1.6067064215472164
1.0225717846415758,0.0,1.5541504333014176,-1.0914725668313427,0.0,0.0,0.10137532978611936,0,0.4925141861120568,1,0,0,1,0,1,1,0,0,0,1,0,0,0,1,0,0,1,0,0,1,0,1,0,0,1,1,0,1,0,0,1,0,1,0,1,1,0,1,0,0,0,1,1,0,0,1.9904061820952987,0.4565863404624087
-1.1474304596981904,0.0,0.8750822375824966,1.2654537340011538,0.0,0.0,0.10137532978611936,0,0.031142492811281515,0,1,1,0,1,0,1,0,0,1,0,0,0,0,1,0,0,1,0,1,0,0,0,1,0,1,1,0,0,1,1,0,1,0,1,0,0,1,0,1,0,1,0,0,1,0,2.1801656291427887,-1.0820872666433505
1.2571666218674964,0.0,-0.944197885618624,-0.43890985399893934,0.0,0.0,-1.2201823075708103,1,1.304729326768594,1,0,0,1,0,1,1,0,0,0,1,0,0,0,0,1,0,1,0,0,1,0,1,0,0,1,1,0,1,0,0,1,0,1,1,0,0,1,1,0,0,0,1,1,0,0,2.161160244469082,0.39705674986347284
-1.03013304108523,0.0,-0.4577593500033513,1.1055362911451465,0.0,0.0,-0.7796630951185004,1,-1.4224714084049541,1,0,1,0,1,0,1,0,0,0,0,0,0,1,1,0,0,1,0,0,1,0,1,0,1,0,1,0,1,0,0,1,0,1,0,1,1,0,1,0,0,1,0,1,0,0,-2.0245961579825043,1.3514574214549548
-0.3849972387139482,0.0,-1.1342332068656573,-0.09080483414810245,0.0,0.0,-1.2201823075708103,1,0.5335436107431601,1,0,1,0,0,1,1,0,1,0,0,0,0,0,0,1,0,1,0,0,1,0,0,1,0,1,0,1,0,1,0,1,0,1,0,1,0,1,1,0,0,0,1,1,0,0,1.804141605569418,0.9876079587672492
0.6120308194962146,0.0,-0.6970871095260655,-0.6980504063213363,0.0,0.0,-0.7796630951185004,1,-1.697117352874381,1,0,1,0,1,0,1,0,1,0,0,0,0,0,1,0,0,1,0,0,1,0,1,0,1,0,1,0,1,0,1,0,1,0,1,0,0,1,1,0,0,0,1,1,0,0,-2.158559677930932,0.6521814957585764
1.1398692032545361,0.0,-0.6471460865362308,0.5716956836265287,0.0,0.0,-1.2201823075708103,1,-1.7892242244952254,1,0,0,1,1,0,1,0,1,0,0,0,0,0,1,0,0,1,0,0,1,0,1,0,1,0,1,0,1,0,1,0,1,0,1,0,0,1,1,0,0,0,1,1,0,0,-1.9937644216388302,0.7233522237633706
0.8466256567221353,0.0,1.4030301949036061,-1.9375899111105526,0.0,0.0,0.10137532978611936,0,-0.1706552895580231,1,0,1,0,0,1,0,1,1,0,0,0,0,0,1,0,1,0,0,0,0,1,1,0,1,0,1,0,1,0,1,0,1,0,1,0,1,0,0,1,0,1,0,0,1,0,-1.9424942604276596,-0.8904734366718784
-0.09175369218154737,0.0,1.2713674979304055,0.24446373527230422,0.0,0.0,0.10137532978611936,0,-1.7239120791640812,1,0,1,0,1,0,0,1,1,0,0,0,0,0,1,0,0,1,0,0,1,0,0,1,1,0,0,1,0,1,1,0,0,1,0,1,0,1,1,0,0,1,0,1,0,0,0.09872237221272816,1.1396733284295886
0.025543726431412957,0.0,-0.6931956012411432,-1.9375899111105526,0.0,0.0,0.9824137546907391,0,1.7702876960521348,1,0,1,0,0,1,0,1,0,0,1,0,0,0,1,0,1,0,0,0,0,1,1,0,1,0,1,0,1,0,1,0,1,0,1,0,1,0,0,0,1,0,1,0,1,0,0.5537328095469697,-2.0559568920279943
-0.9714843317787499,0.0,0.21093149028911057,0.4772711516590301,0.0,0.0,-0.7796630951185004,1,0.32839648758764306,1,0,1,0,0,1,1,0,0,0,0,0,1,0,1,0,0,1,0,0,1,0,0,1,1,0,1,0,1,0,1,0,1,0,1,0,0,1,1,0,0,0,1,1,0,0,0.42505275672629467,0.3029396263447615
1.081220493948056,0.0,-1.3437260695373014,-0.33606808855469933,0.0,0.0,-0.7796630951185004,1,0.016070459273325153,1,0,0,1,1,0,1,0,1,0,0,0,0,0,1,0,0,1,0,0,1,0,1,0,0,1,1,0,1,0,1,0,1,0,1,0,0,1,1,0,0,0,1,1,0,0,-1.0289575266781112,0.5717961987756426
-0.5022946573269086,0.0,0.7181247367573018,0.6007621217270765,0.0,0.0,-1.2201823075708103,1,0.5862957281260074,1,0,1,0,0,1,1,0,0,0,0,1,0,0,0,1,0,1,0,0,1,0,0,1,1,0,1,0,1,0,0,1,0,1,0,1,1,0,1,0,0,0,1,0,1,0,1.6207363793650198,0.7936985692802642
0.025543726431412957,0.0,-1.4591741486566596,0.24446373527230422,0.0,0.0,-0.7796630951185004,1,-1.9156618391747482,1,0,1,0,1,0,1,0,0,0,0,0,0,1,1,0,0,1,1,0,0,0,1,0,1,0,1,0,1,0,1,0,1,0,1,0,0,1,1,0,0,0,1,0,0,1,-3.3345435596598096,-0.7644994031762051
0.20148985435085345,0.0,1.5839853301524875,-0.1642097988027183,0.0,0.0,-1.2201823075708103,1,-0.6161176141242888,1,0,1,0,0,1,1,0,1,0,0,0,0,0,0,1,0,1,0,0,1,0,1,0,1,0,0,1,1,0,1,0,0,1,0,1,1,0,1,0,0,0,1,1,0,0,1.5737552205948557,0.5427884153520006
0.3187872729638138,0.0,-1.2451411929859395,0.36963080871589915,0.0,0.0,0.10137532978611936,0,-0.18656465829253258,1,0,1,0,0,1,0,1,1,0,0,0,0,0,0,1,0,1,0,0,1,0,0,1,1,0,0,1,0,1,0,1,0,1,0,1,0,1,0,1,0,0,1,1,0,0,2.556402369014858,0.315030915054194
-0.15040240148802755,0.0,0.001438627617466355,0.5716956836265287,0.0,0.0,1.863452179595359,0,0.6934746332848082,1,0,1,0,1,0,1,0,1,0,0,0,0,0,0,1,0,1,0,0,1,0,1,0,0,1,1,0,0,1,0,1,0,1,0,1,1,0,0,1,0,0,1,1,0,0,2.30494826654382,0.6413218632516648
0.4947334008832543,0.0,-1.3930185078129826,-0.869908696073317,0.0,0.0,0.10137532978611936,0,-1.1294040896113582,1,0,1,0,0,1,1,0,0,0,0,1,0,0,1,0,0,1,1,0,0,0,0,1,1,0,1,0,0,1,1,0,1,0,1,0,1,0,1,0,0,1,0,0,0,1,-0.3294874683073364,-0.44601769459727214
-0.09175369218154737,0.0,-0.569315920837787,0.6007621217270765,0.0,0.0,1.863452179595359,0,1.2578385557616185,1,0,1,0,1,0,1,0,0,0,0,0,0,1,1,0,0,1,0,0,1,0,1,0,0,1,1,0,1,0,1,0,0,1,0,1,0,1,1,0,0,1,0,1,0,0,-1.415783502390983,1.0816174098552493
1.1985179125610164,0.0,0.6604006971976227,-0.023791351794107286,0.0,0.0,-1.2201823075708103,1,-1.5338369895465205,1,0,0,1,1,0,1,0,0,0,0,0,1,0,0,1,0,1,1,0,0,0,1,0,0,1,0,1,1,0,0,1,0,1,1,0,1,0,1,0,0,0,1,1,0,0,0.6110836375988903,1.4494978616011287
0.025543726431412957,0.0,0.9918274861301619,0.5716956836265287,0.0,0.0,0.10137532978611936,1,-1.722237408770975,1,0,1,0,1,0,1,0,1,0,0,0,0,0,1,0,0,1,1,0,0,0,0,1,1,0,1,0,1,0,1,0,1,0,1,0,1,0,1,0,0,0,1,1,0,0,-0.9161303127843963,-0.0910999435706966
-0.678240785246349,0.0,0.6967214411902298,1.2654537340011538,0.0,0.0,0.10137532978611936,0,-1.357996598270363,1,0,1,0,0,1,0,1,1,0,0,0,0,0,0,1,0,1,0,1,0,0,0,1,1,0,0,1,1,0,0,1,1,0,1,0,0,1,0,1,0,0,1,1,0,0,0.29340473144143514,0.2702103298733919
1.7263562963193377,0.0,1.7013791634143065,0.037855076107910814,0.0,0.0,-1.2201823075708103,1,-1.3898153357393819,1,0,0,1,1,0,1,0,1,0,0,0,0,0,0,1,0,1,0,0,1,0,1,0,0,1,0,1,1,0,1,0,0,1,1,0,1,0,1,0,0,0,1,1,0,0,0.9868675801613237,0.9047393977677584
1.1398692032545361,0.0,-0.8131837733595773,0.14806693795787343,0.0,0.0,0.10137532978611936,0,0.5737357001777105,1,0,0,1,0,1,1,0,0,1,0,0,0,0,1,0,0,1,0,0,1,0,0,1,0,1,0,1,0,1,0,1,0,1,0,1,0,1,0,0,1,0,1,1,0,0,2.9105455955657313,0.26491293878977046
0.43608469157677415,0.0,-1.1173700042976613,-0.6980504063213363,0.0,0.0,-1.2201823075708103,1,-1.7456827942744626,1,0,1,0,1,0,1,0,1,0,0,0,0,0,1,0,0,1,0,0,1,0,1,0,0,1,1,0,1,0,0,1,0,1,0,1,0,1,1,0,0,0,1,1,0,0,0.8245309981778903,0.8082754562040706
-1.675268843456512,0.0,-0.37538909130583165,1.2157481529951086,0.0,0.0,0.10137532978611936,0,1.3532947681686756,0,1,1,0,0,1,0,1,1,0,0,0,0,0,0,1,0,1,0,1,0,0,0,1,1,0,1,0,1,0,0,1,1,0,1,0,0,1,1,0,0,0,1,1,0,0,-0.45668295100406925,0.26164881864362927
-1.2060791690046706,0.0,1.5852824995807948,1.2654537340011538,0.0,0.0,-1.2201823075708103,1,1.4755457068654327,0,1,1,0,0,1,1,0,1,0,0,0,0,0,0,1,0,1,0,0,1,0,1,0,1,0,0,1,1,0,0,1,0,1,0,1,1,0,1,0,0,0,1,1,0,0,2.3834618963123813,0.4437991655581785
0.43608469157677415,0.0,-0.26448110518554935,1.1346027292456944,0.0,0.0,0.9824137546907391,0,1.7292582714210314,1,0,1,0,0,1,0,1,1,0,0,0,0,0,0,1,0,1,0,0,1,0,0,1,1,0,0,1,0,1,0,1,0,1,0,1,0,1,0,0,1,0,1,1,0,0,2.9355291876331187,0.3181459782287444
1.0225717846415758,0.0,1.1468392328128956,-0.24535522255213305,0.0,0.0,-1.2201823075708103,1,0.11068933648382896,1,0,0,1,1,0,1,0,0,0,0,0,1,0,0,1,0,1,0,0,1,0,1,0,1,0,1,0,1,0,0,1,0,1,0,1,1,0,1,0,0,0,1,1,0,0,1.111964364862014,0.9326201628136774
-1.03013304108523,0.0,-0.23140328476371091,1.2654537340011538,0.0,0.0,0.9824137546907391,0,-0.7341818768382803,1,0,1,0,0,1,0,1,1,0,0,0,0,0,1,0,0,1,0,1,0,0,0,1,0,1,1,0,1,0,1,0,1,0,1,0,0,1,1,0,0,1,0,0,1,0,1.048330308428198,-0.7458915086883102
0.37743598227029396,0.0,-1.0486200245973691,-0.023791351794107286,0.0,0.0,-0.7796630951185004,1,-1.9215231855506203,1,0,1,0,1,0,1,0,1,0,0,0,0,0,0,1,0,1,0,0,1,0,1,0,1,0,0,1,1,0,1,0,0,1,0,1,0,1,1,0,0,0,1,1,0,0,1.031336412729766,0.5060645949073534
0.025543726431412957,0.0,-0.481756984427038,0.24446373527230422,0.0,0.0,-1.2201823075708103,1,0.7705094713676963,1,0,1,0,1,0,1,0,1,0,0,0,0,0,1,0,0,1,1,0,0,0,1,0,1,0,1,0,1,0,1,0,1,0,1,0,0,1,1,0,0,0,1,0,0,1,-1.8366764746887179,-0.08415884472730985
-1.03013304108523,0.0,0.24400931071094922,0.7071612569928716,0.0,0.0,-1.2201823075708103,1,-1.2139749444632244,1,0,1,0,1,0,1,0,1,0,0,0,0,0,1,0,0,1,0,0,1,0,1,0,1,0,1,0,1,0,1,0,1,0,1,0,0,1,1,0,0,0,1,1,0,0,-1.4536570928336037,0.643830071348859
0.4947334008832543,0.0,-1.1634195190025738,0.33012629336122234,0.0,0.0,0.9824137546907391,0,-0.045055010075053414,1,0,1,0,0,1,1,0,1,0,0,0,0,0,0,1,0,1,0,0,1,0,0,1,0,1,0,1,0,1,0,1,0,1,0,1,0,1,0,0,1,1,0,0,1,0,2.8114991762463766,0.30135257490542744
0.6120308194962146,0.0,1.735105568550299,-0.6980504063213363,0.0,0.0,0.9824137546907391,0,-1.5748664141776239,1,0,1,0,1,0,1,0,1,0,0,0,0,0,1,0,0,1,0,1,0,0,0,1,1,0,0,1,0,1,0,1,0,1,0,1,0,1,0,1,0,1,0,1,0,0,1.182280978555509,0.37721336368905484
1.081220493948056,0.0,1.2551528800765632,-0.5576319593127251,0.0,0.0,0.9824137546907391,0,0.7671601305814838,1,0,0,1,1,0,1,0,0,0,0,0,0,1,1,0,0,1,0,0,1,0,1,0,1,0,1,0,1,0,1,0,1,0,1,0,0,1,0,0,1,0,1,1,0,0,-0.43506309440317703,0.48084015445655054
0.37743598227029396,0.0,-1.4591741486566596,0.0949307535196783,0.0,0.0,0.10137532978611936,0,-0.19493801025806387,1,0,1,0,1,0,1,0,0,1,0,0,0,0,1,0,0,1,0,1,0,0,0,1,1,0,0,1,0,1,0,1,0,1,0,1,0,1,0,0,1,0,1,1,0,0,0.75446389333204,-1.384412429724224
-1.4406740062305912,0.0,1.50550657973989,1.2028038281759472,0.0,0.0,0.9824137546907391,0,0.832472275912628,0,1,1,0,1,0,1,0,1,0,0,0,0,0,0,1,0,1,0,0,1,0,0,1,0,1,1,0,1,0,0,1,0,1,0,1,0,1,1,0,0,1,0,1,0,0,1.722136197118498,0.9622361028918242
0.025543726431412957,0.0,0.3185965528386243,-0.1642097988027183,0.0,0.0,0.9824137546907391,0,-0.17735397113044812,1,0,1,0,0,1,1,0,1,0,0,0,0,0,0,1,0,1,0,1,0,0,0,1,0,1,0,1,0,1,1,0,1,0,1,0,0,1,0,0,1,1,0,0,1,0,2.3664696839008665,-0.8030052377549947
0.3187872729638138,0.0,-1.4591741486566596,-0.1642097988027183,0.0,0.0,-0.7796630951185004,1,-1.4886208889326513,1,0,1,0,1,0,1,0,1,0,0,0,0,0,1,0,0,1,0,1,0,0,1,0,1,0,1,0,1,0,1,0,0,1,0,1,0,1,1,0,0,0,1,1,0,0,-3.9195251972893876,-0.26921141407062626
1.374464040480457,0.0,-1.312594003257924,-0.869908696073317,0.0,0.0,0.10137532978611936,1,-1.53634899513618,1,0,0,1,1,0,1,0,0,0,0,0,0,1,1,0,0,1,0,0,1,0,1,0,1,0,1,0,1,0,1,0,1,0,1,0,0,1,1,0,0,0,1,1,0,0,-1.9930926877596788,0.6366251141184037
-0.9714843317787499,0.0,-0.7580540726565129,0.0949307535196783,0.0,0.0,0.10137532978611936,0,0.5343809459397133,1,0,1,0,1,0,1,0,1,0,0,0,0,0,1,0,0,1,1,0,0,0,1,0,1,0,1,0,1,0,1,0,1,0,1,0,0,1,1,0,0,0,1,1,0,0,-2.634492186411699,0.0018803377840095274
-1.2647278783111506,0.0,1.113761412391057,1.2157481529951086,0.0,0.0,0.10137532978611936,0,-0.866480837893675,0,1,1,0,0,1,1,0,0,0,0,1,0,0,1,0,0,1,0,0,1,0,1,0,0,1,1,0,1,0,1,0,1,0,1,0,0,1,1,0,0,0,1,1,0,0,1.0253481770232509,0.21134182594643303
1.4917614590934172,0.0,-0.8572875339220287,0.6007621217270765,0.0,0.0,-0.7796630951185004,1,-1.452615475480867,1,0,0,1,0,1,1,0,0,0,0,1,0,0,0,1,0,1,0,0,1,0,1,0,0,1,0,1,1,0,1,0,0,1,1,0,0,1,1,0,0,0,1,1,0,0,0.9221167239789336,0.7420402198878103
0.729328238109175,0.0,-0.7230304980922134,-1.9375899111105526,0.0,0.0,0.10137532978611936,0,0.4272020407809125,1,0,1,0,0,1,1,0,0,0,1,0,0,0,1,0,1,0,0,0,0,1,1,0,1,0,1,0,1,0,1,0,1,0,1,0,1,0,0,1,0,0,1,1,0,0,0.36017689660806224,-1.950717526021066
-1.6166201341500317,0.0,0.3672404064001516,0.9591705620964788,0.0,0.0,-1.2201823075708103,1,1.0652514605543983,0,1,1,0,1,0,1,0,1,0,0,0,0,0,0,1,0,1,0,0,1,0,1,0,1,0,1,0,0,1,0,1,0,1,0,1,1,0,1,0,0,0,1,0,1,0,0.3763033528534227,1.2652973589589513
1.6090588777063775,0.0,-0.4181956824399756,0.4772711516590301,0.0,0.0,-0.7796630951185004,1,-0.5499681335965915,1,0,0,1,0,1,1,0,1,0,0,0,0,0,1,0,0,1,0,0,1,0,1,0,1,0,1,0,1,0,1,0,1,0,1,0,0,1,1,0,0,0,1,0,1,0,-0.865311631864275,0.5252383897646464
-0.15040240148802755,0.0,-0.822263959357729,0.0949307535196783,0.0,0.0,0.9824137546907391,0,-1.0238998548456637,1,0,1,0,1,0,1,0,0,0,0,0,0,1,1,0,0,1,1,0,0,0,1,0,1,0,1,0,1,0,1,0,1,0,1,0,0,1,1,0,0,1,0,1,0,0,-3.199378931028737,0.027992761750467582
-0.03310498287506721,0.0,-1.4591741486566596,0.5716956836265287,0.0,0.0,0.10137532978611936,0,-1.7908988948883318,1,0,1,0,0,1,1,0,1,0,0,0,0,0,1,0,0,1,1,0,0,0,0,1,0,1,1,0,0,1,0,1,0,1,0,1,0,1,0,0,1,0,1,1,0,0,-0.25839175250017865,-0.6509319519517169
1.7263562963193377,0.0,1.026202475980308,0.5716956836265287,0.0,0.0,0.9824137546907391,0,0.8559176614161157,1,0,0,1,0,1,1,0,1,0,0,0,0,0,1,0,0,1,0,0,1,0,0,1,0,1,0,1,1,0,1,0,0,1,0,1,0,1,0,1,0,1,0,1,0,0,2.768856476055792,-0.04561444203042633
-0.26769982010098786,0.0,-0.22621460705048121,-0.24535522255213305,0.0,0.0,-1.2201823075708103,1,0.09896664373208514,1,0,1,0,1,0,1,0,1,0,0,0,0,0,1,0,0,1,0,1,0,0,0,1,1,0,1,0,1,0,1,0,1,0,1,0,1,0,1,0,0,1,0,0,1,0,-0.757874682391384,-0.22478076003508443
-1.03013304108523,0.0,-1.1141270807268928,-1.9375899111105526,0.0,0.0,0.9824137546907391,0,1.1288889354924363,1,0,1,0,0,1,1,0,0,0,1,0,0,0,0,1,1,0,0,0,0,1,1,0,1,0,1,0,1,0,1,0,1,0,1,0,1,0,0,0,1,0,1,1,0,0,0.31089036622379296,-1.7956105156258204
-1.4406740062305912,0.0,-0.8047521720755793,-1.9375899111105526,0.0,0.0,0.9824137546907391,0,1.3290120474686347,0,1,1,0,1,0,1,0,0,0,1,0,0,0,1,0,1,0,0,0,0,1,1,0,1,0,1,0,1,0,1,0,1,0,1,0,1,0,0,0,1,1,0,0,0,1,-0.1039994473137794,-1.6968333528208623
0.9639230753350957,0.0,1.1448934786704343,0.36963080871589915,0.0,0.0,-0.7796630951185004,1,1.2628625669409375,1,0,1,0,1,0,1,0,0,0,0,0,0,1,1,0,0,1,0,1,0,0,1,0,1,0,1,0,1,0,1,0,0,1,0,1,1,0,1,0,0,1,0,1,0,0,-1.3951083737385015,0.1546373322209226
1.1985179125610164,0.0,0.7336907698969907,0.6819075454764912,0.0,0.0,-1.2201823075708103,1,0.3995699792946592,1,0,0,1,0,1,1,0,1,0,0,0,0,0,0,1,0,1,1,0,0,0,1,0,1,0,0,1,1,0,0,1,0,1,1,0,1,0,1,0,0,0,1,1,0,0,2.5585830302654013,0.3213154892661932
0.9052743660286154,0.0,1.4419452777528277,-0.869908696073317,0.0,0.0,-1.2201823075708103,1,1.2854706172478718,1,0,1,0,0,1,1,0,0,0,0,0,0,1,0,1,0,1,0,0,1,0,1,0,1,0,1,0,1,0,1,0,1,0,1,0,0,1,1,0,0,0,1,1,0,0,-2.190975506597962,0.9218316548508577
-0.7955382038593094,0.0,-0.6529833489636141,-1.9375899111105526,0.0,0.0,-1.2201823075708103,1,-0.16144460239593864,1,0,1,0,0,1,1,0,0,0,0,0,0,1,1,0,1,0,0,0,0,1,1,0,1,0,1,0,1,0,1,0,1,0,1,0,1,0,1,0,0,1,0,0,1,0,-2.6776951433578033,-0.7927882001526582
1.6677075870128577,0.0,-1.4591741486566596,0.33012629336122234,0.0,0.0,-0.7796630951185004,1,1.0644141253578452,1,0,0,1,1,0,1,0,1,0,0,0,0,0,1,0,0,1,0,1,0,0,1,0,0,1,1,0,1,0,0,1,0,1,0,1,1,0,1,0,0,0,1,1,0,0,-0.009411251446043817,-1.2677151866458716
-1.4406740062305912,0.0,1.6650584194216997,1.2028038281759472,0.0,0.0,0.9824137546907391,0,1.1188409131337989,0,1,1,0,1,0,1,0,0,0,0,1,0,0,1,0,0,1,0,1,0,0,1,0,0,1,1,0,1,0,0,1,1,0,1,0,0,1,0,1,0,0,1,0,1,0,1.2689137430563673,-0.5601672785925019
1.4917614590934172,0.0,-1.4591741486566596,0.0949307535196783,0.0,0.0,-1.2201823075708103,1,-0.2711355131443988,1,0,0,1,1,0,1,0,1,0,0,0,0,0,1,0,0,1,0,1,0,0,1,0,1,0,0,1,1,0,1,0,1,0,1,0,0,1,1,0,0,0,1,1,0,0,-3.435542062884892,-0.5179496625020455
-0.7955382038593094,0.0,1.1384076315288973,-1.9375899111105526,0.0,0.0,-1.2201823075708103,1,-1.862072386595348,1,0,1,0,0,1,0,1,0,0,0,0,0,1,0,1,1,0,0,0,0,1,1,0,1,0,1,0,1,0,1,0,1,0,1,0,1,0,1,0,0,0,1,1,0,0,-1.8514507500127892,-0.6949092010614291
-0.9714843317787499,0.0,0.10650935131036536,0.44303577337051536,0.0,0.0,-1.2201823075708103,1,-0.6973391281899426,1,0,1,0,1,0,1,0,1,0,0,0,0,0,0,1,0,1,0,0,1,0,1,0,1,0,1,0,0,1,0,1,0,1,0,1,0,1,1,0,0,0,1,0,1,0,0.42199557227345974,1.209852900038609
0.729328238109175,0.0,-1.359940687391144,-0.43890985399893934,0.0,0.0,0.10137532978611936,1,-1.166246838259696,1,0,1,0,1,0,1,0,0,0,0,1,0,0,1,0,0,1,0,1,0,0,1,0,1,0,0,1,0,1,1,0,1,0,1,0,1,0,1,0,0,0,1,1,0,0,0.08216417240300597,-0.5355887752158414
-0.09175369218154737,0.0,0.14023575644635758,0.4772711516590301,0.0,0.0,-1.2201823075708103,1,-1.5664930622120927,1,0,1,0,1,0,1,0,1,0,0,0,0,0,0,1,0,1,0,0,1,0,1,0,1,0,1,0,1,0,1,0,0,1,0,1,0,1,1,0,0,0,1,1,0,0,1.4581214523107007,0.27319392421384514
-1.6166201341500317,0.0,1.3803297299082267,1.0438898632431284,0.0,0.0,0.9824137546907391,0,0.32086047081866487,0,1,1,0,1,0,1,0,0,0,0,0,1,0,0,1,0,1,0,1,0,0,0,1,0,1,0,1,1,0,1,0,1,0,1,0,1,0,1,0,0,1,0,0,1,0,0.5807436245056904,-0.0013135533376808536
0.14284114504437329,0.0,0.8316270617341988,0.7071612569928716,0.0,0.0,-0.7796630951185004,1,-0.3992477982170279,1,0,1,0,0,1,1,0,1,0,0,0,0,0,0,1,0,1,0,0,1,0,1,0,0,1,0,1,0,1,1,0,1,0,1,0,0,1,0,1,0,0,1,1,0,0,1.7496883564048475,0.35015205270810995
-0.5022946573269086,0.0,0.08575464045744703,0.33012629336122234,0.0,0.0,1.863452179595359,0,0.15925477788391057,1,0,1,0,1,0,1,0,0,0,1,0,0,0,0,1,0,1,0,0,1,0,1,0,1,0,1,0,1,0,1,0,1,0,1,0,0,1,1,0,0,0,1,1,0,0,1.7716760226406034,-0.30521120019181364
1.5504101683998974,0.0,0.3536201274029239,-1.9375899111105526,0.0,0.0,-0.7796630951185004,1,0.9262538179265787,1,0,0,1,1,0,1,0,1,0,0,0,0,0,1,0,1,0,0,0,0,1,1,0,1,0,1,0,1,0,1,0,1,0,1,0,1,0,1,0,0,1,0,1,0,0,-1.7319407207395985,-0.9569199248137351
1.3158153311739766,0.0,-0.4091154964418238,0.037855076107910814,0.0,0.0,0.10137532978611936,1,-1.3052444808875157,1,0,0,1,1,0,1,0,1,0,0,0,0,0,1,0,0,1,0,0,1,0,1,0,1,0,1,0,1,0,1,0,1,0,1,0,0,1,1,0,0,1,0,1,0,0,-2.5561699890428495,0.7549729336798002
1.785005005625818,0.0,-0.7074644649525247,0.6819075454764912,0.0,0.0,-1.2201823075708103,1,1.3851135056376944,1,0,0,1,1,0,0,1,0,0,0,0,1,0,1,0,0,1,0,0,1,0,1,0,0,1,1,0,1,0,0,1,0,1,1,0,1,0,1,0,0,0,1,1,0,0,0.08141813895662206,1.1193449251505363
-1.3820252969241111,0.0,-0.4201414365824368,-1.9375899111105526,0.0,0.0,0.10137532978611936,0,1.1866650640546024,0,1,1,0,0,1,0,1,1,0,0,0,0,0,1,0,1,0,0,0,0,1,1,0,1,0,1,0,1,0,1,0,1,0,1,0,1,0,0,0,1,0,1,0,1,0,0.07880687305807872,-1.7038598731557366
0.08419243573789313,0.0,1.5081009185965049,-1.9375899111105526,0.0,0.0,1.863452179595359,0,1.3516200977755692,1,0,1,0,0,1,1,0,1,0,0,0,0,0,1,0,1,0,0,0,0,1,1,0,1,0,1,0,1,0,1,0,1,0,1,0,1,0,0,0,1,1,0,1,0,0,0.4657099382841322,-1.7287074158877802
0.8466256567221353,0.0,-1.4591741486566596,0.5100492557245105,0.0,0.0,0.10137532978611936,0,-1.5547703694603487,1,0,1,0,1,0,1,0,1,0,0,0,0,0,1,0,0,1,1,0,0,0,0,1,0,1,1,0,1,0,0,1,1,0,1,0,0,1,1,0,0,0,1,1,0,0,-0.2619724361374991,-1.3026974760512646
-0.26769982010098786,0.0,-0.45257067229012166,0.037855076107910814,0.0,0.0,1.863452179595359,0,0.4766048173775473,1,0,1,0,1,0,1,0,1,0,0,0,0,0,1,0,0,1,0,1,0,0,1,0,1,0,1,0,1,0,0,1,0,1,0,1,0,1,0,1,0,0,1,1,0,0,0.776666154107548,-0.2306589677962763
0.025543726431412957,0.0,-1.1238558514391983,0.5716956836265287,0.0,0.0,0.10137532978611936,0,-1.4752235257878012,1,0,1,0,0,1,1,0,0,0,0,0,1,0,1,0,0,1,1,0,0,0,1,0,0,1,0,1,0,1,0,1,0,1,0,1,0,1,0,0,1,1,0,0,1,0,-0.11247613563172237,0.6535355896870594
-1.4993227155370714,0.0,0.8497874337305024,1.2028038281759472,0.0,0.0,-0.7796630951185004,1,-0.5759255246897386,0,1,1,0,0,1,1,0,1,0,0,0,0,0,1,0,0,1,0,1,0,0,1,0,1,0,1,0,1,0,0,1,1,0,0,1,0,1,1,0,0,1,0,0,1,0,-2.625780835179839,0.35293280560426626
-0.15040240148802755,0.0,0.7103417201874576,-0.5576319593127251,0.0,0.0,0.9824137546907391,0,-1.2524923635046685,1,0,1,0,1,0,1,0,0,0,0,1,0,0,0,1,0,1,0,1,0,0,0,1,1,0,1,0,1,0,0,1,0,1,0,1,0,1,0,1,0,1,0,0,1,0,1.1551644910951289,0.06640472614906455
-0.9714843317787499,0.0,-0.30404477274892505,-1.9375899111105526,0.0,0.0,1.863452179595359,0,-1.1369401063803364,1,0,1,0,1,0,1,0,1,0,0,0,0,0,1,0,1,0,0,0,0,1,1,0,1,0,1,0,1,0,1,0,1,0,1,0,1,0,1,0,0,1,0,0,0,1,-3.714173357456019,-0.6347344115300586
-1.4993227155370714,0.0,-1.4591741486566596,1.2157481529951086,0.0,0.0,0.10137532978611936,0,1.7594023384969442,0,1,1,0,0,1,1,0,0,0,1,0,0,0,1,0,0,1,0,1,0,0,0,1,1,0,0,1,0,1,0,1,0,1,0,1,0,1,0,0,1,0,1,0,1,0,0.5547330356828024,-1.084083220040057
1.433112749786937,0.0,0.8990798720061832,-0.43890985399893934,0.0,0.0,0.10137532978611936,1,-0.20749803820636084,1,0,0,1,1,0,1,0,1,0,0,0,0,0,0,1,0,1,0,0,1,0,1,0,0,1,1,0,1,0,1,0,0,1,1,0,0,1,1,0,0,0,1,1,0,0,1.1139630045838254,0.6605026090757855
0.43608469157677415,0.0,-0.37733484544829277,-1.9375899111105526,0.0,0.0,0.10137532978611936,0,0.11487601246659462,1,0,1,0,0,1,0,1,0,0,0,0,0,1,0,1,1,0,0,0,0,1,1,0,1,0,1,0,1,0,1,0,1,0,1,0,1,0,0,1,0,1,0,0,1,0,-2.5663480294751513,-0.6770544622187868
0.7879769474156552,0.0,0.6882898399062316,-0.09080483414810245,0.0,0.0,0.9824137546907391,0,1.6957648635589062,1,0,1,0,1,0,1,0,1,0,0,0,0,0,0,1,0,1,0,0,1,0,0,1,1,0,0,1,0,1,0,1,0,1,0,1,0,1,0,1,0,0,1,0,1,0,2.986750525085483,0.4163057419858859
1.9023024242387783,0.0,-1.0038676793207644,0.5716956836265287,0.0,0.0,-1.2201823075708103,1,0.1600921130804637,1,0,0,1,0,1,1,0,1,0,0,0,0,0,1,0,0,1,1,0,0,0,0,1,1,0,1,0,1,0,1,0,1,0,1,0,0,1,1,0,0,0,1,1,0,0,0.5581465954061533,0.16952638386899124
1.5504101683998974,0.0,0.2712498687054044,0.5414890984678798,0.0,0.0,0.9824137546907391,0,-1.0280865308284293,1,0,0,1,1,0,1,0,1,0,0,0,0,0,1,0,0,1,0,0,1,0,1,0,1,0,0,1,1,0,0,1,0,1,0,1,0,1,0,0,1,0,1,1,0,0,0.39232057825203154,1.1499826412657819
0.9052743660286154,0.0,1.5969570244355613,0.5100492557245105,0.0,0.0,1.863452179595359,0,0.4690688006085691,1,0,1,0,1,0,0,1,0,0,0,0,1,0,0,1,0,1,0,0,1,0,1,0,1,0,0,1,1,0,1,0,1,0,1,0,0,1,1,0,0,0,1,0,0,1,0.052420688971107535,0.6456989961837734
0.5533821101897345,0.0,-1.3768038899591402,0.5414890984678798,0.0,0.0,0.9824137546907391,0,1.6538981037312497,1,0,1,0,0,1,1,0,0,0,1,0,0,0,1,0,0,1,0,1,0,0,1,0,1,0,0,1,0,1,0,1,0,1,0,1,1,0,0,0,1,0,1,1,0,0,1.5741331360871056,-0.6349669701288474
0.9052743660286154,0.0,0.7972520718840528,-1.9375899111105526,0.0,0.0,0.9824137546907391,0,-0.46372260835161894,1,0,1,0,1,0,1,0,0,0,0,0,0,1,1,0,1,0,0,0,0,1,1,0,1,0,1,0,1,0,1,0,1,0,1,0,1,0,1,0,0,1,0,1,0,0,-1.4128710789269214,-0.9889163365849464
-1.4406740062305912,0.0,0.8244926298785081,-1.9375899111105526,0.0,0.0,0.10137532978611936,0,1.0870221756647798,0,1,1,0,1,0,1,0,0,0,0,0,0,1,1,0,1,0,0,0,0,1,1,0,1,0,1,0,1,0,1,0,1,0,1,0,1,0,1,0,0,0,1,0,1,0,-1.6421290944123978,-0.9360159329065425
-1.3820252969241111,0.0,-0.8125351886454235,1.0438898632431284,0.0,0.0,1.863452179595359,0,0.5636876778190729,0,1,1,0,1,0,1,0,1,0,0,0,0,0,0,1,0,1,0,0,1,0,1,0,0,1,1,0,0,1,1,0,0,1,0,1,0,1,1,0,0,1,0,1,0,0,0.3276892309222333,1.0486562251425873
-0.5022946573269086,0.0,-0.8786908294891007,-1.9375899111105526,0.0,0.0,0.10137532978611936,1,0.50674888445346,1,0,1,0,1,0,1,0,0,0,0,0,1,0,1,0,1,0,0,0,0,1,1,0,1,0,1,0,1,0,1,0,1,0,1,0,1,0,0,1,0,1,0,1,0,0,-1.1989746106365908,-1.1943124320750298
0.7879769474156552,0.0,0.5572757276471848,-0.023791351794107286,0.0,0.0,-1.2201823075708103,1,-0.1120418257993039,1,0,1,0,1,0,1,0,1,0,0,0,0,0,1,0,0,1,0,0,1,0,1,0,1,0,1,0,0,1,0,1,0,1,0,1,0,1,1,0,0,0,1,1,0,0,-0.5474473634438878,1.3600904662638371
-0.15040240148802755,0.0,1.3070396572088587,-0.869908696073317,0.0,0.0,-0.7796630951185004,1,-0.44362656363434383,1,0,1,0,0,1,1,0,0,0,0,0,1,0,0,1,0,1,0,0,1,0,1,0,0,1,0,1,1,0,0,1,0,1,0,1,0,1,1,0,0,1,0,1,0,0,1.188672011759026,1.1863665324963262
-1.2647278783111506,0.0,-0.07898587693759199,0.6007621217270765,0.0,0.0,-1.2201823075708103,1,-0.6085815973553107,0,1,1,0,1,0,1,0,0,0,0,0,0,1,1,0,0,1,1,0,0,0,1,0,0,1,1,0,1,0,1,0,1,0,1,0,0,1,1,0,0,0,1,0,1,0,-2.2219640634687297,0.10576600597511733
-1.0887817503917103,0.0,0.5689502525019514,1.2157481529951086,0.0,0.0,0.9824137546907391,0,1.1707556953200928,0,1,1,0,0,1,1,0,1,0,0,0,0,0,0,1,0,1,0,1,0,0,0,1,1,0,0,1,0,1,0,1,0,1,0,1,0,1,0,0,1,0,1,1,0,0,2.3192636518947585,-0.2026767407823595
-1.2060791690046706,0.0,0.46647386766566734,1.120206624171783,0.0,0.0,0.10137532978611936,1,0.2815057165806677,0,1,1,0,1,0,1,0,0,0,0,0,0,1,1,0,0,1,1,0,0,0,1,0,1,0,1,0,1,0,1,0,1,0,0,1,1,0,1,0,0,1,0,1,0,0,-2.3335724185012534,0.02018811275505785
0.7879769474156552,0.0,-0.31247637403292305,-0.1642097988027183,0.0,0.0,0.9824137546907391,0,1.1205155835269052,1,0,1,0,0,1,1,0,1,0,0,0,0,0,1,0,0,1,1,0,0,0,0,1,1,0,0,1,1,0,1,0,1,0,1,0,0,1,1,0,0,1,0,0,1,0,-2.804841047388264,0.36567117387247583
-0.4436459480204284,0.0,1.7013791634143065,-1.9375899111105526,0.0,0.0,1.863452179595359,0,0.09896664373208514,1,0,1,0,0,1,1,0,0,0,1,0,0,0,0,1,1,0,0,0,0,1,1,0,1,0,1,0,1,0,1,0,1,0,1,0,1,0,0,0,1,0,1,1,0,0,1.2865862394184002,-2.0318903454885255
-0.9128356224722697,0.0,1.3193627667777792,-1.9375899111105526,0.0,0.0,0.9824137546907391,0,0.9974273096335948,1,0,1,0,0,1,0,1,0,1,0,0,0,0,0,1,1,0,0,0,0,1,1,0,1,0,1,0,1,0,1,0,1,0,1,0,1,0,0,1,0,0,1,0,1,0,1.4415974708109334,-2.072098020891125
1.374464040480457,0.0,0.5151177212271947,0.6007621217270765,0.0,0.0,0.9824137546907391,0,0.1734894762253138,1,0,0,1,0,1,1,0,1,0,0,0,0,0,1,0,0,1,0,1,0,0,0,1,1,0,0,1,1,0,0,1,1,0,1,0,0,1,1,0,0,1,0,1,0,0,0.3321925296851027,0.10586581996538866
-1.5579714248435517,0.0,0.4697167912364356,0.9591705620964788,0.0,0.0,0.9824137546907391,0,0.7897681808884183,0,1,1,0,1,0,1,0,0,0,0,0,0,1,0,1,0,1,0,0,1,0,1,0,1,0,0,1,0,1,1,0,1,0,1,0,0,1,1,0,0,0,1,1,0,0,-0.749984959276699,0.9594213608951396
0.3187872729638138,0.0,-1.4591741486566596,-0.33606808855469933,0.0,0.0,-0.7796630951185004,1,-0.5951842342104605,1,0,1,0,1,0,1,0,1,0,0,0,0,0,1,0,0,1,0,1,0,0,1,0,0,1,1,0,1,0,1,0,1,0,1,0,0,1,1,0,0,0,1,1,0,0,-1.363437279342505,-1.2773456475690388
-0.03310498287506721,0.0,-1.1984430935668735,-0.023791351794107286,0.0,0.0,-1.2201823075708103,1,0.4766048173775473,1,0,1,0,1,0,1,0,0,0,0,0,0,1,1,0,0,1,1,0,0,0,1,0,1,0,1,0,1,0,1,0,1,0,1,0,0,1,1,0,0,0,1,1,0,0,-3.401317756865155,-0.019479060392125692
-1.4993227155370714,0.0,0.6818039927646946,-1.9375899111105526,0.0,0.0,0.9824137546907391,0,0.5595010018363072,0,1,1,0,0,1,1,0,1,0,0,0,0,0,1,0,1,0,0,0,0,1,1,0,1,0,1,0,1,0,1,0,1,0,1,0,1,0,0,0,1,1,0,0,1,0,1.188881554720446,-2.256694908087524
1.1398692032545361,0.0,1.0949524556806,0.7071612569928716,0.0,0.0,0.9824137546907391,0,0.47409281178788787,1,0,0,1,0,1,0,1,1,0,0,0,0,0,0,1,0,1,0,0,1,0,1,0,0,1,0,1,1,0,0,1,0,1,0,1,0,1,0,1,0,0,1,1,0,0,2.9789056036364983,0.24595691780052228
-0.7368894945528293,0.0,-0.5258607449894894,0.65579761464225,0.0,0.0,-1.2201823075708103,1,0.5687116889983916,1,0,1,0,1,0,1,0,1,0,0,0,0,0,1,0,0,1,0,1,0,0,0,1,1,0,1,0,1,0,1,0,1,0,1,0,0,1,1,0,0,0,1,1,0,0,0.07443147745312721,-0.5027808817497754
-1.4406740062305912,0.0,0.5254950766536538,0.6287713610382961,0.0,0.0,0.10137532978611936,1,-0.35570636799626504,0,1,1,0,1,0,1,0,0,0,0,0,0,1,1,0,0,1,0,0,1,0,1,0,1,0,1,0,1,0,1,0,1,0,0,1,0,1,1,0,0,0,1,0,0,1,-2.366961303043135,0.8095825250766726
-0.03310498287506721,0.0,-0.48305415385534534,0.5100492557245105,0.0,0.0,0.9824137546907391,0,1.7041382155244373,1,0,1,0,0,1,0,1,0,0,1,0,0,0,0,1,0,1,0,0,1,0,1,0,0,1,1,0,0,1,0,1,0,1,0,1,0,1,0,1,0,0,1,0,1,0,2.6566446891195605,0.34777320505400827
1.0225717846415758,0.0,0.13245273987651315,-0.5576319593127251,0.0,0.0,-0.7796630951185004,1,-1.075814637031958,1,0,0,1,0,1,1,0,1,0,0,0,0,0,0,1,0,1,0,0,1,0,1,0,1,0,1,0,1,0,1,0,0,1,0,1,0,1,1,0,0,0,1,0,1,0,1.4730243033105603,0.2819789843463209
1.785005005625818,0.0,-1.10310114058628,0.5716956836265287,0.0,0.0,0.10137532978611936,1,0.9932406336508292,1,0,0,1,1,0,1,0,0,0,0,0,0,1,0,1,0,1,0,0,1,0,1,0,1,0,1,0,1,0,0,1,1,0,1,0,0,1,1,0,0,0,1,1,0,0,-1.822549677458738,1.1367276402132298
1.3158153311739766,0.0,-0.7599998267989742,0.19777251896391848,0.0,0.0,-0.7796630951185004,1,0.8910857396713472,1,0,0,1,0,1,1,0,1,0,0,0,0,0,0,1,0,1,0,0,1,0,1,0,1,0,1,0,1,0,0,1,0,1,1,0,0,1,1,0,0,0,1,1,0,0,2.2727106252180564,0.044021610114203046
-0.5022946573269086,0.0,0.3652946522576904,0.33012629336122234,0.0,0.0,-1.2201823075708103,1,0.9430005218576413,1,0,1,0,1,0,1,0,1,0,0,0,0,0,0,1,0,1,0,0,1,0,1,0,1,0,0,1,1,0,0,1,0,1,0,1,0,1,0,1,0,0,1,0,1,0,2.7388700409489704,0.14176525249308322
0.3187872729638138,0.0,-0.6931956012411432,0.5414890984678798,0.0,0.0,-0.7796630951185004,1,-1.7247494143606343,1,0,1,0,1,0,1,0,1,0,0,0,0,0,1,0,0,1,0,0,1,0,1,0,1,0,1,0,1,0,0,1,0,1,0,1,0,1,1,0,0,0,1,1,0,0,-0.7653300879977146,1.1783849941418443
0.7879769474156552,0.0,-0.6795753222439157,0.7071612569928716,0.0,0.0,0.9824137546907391,0,1.5408578521965768,1,0,1,0,0,1,0,1,1,0,0,0,0,0,1,0,0,1,0,0,1,0,1,0,1,0,1,0,0,1,0,1,0,1,0,1,0,1,0,0,1,0,1,0,1,0,2.642876931297465,-0.11950875088618904
0.729328238109175,0.0,0.6441860793437802,0.0949307535196783,0.0,0.0,-1.2201823075708103,1,-0.13297520571313218,1,0,1,0,0,1,1,0,1,0,0,0,0,0,1,0,0,1,0,0,1,0,1,0,1,0,1,0,1,0,0,1,1,0,1,0,0,1,1,0,0,0,1,1,0,0,-1.003593065294767,0.9300575562681673
1.7263562963193377,0.0,-0.31377354346123043,0.0949307535196783,0.0,0.0,1.863452179595359,0,-1.6686479561915746,1,0,0,1,0,1,0,1,1,0,0,0,0,0,0,1,0,1,0,0,1,0,1,0,1,0,0,1,1,0,1,0,1,0,1,0,0,1,1,0,0,0,1,0,1,0,-0.19768962940749044,0.6414227580467122
-1.2647278783111506,0.0,0.11494095259436336,1.2157481529951086,0.0,0.0,0.10137532978611936,0,0.8266109295367561,0,1,1,0,0,1,1,0,1,0,0,0,0,0,1,0,0,1,1,0,0,0,0,1,0,1,1,0,0,1,1,0,1,0,1,0,0,1,0,0,1,0,1,0,1,0,2.010655277157828,-1.1323814640003933
-0.8541869131657895,0.0,1.4730773440322054,0.36963080871589915,0.0,0.0,0.10137532978611936,0,1.6798554948243967,1,0,1,0,0,1,0,1,0,0,1,0,0,0,0,1,0,1,0,0,1,0,1,0,0,1,0,1,0,1,0,1,0,1,0,1,0,1,0,0,1,0,1,0,1,0,3.0810725668869705,0.44111307083165924
0.6706795288026948,0.0,0.6487261723428561,0.0949307535196783,0.0,0.0,0.9824137546907391,0,0.4849781693430786,1,0,1,0,0,1,1,0,1,0,0,0,0,0,1,0,0,1,0,0,1,0,0,1,1,0,1,0,0,1,0,1,0,1,0,1,0,1,0,0,1,0,1,1,0,0,2.590637986088546,0.14175881261866402
-1.4406740062305912,0.0,0.5060375352290428,1.2654537340011538,0.0,0.0,1.863452179595359,0,-1.9164991743713014,0,1,1,0,1,0,1,0,1,0,0,0,0,0,1,0,0,1,0,1,0,0,1,0,1,0,1,0,1,0,1,0,0,1,0,1,1,0,1,0,0,0,1,1,0,0,-0.623929995414578,0.05457789489997268
-0.09175369218154737,0.0,-0.7249762522346744,0.037855076107910814,0.0,0.0,-1.2201823075708103,1,-0.9552383687283069,1,0,1,0,0,1,1,0,1,0,0,0,0,0,0,1,0,1,0,0,1,0,1,0,0,1,0,1,1,0,0,1,0,1,0,1,0,1,1,0,0,0,1,1,0,0,1.4818150587166763,0.9030436329527846
-0.5022946573269086,0.0,-0.6899526776703748,-1.9375899111105526,0.0,0.0,0.10137532978611936,0,0.5804343817501355,1,0,1,0,0,1,0,1,0,0,1,0,0,0,0,1,1,0,0,0,0,1,1,0,1,0,1,0,1,0,1,0,1,0,1,0,1,0,0,0,1,1,0,0,1,0,0.35883902250084376,-1.7518272885969826
0.4947334008832543,0.0,-0.14125000949634697,1.1762436376404322,0.0,0.0,0.10137532978611936,0,1.2486278685995342,1,0,1,0,0,1,0,1,0,1,0,0,0,0,1,0,0,1,0,0,1,0,1,0,0,1,1,0,0,1,0,1,1,0,1,0,0,1,0,0,1,0,1,0,0,1,2.7082703934796295,-0.20148310735029043
-0.03310498287506721,0.0,1.1435963092421273,0.5716956836265287,0.0,0.0,-1.2201823075708103,1,0.12157469403901967,1,0,1,0,0,1,1,0,1,0,0,0,0,0,0,1,0,1,0,0,1,0,1,0,0,1,0,1,1,0,0,1,0,1,0,1,0,1,1,0,0,0,1,0,1,0,2.685735671813957,0.4187161489721954
-0.3849972387139482,0.0,1.4730773440322054,-0.869908696073317,0.0,0.0,-1.2201823075708103,1,-0.2719728483409519,1,0,1,0,1,0,1,0,1,0,0,0,0,0,0,1,0,1,0,0,1,0,1,0,1,0,0,1,1,0,0,1,0,1,0,1,0,1,1,0,0,0,1,1,0,0,0.3579265651435795,1.3369697724181786
1.7263562963193377,0.0,-1.0071106028915329,0.36963080871589915,0.0,0.0,-0.7796630951185004,1,0.877688376526497,1,0,0,1,0,1,1,0,0,0,0,0,1,0,1,0,0,1,0,0,1,0,1,0,1,0,1,0,1,0,1,0,0,1,1,0,0,1,1,0,0,0,1,1,0,0,-0.2764229534137484,0.6707545109022934
-1.5579714248435517,0.0,1.2570986342190242,1.2157481529951086,0.0,0.0,-0.7796630951185004,1,-0.11287916099585703,0,1,1,0,0,1,1,0,0,1,0,0,0,0,0,1,0,1,0,0,1,0,1,0,0,1,0,1,0,1,0,1,0,1,0,1,1,0,0,1,0,0,1,1,0,0,3.1978057549082166,0.29954026981599213
-0.32634852940746806,0.0,-1.4591741486566596,0.6287713610382961,0.0,0.0,0.9824137546907391,0,1.0861848404682266,1,0,1,0,0,1,1,0,1,0,0,0,0,0,1,0,0,1,0,1,0,0,0,1,0,1,0,1,1,0,0,1,0,1,0,1,0,1,0,1,0,1,0,1,0,0,-0.8577726393577635,-0.4059726501155346
0.08419243573789313,0.0,-1.370966627531757,0.5716956836265287,0.0,0.0,-0.7796630951185004,1,-1.600823805270771,1,0,1,0,1,0,1,0,0,0,0,0,1,0,0,1,0,1,0,0,1,0,1,0,1,0,1,0,1,0,0,1,1,0,1,0,0,1,1,0,0,0,1,1,0,0,0.10734508245660794,0.5770213656806161
-0.09175369218154737,0.0,-0.49732301756672675,0.5414890984678798,0.0,0.0,0.10137532978611936,0,1.4680096900964545,1,0,1,0,0,1,0,1,0,1,0,0,0,0,0,1,0,1,0,1,0,0,1,0,1,0,0,1,0,1,1,0,0,1,0,1,0,1,0,0,1,0,1,1,0,0,2.146880144688762,-0.81565572525659
-0.678240785246349,0.0,-0.6237970368266976,0.4772711516590301,0.0,0.0,-1.2201823075708103,1,0.8877363988851347,1,0,1,0,0,1,0,1,1,0,0,0,0,0,0,1,0,1,1,0,0,0,1,0,1,0,1,0,1,0,1,0,1,0,1,0,0,1,1,0,0,1,0,0,1,0,-1.6970138549432308,0.043350626428561835
0.4947334008832543,0.0,0.490471502089354,-0.09080483414810245,0.0,0.0,0.10137532978611936,0,-0.09194578108202876,1,0,1,0,1,0,1,0,1,0,0,0,0,0,1,0,0,1,0,0,1,0,1,0,1,0,0,1,1,0,1,0,1,0,1,0,1,0,1,0,0,0,1,1,0,0,-0.5692462995599663,0.6712090365820356
-1.4406740062305912,0.0,0.4061554892493735,0.6287713610382961,0.0,0.0,0.10137532978611936,0,-1.339575223946194,0,1,1,0,1,0,1,0,0,0,0,0,1,0,1,0,0,1,0,1,0,0,1,0,0,1,0,1,0,1,1,0,1,0,1,0,0,1,1,0,0,0,1,1,0,0,-0.4072232877618884,0.14392671236503912
-0.678240785246349,0.0,1.128678860816592,0.40720749028027037,0.0,0.0,-0.7796630951185004,1,-0.7392058880175991,1,0,1,0,1,0,1,0,0,0,0,0,0,1,1,0,0,1,1,0,0,0,1,0,1,0,1,0,1,0,1,0,1,0,1,0,0,1,1,0,0,0,1,0,1,0,-1.5579912608368405,-0.10553253306977951
0.9639230753350957,0.0,-0.7210847439497522,-1.9375899111105526,0.0,0.0,0.9824137546907391,0,-1.6569252634398308,1,0,1,0,0,1,1,0,1,0,0,0,0,0,1,0,1,0,0,0,0,1,1,0,1,0,1,0,1,0,1,0,1,0,1,0,1,0,0,0,1,1,0,0,1,0,-0.5062653116214445,-1.4956934111415048
0.5533821101897345,0.0,-0.0011557112391483784,-0.5576319593127251,0.0,0.0,0.10137532978611936,1,-1.8478376882539447,1,0,1,0,1,0,1,0,1,0,0,0,0,0,1,0,0,1,0,0,1,0,1,0,1,0,1,0,1,0,0,1,1,0,1,0,0,1,1,0,0,0,1,1,0,0,-2.282965363440823,1.0677220622944774
-0.03310498287506721,0.0,-0.039422209374216505,1.2028038281759472,0.0,0.0,0.10137532978611936,0,1.5341591706241517,1,0,1,0,0,1,0,1,1,0,0,0,0,0,0,1,0,1,0,0,1,0,0,1,0,1,0,1,0,1,0,1,0,1,0,1,1,0,0,0,1,1,0,1,0,0,3.1835710416248935,0.4030315047250065
0.14284114504437329,0.0,-1.4591741486566596,0.33012629336122234,0.0,0.0,0.10137532978611936,0,0.11822535325280714,1,0,1,0,1,0,1,0,1,0,0,0,0,0,1,0,0,1,0,1,0,0,1,0,1,0,1,0,1,0,1,0,1,0,1,0,0,1,0,1,0,1,0,0,1,0,-4.218574983310852,-0.5248714723546243
1.2571666218674964,0.0,0.7291506768979148,-0.43890985399893934,0.0,0.0,0.10137532978611936,1,0.7713468065642494,1,0,0,1,0,1,1,0,1,0,0,0,0,0,0,1,0,1,0,0,1,0,1,0,1,0,1,0,1,0,0,1,0,1,1,0,0,1,1,0,0,0,1,1,0,0,1.4952196898093242,0.6091514132488405
-0.4436459480204284,0.0,-0.4084669117276703,0.28848538496648446,0.0,0.0,-1.2201823075708103,1,0.7721841417608025,1,0,1,0,0,1,1,0,0,0,0,0,1,0,0,1,0,1,0,0,1,0,1,0,1,0,1,0,1,0,1,0,0,1,0,1,0,1,1,0,0,0,1,1,0,0,0.6881897372114191,0.5814381911553558
1.1398692032545361,0.0,-0.6341743922531569,0.5100492557245105,0.0,0.0,0.9824137546907391,0,-0.42353051891706867,1,0,0,1,1,0,1,0,1,0,0,0,0,0,0,1,0,1,1,0,0,0,1,0,0,1,0,1,0,1,1,0,1,0,1,0,0,1,0,0,1,1,0,1,0,0,0.5754915097059441,-0.16362917525881526
-1.4993227155370714,0.0,1.032039738407691,-1.9375899111105526,0.0,0.0,0.10137532978611936,0,-0.38501309987562465,0,1,1,0,0,1,1,0,1,0,0,0,0,0,1,0,1,0,0,0,0,1,1,0,1,0,1,0,1,0,1,0,1,0,1,0,1,0,0,1,0,1,0,0,1,0,-2.932035176354535,-0.7156562075799668
-1.1474304596981904,0.0,-0.13022406935573425,-1.9375899111105526,0.0,0.0,0.10137532978611936,0,1.414420237517054,0,1,1,0,0,1,0,1,0,1,0,0,0,0,1,0,1,0,0,0,0,1,1,0,1,0,1,0,1,0,1,0,1,0,1,0,1,0,0,0,1,1,0,0,1,0,1.1356636107999631,-2.322339810647989
-0.9128356224722697,0.0,-0.2223230987655591,0.28848538496648446,0.0,0.0,-1.2201823075708103,1,1.2963559748030626,1,0,1,0,1,0,1,0,1,0,0,0,0,0,0,1,0,1,0,0,1,0,1,0,1,0,1,0,1,0,0,1,1,0,1,0,0,1,1,0,0,0,1,1,0,0,1.3799531230967697,0.33753906617313156
-1.2647278783111506,0.0,-0.3235023141735358,1.2654537340011538,0.0,0.0,1.863452179595359,0,-1.6083598220397493,0,1,1,0,1,0,0,1,1,0,0,0,0,0,1,0,0,1,0,0,1,0,1,0,0,1,0,1,1,0,0,1,0,1,0,1,0,1,1,0,0,0,1,1,0,0,1.9974902664668859,0.5019833384201242
0.8466256567221353,0.0,0.3808606853973793,0.33012629336122234,0.0,0.0,0.10137532978611936,0,1.5969593103656368,1,0,1,0,0,1,0,1,1,0,0,0,0,0,0,1,0,1,0,1,0,0,0,1,0,1,0,1,0,1,1,0,1,0,1,0,0,1,0,0,1,1,0,1,0,0,2.477552145448731,-0.9148912391767753
1.785005005625818,0.0,-0.21389149748156114,0.33012629336122234,0.0,0.0,0.10137532978611936,0,0.6691919125847674,1,0,0,1,1,0,1,0,0,0,1,0,0,0,0,1,0,1,0,0,1,0,0,1,0,1,1,0,1,0,0,1,0,1,0,1,0,1,1,0,0,0,1,1,0,0,2.713003020685656,0.23813280052297878
1.3158153311739766,0.0,-1.4591741486566596,0.44303577337051536,0.0,0.0,-1.2201823075708103,1,-1.467687509018823,1,0,0,1,0,1,1,0,0,0,1,0,0,0,1,0,0,1,0,1,0,0,1,0,0,1,0,1,1,0,0,1,0,1,1,0,0,1,1,0,0,1,0,0,1,0,-0.16935197168754118,-0.8896631427400092
-0.7368894945528293,0.0,0.6007309034954826,-0.33606808855469933,0.0,0.0,0.9824137546907391,0,-0.8187527316901465,1,0,1,0,0,1,1,0,1,0,0,0,0,0,0,1,0,1,0,0,1,0,1,0,0,1,0,1,1,0,1,0,0,1,0,1,0,1,1,0,0,0,1,1,0,0,1.539854385463398,0.589443080511571
0.9639230753350957,0.0,-1.4591741486566596,0.5716956836265287,0.0,0.0,0.10137532978611936,0,0.009371777700900105,1,0,1,0,0,1,0,1,0,0,0,1,0,0,1,0,0,1,1,0,0,0,0,1,1,0,0,1,0,1,0,1,0,1,0,1,0,1,0,1,0,1,0,1,0,0,-0.5027577895280927,-0.5001268041260812
0.8466256567221353,0.0,0.15450462015773886,-1.9375899111105526,0.0,0.0,1.863452179595359,0,0.9496992034300663,1,0,1,0,0,1,1,0,0,0,0,0,1,0,1,0,1,0,0,0,0,1,1,0,1,0,1,0,1,0,1,0,1,0,1,0,1,0,0,1,0,1,0,0,0,1,-0.6532989302918243,-1.3201317811491655
-1.3233765876176309,0.0,0.1525588660152779,0.6007621217270765,0.0,0.0,0.9824137546907391,0,-0.176516635933895,0,1,1,0,1,0,1,0,0,0,1,0,0,0,0,1,0,1,0,0,1,0,0,1,0,1,0,1,0,1,0,1,0,1,0,1,0,1,0,0,1,1,0,0,1,0,2.2356125911645335,1.0191095841055793
0.43608469157677415,0.0,0.496957349230891,-0.6980504063213363,0.0,0.0,-1.2201823075708103,1,-0.6085815973553107,1,0,1,0,0,1,1,0,1,0,0,0,0,0,0,1,0,1,0,0,1,0,0,1,1,0,0,1,0,1,1,0,0,1,0,1,0,1,0,1,0,0,1,1,0,0,1.806208558960009,0.6748502855048818
-0.4436459480204284,0.0,-0.8449644243531084,0.44303577337051536,0.0,0.0,0.10137532978611936,0,0.32002313562211177,1,0,1,0,1,0,1,0,1,0,0,0,0,0,0,1,0,1,0,0,1,0,1,0,1,0,0,1,0,1,0,1,0,1,0,1,1,0,0,0,1,0,1,0,1,0,2.896535249448171,0.1779293813390393
0.9052743660286154,0.0,1.1202472595325943,0.33012629336122234,0.0,0.0,1.863452179595359,0,-0.3975731278239216,1,0,1,0,0,1,0,1,1,0,0,0,0,0,1,0,0,1,0,1,0,0,1,0,0,1,0,1,0,1,0,1,0,1,0,1,0,1,1,0,0,1,0,1,0,0,0.3163631960936602,0.4994958071629791
0.729328238109175,0.0,-1.4591741486566596,0.33012629336122234,0.0,0.0,0.9824137546907391,0,-0.6203042901070545,1,0,1,0,1,0,1,0,0,0,0,1,0,0,1,0,0,1,0,1,0,0,0,1,1,0,1,0,1,0,1,0,1,0,1,0,0,1,0,1,0,1,0,0,1,0,-1.259394355227278,-1.3570530796445184
-1.5579714248435517,0.0,-0.6633607043900732,1.2654537340011538,0.0,0.0,-1.2201823075708103,1,-1.5087169336499267,0,1,1,0,0,1,1,0,1,0,0,0,0,0,1,0,0,1,0,0,1,0,1,0,1,0,1,0,1,0,0,1,0,1,0,1,0,1,1,0,0,1,0,1,0,0,0.26265945486875925,0.8262673445953159
0.7879769474156552,0.0,0.6895870093345392,-1.9375899111105526,0.0,0.0,0.10137532978611936,0,-1.9273845319264922,1,0,1,0,1,0,1,0,0,0,0,0,1,0,1,0,1,0,0,0,0,1,1,0,1,0,1,0,1,0,1,0,1,0,1,0,1,0,0,1,0,1,0,1,0,0,-1.2110482854410503,-1.0884957614855981
-1.6166201341500317,0.0,-1.4591741486566596,0.7071612569928716,0.0,0.0,0.9824137546907391,0,1.7744743720349005,0,1,1,0,0,1,1,0,1,0,0,0,0,0,1,0,0,1,0,1,0,0,1,0,1,0,0,1,0,1,0,1,0,1,0,1,1,0,0,1,0,0,1,1,0,0,0.21706551551100237,-1.2106987605435324
-0.15040240148802755,0.0,-0.8533960256371065,-0.24535522255213305,0.0,0.0,-0.7796630951185004,1,0.0763585934251506,1,0,1,0,1,0,1,0,0,0,0,1,0,0,1,0,0,1,0,0,1,0,1,0,1,0,1,0,0,1,0,1,1,0,1,0,0,1,1,0,0,1,0,1,0,0,0.9780293307727967,0.3957671952232905
-0.7368894945528293,0.0,-0.8663677199201804,0.36963080871589915,0.0,0.0,-0.7796630951185004,1,0.6273251527571109,1,0,1,0,0,1,1,0,0,0,0,0,1,0,0,1,0,1,0,0,1,0,1,0,1,0,1,0,1,0,1,0,1,0,1,0,0,1,1,0,0,0,1,1,0,0,-0.4052446835162585,0.5200197753892997
-0.20905111079450772,0.0,0.8316270617341988,0.19777251896391848,0.0,0.0,1.863452179595359,0,1.2938439692134032,1,0,1,0,1,0,1,0,0,0,1,0,0,0,0,1,0,1,0,0,1,0,1,0,1,0,0,1,1,0,1,0,0,1,0,1,0,1,1,0,0,1,0,0,1,0,2.307213336065419,0.030947370900460965
1.2571666218674964,0.0,-0.30015326446400276,-0.1642097988027183,0.0,0.0,-1.2201823075708103,1,1.1908517400373682,1,0,0,1,0,1,1,0,1,0,0,0,0,0,0,1,0,1,0,0,1,0,0,1,1,0,1,0,1,0,1,0,1,0,1,0,0,1,1,0,0,0,1,1,0,0,1.7933785841745462,-0.25984248379278163
-1.03013304108523,0.0,1.056037372831378,1.2157481529951086,0.0,0.0,1.863452179595359,0,-1.5949624588948992,1,0,1,0,1,0,1,0,1,0,0,0,0,0,0,1,0,1,0,0,1,0,1,0,1,0,1,0,1,0,1,0,1,0,1,0,0,1,1,0,0,0,1,1,0,0,1.170264632522693,0.12742472273081498
0.2601385636573336,0.0,1.0346340772643061,0.19777251896391848,0.0,0.0,0.9824137546907391,0,-0.05677770282679725,1,0,1,0,0,1,0,1,0,0,1,0,0,0,1,0,0,1,0,1,0,0,0,1,1,0,0,1,0,1,1,0,1,0,1,0,0,1,0,1,0,1,0,0,1,0,1.434841878585164,-0.7563965349009617
0.5533821101897345,0.0,0.05527115889222334,-0.43890985399893934,0.0,0.0,-1.2201823075708103,1,-1.7398214478985907,1,0,1,0,1,0,1,0,0,0,0,0,0,1,1,0,0,1,0,1,0,0,1,0,1,0,1,0,0,1,0,1,0,1,0,1,0,1,1,0,0,0,1,0,1,0,-0.7742634107514605,0.5491331072702833
-0.20905111079450772,0.0,0.8231954604502005,-1.9375899111105526,0.0,0.0,0.9824137546907391,0,0.34179385073249313,1,0,1,0,0,1,0,1,1,0,0,0,0,0,0,1,1,0,0,0,0,1,1,0,1,0,1,0,1,0,1,0,1,0,1,0,1,0,0,0,1,0,1,1,0,0,-0.9919511346522686,-0.9443219300032792
0.729328238109175,0.0,-1.3495633319646847,-1.9375899111105526,0.0,0.0,1.863452179595359,0,-0.11120449060275077,1,0,1,0,1,0,1,0,1,0,0,0,0,0,1,0,1,0,0,0,0,1,1,0,1,0,1,0,1,0,1,0,1,0,1,0,1,0,0,0,1,1,0,1,0,0,0.0573080579470638,-2.032736915331994
1.374464040480457,0.0,-0.7243276675205208,1.120206624171783,0.0,0.0,-0.7796630951185004,1,-0.9602623799076258,1,0,0,1,1,0,0,1,0,0,0,0,1,0,0,1,0,1,0,0,1,0,1,0,1,0,1,0,1,0,0,1,0,1,0,1,0,1,1,0,0,0,1,1,0,0,0.555086146343648,0.9727953975602415
0.08419243573789313,0.0,-1.338537391824072,0.36963080871589915,0.0,0.0,-0.7796630951185004,1,-0.37496507751698704,1,0,1,0,0,1,0,1,0,0,0,0,0,1,1,0,0,1,0,1,0,0,1,0,0,1,0,1,1,0,1,0,1,0,1,0,0,1,1,0,0,0,1,0,0,1,-1.7207427363668248,0.08252978897865479
-1.5579714248435517,0.0,0.8796223305815725,1.2654537340011538,0.0,0.0,-1.2201823075708103,1,0.8299602703229686,0,1,1,0,1,0,1,0,1,0,0,0,0,0,1,0,0,1,0,0,1,0,1,0,1,0,1,0,1,0,1,0,1,0,1,0,0,1,1,0,0,1,0,0,1,0,-1.7376085037073021,0.734890997327724
0.43608469157677415,0.0,1.4957778090275848,-0.33606808855469933,0.0,0.0,0.10137532978611936,0,-0.7375312176244928,1,0,1,0,1,0,1,0,1,0,0,0,0,0,1,0,0,1,0,1,0,0,0,1,0,1,1,0,1,0,1,0,0,1,0,1,0,1,0,1,0,1,0,1,0,0,1.1298282398223571,-0.28072717549933995
-0.8541869131657895,0.0,-1.248384116556708,0.5716956836265287,0.0,0.0,-0.7796630951185004,1,-1.269239067435731,1,0,1,0,1,0,1,0,1,0,0,0,0,0,0,1,0,1,0,0,1,0,1,0,1,0,0,1,1,0,0,1,1,0,1,0,0,1,1,0,0,0,1,1,0,0,-1.0571283042068016,1.2112458504575887
0.025543726431412957,0.0,1.158513757667662,1.1346027292456944,0.0,0.0,0.10137532978611936,0,0.24466296793232994,1,0,1,0,0,1,0,1,1,0,0,0,0,0,1,0,0,1,1,0,0,0,0,1,0,1,1,0,0,1,0,1,0,1,0,1,0,1,0,0,1,1,0,1,0,0,2.6709605434104926,-0.5335581367861724
1.5504101683998974,0.0,1.6767329442764662,0.5414890984678798,0.0,0.0,-1.2201823075708103,1,1.241091851830556,1,0,0,1,1,0,1,0,1,0,0,0,0,0,0,1,0,1,1,0,0,0,1,0,1,0,0,1,1,0,0,1,1,0,1,0,0,1,1,0,0,0,1,1,0,0,-0.7303073507867182,1.1914851404682678
-0.15040240148802755,0.0,-0.30534194217723243,0.4772711516590301,0.0,0.0,1.863452179595359,0,1.7225595898486064,1,0,1,0,0,1,0,1,0,1,0,0,0,0,0,1,0,1,0,0,1,0,1,0,1,0,0,1,0,1,0,1,0,1,0,1,0,1,0,0,1,0,1,1,0,0,2.801230713737623,0.2432063656746524
0.729328238109175,0.0,0.2913559948441689,-1.9375899111105526,0.0,0.0,0.9824137546907391,0,0.04119051516991909,1,0,1,0,0,1,1,0,0,0,1,0,0,0,1,0,1,0,0,0,0,1,1,0,1,0,1,0,1,0,1,0,1,0,1,0,1,0,0,0,1,1,0,1,0,0,0.7953573749188206,-2.1212001920183083
-0.5609433666333887,0.0,-1.1037497253004336,0.14806693795787343,0.0,0.0,-1.2201823075708103,1,1.5467191985724489,1,0,1,0,0,1,1,0,0,1,0,0,0,0,0,1,0,1,0,0,1,0,0,1,0,1,0,1,0,1,1,0,1,0,1,0,0,1,0,0,1,1,0,1,0,0,2.484475311592803,-0.19284016314791844
0.8466256567221353,0.0,-1.4591741486566596,1.1896382221608675,0.0,0.0,0.10137532978611936,0,0.6800772701399581,1,0,1,0,0,1,0,1,1,0,0,0,0,0,1,0,0,1,0,1,0,0,0,1,0,1,0,1,0,1,1,0,0,1,0,1,0,1,0,1,0,0,1,0,1,0,-0.6700760917562405,-0.5893846047693444
-0.20905111079450772,0.0,1.5535018485872638,-0.09080483414810245,0.0,0.0,-1.2201823075708103,1,0.928765823516238,1,0,1,0,1,0,1,0,1,0,0,0,0,0,0,1,0,1,0,0,1,0,1,0,1,0,1,0,1,0,0,1,0,1,0,1,0,1,1,0,0,0,1,0,0,1,-0.42329011297903496,1.2891556376459297
0.7879769474156552,0.0,-1.4591741486566596,0.36963080871589915,0.0,0.0,0.10137532978611936,0,0.7571121082228461,1,0,1,0,1,0,0,1,1,0,0,0,0,0,1,0,0,1,0,1,0,0,0,1,0,1,1,0,0,1,1,0,1,0,1,0,0,1,0,1,0,1,0,1,0,0,-1.3011329744228624,-0.8658081477895396
0.20148985435085345,0.0,1.1513793258119716,0.40720749028027037,0.0,0.0,0.9824137546907391,0,0.5829463873397949,1,0,1,0,1,0,1,0,0,0,1,0,0,0,0,1,0,1,0,0,1,0,0,1,0,1,1,0,1,0,0,1,1,0,1,0,0,1,0,1,0,1,0,1,0,0,2.191863299569617,0.33616204440476566
-0.6195920759398689,0.0,-1.4591741486566596,0.36963080871589915,0.0,0.0,-1.2201823075708103,1,0.7077093316262114,1,0,1,0,0,1,0,1,1,0,0,0,0,0,1,0,0,1,0,1,0,0,0,1,1,0,1,0,1,0,1,0,1,0,1,0,0,1,1,0,0,1,0,1,0,0,-4.063255162530263,-0.3995648657087932
0.20148985435085345,0.0,0.2096343208608032,0.36963080871589915,0.0,0.0,-0.7796630951185004,1,-1.8202056267676914,1,0,1,0,1,0,0,1,0,0,0,0,0,1,0,1,0,1,0,0,1,0,1,0,1,0,1,0,1,0,1,0,0,1,0,1,0,1,1,0,0,1,0,1,0,0,-0.34008303591014366,0.9213145324577126
-0.26769982010098786,0.0,-0.36825465945014096,0.6007621217270765,0.0,0.0,0.10137532978611936,1,-0.2996049098272053,1,0,1,0,1,0,1,0,1,0,0,0,0,0,1,0,0,1,0,0,1,0,1,0,0,1,0,1,1,0,0,1,0,1,0,1,0,1,1,0,0,0,1,1,0,0,0.5014760756823965,1.226740584741786
-1.5579714248435517,0.0,0.45739368166751554,-1.9375899111105526,0.0,0.0,0.10137532978611936,0,0.2856923925634334,0,1,1,0,0,1,0,1,1,0,0,0,0,0,0,1,1,0,0,0,0,1,1,0,1,0,1,0,1,0,1,0,1,0,1,0,1,0,1,0,0,0,1,1,0,0,-0.8820707531704702,-0.9854606719674329
1.3158153311739766,0.0,1.7156480271256882,0.5100492557245105,0.0,0.0,-0.7796630951185004,1,0.2999270909048366,1,0,0,1,1,0,1,0,0,0,0,0,0,1,0,1,0,1,0,0,1,0,1,0,1,0,1,0,1,0,1,0,1,0,1,0,0,1,1,0,0,0,1,1,0,0,-2.1712098685294734,0.9098140352368457
-0.9128356224722697,0.0,0.8011435801689751,0.6287713610382961,0.0,0.0,0.9824137546907391,0,1.018360689547423,1,0,1,0,1,0,1,0,0,0,0,1,0,0,1,0,0,1,0,0,1,0,1,0,0,1,1,0,0,1,1,0,1,0,1,0,0,1,0,0,1,1,0,1,0,0,1.339862992499871,0.2138266396409998
-1.0887817503917103,0.0,-1.226980820989636,-1.9375899111105526,0.0,0.0,0.9824137546907391,0,0.3644019010394277,0,1,1,0,1,0,1,0,0,0,0,1,0,0,1,0,1,0,0,0,0,1,1,0,1,0,1,0,1,0,1,0,1,0,1,0,1,0,0,1,0,0,1,1,0,0,-1.0549736462221886,-1.379325795741084
1.4917614590934172,0.0,-0.2670754440421643,0.40720749028027037,0.0,0.0,-0.7796630951185004,1,-0.6404003348243297,1,0,0,1,1,0,1,0,1,0,0,0,0,0,1,0,0,1,0,0,1,0,1,0,1,0,0,1,1,0,0,1,1,0,1,0,0,1,1,0,0,0,1,1,0,0,-1.3584763139900564,1.1688459874677213
-1.1474304596981904,0.0,0.7745516068886733,1.2654537340011538,0.0,0.0,-1.2201823075708103,1,-0.19158866947185135,0,1,1,0,1,0,1,0,0,0,0,0,1,0,1,0,0,1,1,0,0,0,1,0,1,0,1,0,1,0,1,0,1,0,0,1,0,1,1,0,0,0,1,1,0,0,-0.8324568511120324,-0.2687636428931196
1.5504101683998974,0.0,-0.5641272431245575,-0.43890985399893934,0.0,0.0,0.10137532978611936,1,-0.12711385933726027,1,0,0,1,1,0,1,0,1,0,0,0,0,0,0,1,0,1,0,0,1,0,1,0,1,0,1,0,1,0,1,0,1,0,1,0,0,1,1,0,0,0,1,1,0,0,-0.6220901677028202,0.6519609532959117
-0.7955382038593094,0.0,-1.4591741486566596,-0.24535522255213305,0.0,0.0,0.10137532978611936,1,-0.5909975582276948,1,0,1,0,1,0,1,0,0,0,0,0,0,1,1,0,0,1,0,1,0,0,1,0,0,1,0,1,0,1,1,0,1,0,1,0,0,1,1,0,0,0,1,0,1,0,-3.3398912837519346,-0.21092028075577748
-1.2647278783111506,0.0,0.9068628885760275,1.2157481529951086,0.0,0.0,0.10137532978611936,1,-1.5706797381948583,0,1,1,0,1,0,1,0,1,0,0,0,0,0,1,0,0,1,0,1,0,0,1,0,1,0,1,0,1,0,1,0,1,0,1,0,0,1,1,0,0,0,1,1,0,0,-1.8645740530892634,-0.05904513943188396
-0.3849972387139482,0.0,-0.5433725322716393,0.5414890984678798,0.0,0.0,-0.7796630951185004,1,0.4640447894292503,1,0,1,0,1,0,1,0,0,0,1,0,0,0,0,1,0,1,0,0,1,0,1,0,0,1,1,0,1,0,0,1,1,0,1,0,0,1,1,0,0,0,1,0,1,0,1.7549677789920528,0.2061752133107264
0.6706795288026948,0.0,-0.820318205215268,-0.869908696073317,0.0,0.0,0.10137532978611936,0,0.7596241138125056,1,0,1,0,1,0,1,0,1,0,0,0,0,0,0,1,0,1,1,0,0,0,0,1,1,0,1,0,0,1,1,0,1,0,1,0,0,1,0,1,0,1,0,0,1,0,1.3318356433656522,-0.7847235536649857
0.5533821101897345,0.0,1.2480184482208725,0.28848538496648446,0.0,0.0,0.9824137546907391,0,0.9279284883196849,1,0,1,0,1,0,1,0,1,0,0,0,0,0,1,0,0,1,1,0,0,0,0,1,0,1,0,1,0,1,0,1,0,1,0,1,0,1,0,0,1,0,1,1,0,0,2.625497333176245,-0.3273454413040166
1.8436537149322982,0.0,0.3659432369718442,-0.09080483414810245,0.0,0.0,-0.7796630951185004,1,-0.15893259680627925,1,0,0,1,1,0,1,0,1,0,0,0,0,0,0,1,0,1,0,0,1,0,1,0,1,0,0,1,0,1,0,1,0,1,1,0,0,1,1,0,0,0,1,1,0,0,1.4427018797686366,0.9923415982135086
1.3158153311739766,0.0,1.548961755588188,0.36963080871589915,0.0,0.0,0.10137532978611936,1,-1.8645843921850074,1,0,0,1,1,0,1,0,0,0,0,0,1,0,0,1,0,1,0,0,1,0,1,0,1,0,1,0,1,0,1,0,1,0,1,0,0,1,1,0,0,1,0,1,0,0,0.34813890884473603,0.47415260595018094
0.08419243573789313,0.0,0.4333960472438287,0.36963080871589915,0.0,0.0,-0.7796630951185004,1,0.385335280953256,1,0,1,0,0,1,1,0,1,0,0,0,0,0,0,1,0,1,0,0,1,0,1,0,1,0,0,1,1,0,1,0,0,1,0,1,0,1,1,0,0,0,1,1,0,0,0.35906178475531014,0.8378089989888449
0.4947334008832543,0.0,-0.7314620993762114,-0.33606808855469933,0.0,0.0,0.9824137546907391,0,0.5151222364189912,1,0,1,0,1,0,1,0,1,0,0,0,0,0,0,1,0,1,0,0,1,0,0,1,0,1,0,1,1,0,0,1,1,0,1,0,0,1,0,1,0,1,0,1,0,0,2.7129128534681453,0.0796574447631713
-0.8541869131657895,0.0,-1.4591741486566596,0.5100492557245105,0.0,0.0,0.10137532978611936,0,0.20530821369433278,1,0,1,0,1,0,1,0,1,0,0,0,0,0,1,0,0,1,0,1,0,0,1,0,0,1,1,0,0,1,1,0,1,0,1,0,0,1,1,0,0,1,0,1,0,0,-2.2031596260156685,-0.6538637774528822
1.9023024242387783,0.0,0.42950453895890656,0.5414890984678798,0.0,0.0,-1.2201823075708103,1,1.4688470252930077,1,0,0,1,1,0,1,0,0,0,1,0,0,0,1,0,0,1,0,1,0,0,0,1,0,1,1,0,0,1,0,1,1,0,1,0,0,1,0,0,1,0,1,0,1,0,2.2345956070845268,-0.7403877845309624
1.4917614590934172,0.0,-1.2769218439794707,-0.869908696073317,0.0,0.0,0.9824137546907391,0,0.5762477057673698,1,0,0,1,1,0,1,0,1,0,0,0,0,0,0,1,0,1,0,1,0,0,0,1,1,0,1,0,1,0,1,0,1,0,1,0,0,1,0,0,1,0,1,1,0,0,-1.0759607390637835,-0.03869900908451595
1.0225717846415758,0.0,1.2843391922134793,0.24446373527230422,0.0,0.0,0.10137532978611936,1,0.5653623482121791,1,0,0,1,1,0,1,0,1,0,0,0,0,0,1,0,0,1,0,0,1,0,1,0,1,0,1,0,1,0,0,1,1,0,1,0,0,1,1,0,0,0,1,1,0,0,-2.1274290671763083,1.0546843846359453
1.6090588777063775,0.0,0.929563353571407,0.24446373527230422,0.0,0.0,-1.2201823075708103,1,1.0300833822991668,1,0,0,1,1,0,1,0,1,0,0,0,0,0,1,0,0,1,0,1,0,0,1,0,1,0,1,0,0,1,0,1,1,0,1,0,0,1,1,0,0,1,0,1,0,0,0.08143130923393119,-0.032019285037883344
-0.5609433666333887,0.0,-1.4591741486566596,0.36963080871589915,0.0,0.0,0.10137532978611936,0,-1.7046533696433592,1,0,1,0,1,0,1,0,1,0,0,0,0,0,1,0,0,1,1,0,0,0,0,1,0,1,0,1,1,0,0,1,0,1,0,1,0,1,0,1,0,1,0,0,1,0,-0.10954587760042159,-0.6408990461372611
1.785005005625818,0.0,1.2862849463559405,-0.1642097988027183,0.0,0.0,-1.2201823075708103,1,-0.2493647980340174,1,0,0,1,1,0,1,0,1,0,0,0,0,0,1,0,0,1,0,0,1,0,1,0,1,0,0,1,1,0,1,0,1,0,1,0,0,1,1,0,0,0,1,0,1,0,-0.8271824301822167,0.7550167076377452
0.9052743660286154,0.0,-0.9351176996204723,0.44303577337051536,0.0,0.0,-1.2201823075708103,1,0.6398851807054078,1,0,1,0,1,0,1,0,0,0,1,0,0,0,0,1,0,1,0,0,1,0,0,1,0,1,1,0,0,1,1,0,0,1,0,1,1,0,0,1,0,1,0,1,0,0,2.473973109557105,0.2135455991363715
1.785005005625818,0.0,-0.30923345046215456,0.33012629336122234,0.0,0.0,0.10137532978611936,1,-0.08440976431305058,1,0,0,1,0,1,1,0,0,0,0,0,0,1,0,1,0,1,0,0,1,0,1,0,1,0,0,1,1,0,1,0,1,0,1,0,0,1,1,0,0,1,0,1,0,0,-1.7077384699295413,0.9712769917523051
-0.09175369218154737,0.0,-0.7956719860774274,0.14806693795787343,0.0,0.0,1.863452179595359,0,1.4303296062515636,1,0,1,0,0,1,1,0,1,0,0,0,0,0,1,0,0,1,1,0,0,0,1,0,1,0,1,0,0,1,0,1,1,0,1,0,0,1,0,0,1,0,1,0,1,0,1.792540701609076,-1.0734712649041003
-1.0887817503917103,0.0,0.22909186228541417,1.0438898632431284,0.0,0.0,0.10137532978611936,1,0.7227813651641678,0,1,1,0,0,1,1,0,0,0,0,1,0,0,0,1,0,1,0,0,1,0,1,0,0,1,1,0,1,0,1,0,1,0,1,0,0,1,1,0,0,0,1,1,0,0,1.0590319061188933,0.2875722087269644
-0.3849972387139482,0.0,0.31600221398200956,0.19777251896391848,0.0,0.0,0.10137532978611936,0,1.0761368181095892,1,0,1,0,0,1,1,0,1,0,0,0,0,0,1,0,0,1,0,1,0,0,0,1,0,1,0,1,0,1,1,0,0,1,0,1,0,1,0,1,0,0,1,0,1,0,1.115423341898053,0.1023835074190286
-1.675268843456512,0.0,0.12012963030759306,1.2654537340011538,0.0,0.0,0.9824137546907391,0,-0.24517812205125175,0,1,1,0,1,0,1,0,1,0,0,0,0,0,1,0,0,1,1,0,0,0,1,0,0,1,1,0,1,0,0,1,1,0,1,0,0,1,0,1,0,1,0,1,0,0,0.0669432467900438,-0.12835020852910325
-1.2647278783111506,0.0,-1.4591741486566596,1.0597702031126737,0.0,0.0,0.10137532978611936,0,-0.1840526527028732,0,1,1,0,1,0,0,1,0,0,1,0,0,0,1,0,0,1,0,1,0,0,1,0,0,1,0,1,1,0,1,0,0,1,0,1,0,1,1,0,0,1,0,0,1,0,-0.2526753036990643,-1.2800047803922816
1.3158153311739766,0.0,1.683867376132157,0.5100492557245105,0.0,0.0,0.9824137546907391,0,0.4071059960636374,1,0,0,1,1,0,1,0,0,0,0,0,1,0,1,0,0,1,0,0,1,0,1,0,1,0,1,0,1,0,0,1,0,1,1,0,0,1,0,0,1,1,0,1,0,0,0.888885936622,0.7862556832843444
-1.4993227155370714,0.0,1.4127589656159114,1.2157481529951086,0.0,0.0,-1.2201823075708103,1,-1.1428014527562083,0,1,1,0,0,1,1,0,0,0,0,0,0,1,1,0,0,1,0,0,1,0,1,0,1,0,1,0,1,0,1,0,0,1,0,1,1,0,1,0,0,1,0,1,0,0,-0.8913745741055885,0.9411717940911766
0.9639230753350957,0.0,0.9859902237027789,-1.9375899111105526,0.0,0.0,0.9824137546907391,0,-0.5055893681792755,1,0,1,0,1,0,1,0,0,0,0,1,0,0,1,0,1,0,0,0,0,1,1,0,1,0,1,0,1,0,1,0,1,0,1,0,1,0,0,1,0,0,1,1,0,0,-0.36245617868377134,-1.39318820451794
-0.3849972387139482,0.0,0.2517923272807934,0.33012629336122234,0.0,0.0,0.10137532978611936,0,1.804618439110813,1,0,1,0,0,1,0,1,0,1,0,0,0,0,0,1,0,1,0,0,1,0,0,1,0,1,0,1,0,1,0,1,0,1,0,1,1,0,0,0,1,0,1,1,0,0,3.221852881011575,0.47014350017378503
-0.7368894945528293,0.0,0.6532662653419321,-1.9375899111105526,0.0,0.0,1.863452179595359,0,-1.0833506538009359,1,0,1,0,0,1,0,1,1,0,0,0,0,0,1,0,1,0,0,0,0,1,1,0,1,0,1,0,1,0,1,0,1,0,1,0,1,0,0,0,1,0,1,1,0,0,0.2533110018891584,-1.6756094430347859
-1.4993227155370714,0.0,1.4147047197583726,1.2654537340011538,0.0,0.0,0.10137532978611936,1,-1.4819222073602263,0,1,1,0,1,0,1,0,1,0,0,0,0,0,0,1,0,1,0,1,0,0,1,0,0,1,1,0,1,0,1,0,1,0,0,1,0,1,1,0,0,0,1,0,1,0,-1.961818433653346,0.25278528819037227
0.4947334008832543,0.0,1.1779712990922728,0.44303577337051536,0.0,0.0,0.10137532978611936,0,1.6940901931658,1,0,1,0,0,1,0,1,1,0,0,0,0,0,0,1,0,1,0,0,1,0,0,1,0,1,0,1,0,1,0,1,0,1,0,1,0,1,0,0,1,1,0,1,0,0,3.0325206671084572,0.6443844696764264
-0.8541869131657895,0.0,1.7681833889721374,-0.869908696073317,0.0,0.0,-0.7796630951185004,1,-0.11957784256828208,1,0,1,0,1,0,1,0,0,0,0,0,0,1,1,0,0,1,0,0,1,0,1,0,1,0,1,0,1,0,0,1,1,0,1,0,1,0,1,0,0,1,0,1,0,0,-1.0625474359878941,0.9252820460888775
1.5504101683998974,0.0,-1.087535107446591,0.0949307535196783,0.0,0.0,0.10137532978611936,0,-1.594125123698346,1,0,0,1,0,1,1,0,1,0,0,0,0,0,1,0,0,1,0,1,0,0,0,1,1,0,1,0,1,0,1,0,0,1,1,0,0,1,0,0,1,0,1,0,1,0,-0.32297271265374056,-0.09575545163645878
-1.5579714248435517,0.0,1.185105730947964,1.2654537340011538,0.0,0.0,0.10137532978611936,0,1.4989910923689203,0,1,1,0,0,1,0,1,0,1,0,0,0,0,0,1,0,1,0,0,1,0,0,1,0,1,0,1,0,1,0,1,0,1,0,1,0,1,0,0,1,0,1,0,1,0,3.3001314282013428,0.5109471155200604
-0.8541869131657895,0.0,-1.1900114922828753,-1.9375899111105526,0.0,0.0,0.10137532978611936,0,0.5586636666397541,1,0,1,0,0,1,0,1,0,1,0,0,0,0,0,1,1,0,0,0,0,1,1,0,1,0,1,0,1,0,1,0,1,0,1,0,1,0,0,0,1,1,0,1,0,0,0.901564304130959,-2.1806302342041466
-1.0887817503917103,0.0,0.35102578854630917,0.6287713610382961,0.0,0.0,1.863452179595359,0,0.8400082926816062,0,1,1,0,0,1,0,1,1,0,0,0,0,0,1,0,0,1,1,0,0,0,1,0,1,0,1,0,0,1,1,0,1,0,1,0,0,1,1,0,0,0,1,1,0,0,0.21671548959796866,-0.4150494838598002
0.6706795288026948,0.0,0.49112008680350777,0.6007621217270765,0.0,0.0,-1.2201823075708103,1,-1.452615475480867,1,0,1,0,1,0,1,0,0,0,0,0,0,1,0,1,0,1,0,0,1,0,1,0,1,0,1,0,1,0,1,0,1,0,1,0,0,1,1,0,0,0,1,1,0,0,-2.2952539795089715,0.93149763773197
1.081220493948056,0.0,-1.1958487547102588,0.65579761464225,0.0,0.0,0.10137532978611936,0,-0.7651632791107461,1,0,0,1,0,1,0,1,0,0,0,1,0,0,0,1,0,1,0,0,1,0,0,1,1,0,1,0,1,0,1,0,1,0,1,0,0,1,0,0,1,0,1,1,0,0,0.39824656557003324,0.3586773898775031
-1.3233765876176309,0.0,-0.3844692773039834,-1.9375899111105526,0.0,0.0,1.863452179595359,0,1.7945704167521757,0,1,1,0,1,0,1,0,1,0,0,0,0,0,1,0,1,0,0,0,0,1,1,0,1,0,1,0,1,0,1,0,1,0,1,0,1,0,0,0,1,0,1,0,1,0,0.8457992643301704,-2.139178193794286
-0.20905111079450772,0.0,-1.4591741486566596,-1.0914725668313427,0.0,0.0,0.10137532978611936,1,-1.8461630178608384,1,0,1,0,1,0,1,0,1,0,0,0,0,0,1,0,0,1,1,0,0,0,1,0,1,0,1,0,1,0,1,0,1,0,1,0,0,1,1,0,0,0,1,0,0,1,-4.268929489595442,-0.5620323807597575
-0.7368894945528293,0.0,-0.6730894751023787,0.5100492557245105,0.0,0.0,0.10137532978611936,0,0.9689579129507884,1,0,1,0,0,1,1,0,1,0,0,0,0,0,0,1,0,1,1,0,0,0,0,1,1,0,0,1,0,1,0,1,0,1,0,1,0,1,0,0,1,1,0,0,1,0,2.5615096884226363,-0.4285143111033927
-0.3849972387139482,0.0,0.3101649515546263,0.6287713610382961,0.0,0.0,-1.2201823075708103,1,-0.9795210894283477,1,0,1,0,1,0,1,0,1,0,0,0,0,0,1,0,0,1,0,0,1,0,1,0,1,0,1,0,1,0,1,0,1,0,1,0,0,1,1,0,0,0,1,1,0,0,-0.31055445287023564,0.4304314363108026
1.1985179125610164,0.0,-0.8475587632097232,-0.1642097988027183,0.0,0.0,-1.2201823075708103,1,-0.43190387088259996,1,0,0,1,1,0,1,0,0,0,0,0,1,0,1,0,0,1,0,0,1,0,1,0,1,0,1,0,0,1,0,1,0,1,0,1,0,1,1,0,0,0,1,1,0,0,0.3601806188367955,0.9875358312881511
0.2601385636573336,0.0,0.9081600580043351,-1.9375899111105526,0.0,0.0,1.863452179595359,0,1.6220793662622306,1,0,1,0,0,1,0,1,1,0,0,0,0,0,0,1,1,0,0,0,0,1,1,0,1,0,1,0,1,0,1,0,1,0,1,0,1,0,0,0,1,1,0,0,1,0,1.3468638682483343,-2.0787106081885596
1.1985179125610164,0.0,1.2538557106482555,0.5716956836265287,0.0,0.0,0.10137532978611936,1,-1.5154156152223517,1,0,0,1,1,0,1,0,1,0,0,0,0,0,0,1,0,1,0,0,1,0,1,0,1,0,1,0,1,0,0,1,1,0,1,0,0,1,1,0,0,0,1,0,1,0,-0.6169688926176081,0.9679185675689135
1.5504101683998974,0.0,1.531449968306038,0.40720749028027037,0.0,0.0,0.9824137546907391,0,1.740143628976222,1,0,0,1,0,1,0,1,1,0,0,0,0,0,0,1,0,1,0,1,0,0,1,0,0,1,0,1,0,1,1,0,0,1,1,0,1,0,0,1,0,0,1,1,0,0,2.60998412864414,-0.8063231635965317
-0.32634852940746806,0.0,0.9425350478544811,0.6007621217270765,0.0,0.0,0.10137532978611936,0,0.36021522505666204,1,0,1,0,0,1,0,1,0,1,0,0,0,0,0,1,0,1,0,1,0,0,0,1,1,0,1,0,1,0,0,1,1,0,1,0,0,1,0,1,0,0,1,1,0,0,2.4454782148294893,-0.9999043259689117
-1.2060791690046706,0.0,1.775966405541982,0.9591705620964788,0.0,0.0,0.10137532978611936,0,0.922067141943813,0,1,1,0,0,1,1,0,0,0,1,0,0,0,1,0,0,1,0,1,0,0,1,0,0,1,0,1,1,0,1,0,0,1,0,1,0,1,0,1,0,0,1,1,0,0,1.760303329433965,-0.5431028527442602
-0.3849972387139482,0.0,1.157216588239355,-0.24535522255213305,0.0,0.0,0.10137532978611936,0,-0.24015411087193297,1,0,1,0,1,0,1,0,0,0,1,0,0,0,1,0,0,1,0,0,1,0,1,0,1,0,0,1,0,1,0,1,1,0,1,0,0,1,0,1,0,0,1,0,1,0,2.660814975957373,-0.13552453783845017
-0.4436459480204284,0.0,-1.4591741486566596,1.1346027292456944,0.0,0.0,1.863452179595359,0,-1.888029777688495,1,0,1,0,0,1,0,1,0,0,0,0,0,1,1,0,0,1,0,1,0,0,1,0,1,0,1,0,1,0,1,0,1,0,1,0,0,1,1,0,0,1,0,0,1,0,-3.1328306738305103,-0.7867833883962665
0.9639230753350957,0.0,-0.06341984379790336,0.5716956836265287,0.0,0.0,-0.7796630951185004,1,0.2463376383254362,1,0,1,0,1,0,1,0,1,0,0,0,0,0,1,0,0,1,0,0,1,0,1,0,1,0,1,0,1,0,1,0,1,0,1,0,0,1,1,0,0,1,0,1,0,0,-2.477756493271486,0.7752579339457045
-0.09175369218154737,0.0,-1.0901294463032059,-1.9375899111105526,0.0,0.0,0.9824137546907391,0,-1.351297916697938,1,0,1,0,0,1,1,0,1,0,0,0,0,0,1,0,1,0,0,0,0,1,1,0,1,0,1,0,1,0,1,0,1,0,1,0,1,0,1,0,0,1,0,0,0,1,-0.7710090513383947,-1.4471996201131612
0.9052743660286154,0.0,-0.5291036685602579,0.65579761464225,0.0,0.0,-0.7796630951185004,1,-0.8288007540487842,1,0,1,0,0,1,1,0,1,0,0,0,0,0,0,1,0,1,0,0,1,0,1,0,1,0,1,0,1,0,1,0,0,1,0,1,0,1,1,0,0,1,0,0,1,0,1.201489286873769,0.37091292311152635
1.785005005625818,0.0,0.14607301887374086,0.4772711516590301,0.0,0.0,0.10137532978611936,1,0.8048402144263747,1,0,0,1,1,0,1,0,0,0,0,0,0,1,1,0,0,1,0,0,1,0,1,0,1,0,1,0,1,0,1,0,1,0,1,0,1,0,1,0,0,0,1,1,0,0,-2.352781522665601,0.8049239238521716
-1.5579714248435517,0.0,0.3581602204019998,0.6287713610382961,0.0,0.0,1.863452179595359,0,1.2946813044099563,0,1,1,0,0,1,1,0,0,1,0,0,0,0,1,0,0,1,0,1,0,0,1,0,0,1,0,1,0,1,0,1,0,1,0,1,0,1,0,0,1,0,1,0,1,0,2.602041520558377,-0.6211292508903982
0.37743598227029396,0.0,-0.2365919624769404,0.5414890984678798,0.0,0.0,0.10137532978611936,0,1.6421754109795057,1,0,1,0,0,1,0,1,0,0,1,0,0,0,1,0,0,1,1,0,0,0,0,1,1,0,0,1,0,1,1,0,1,0,1,0,0,1,0,1,0,0,1,0,1,0,1.6618887262869553,-0.9155971240573466
-0.6195920759398689,0.0,-1.4591741486566596,-0.33606808855469933,0.0,0.0,0.9824137546907391,0,0.01858246486298455,1,0,1,0,0,1,1,0,0,0,1,0,0,0,1,0,0,1,0,1,0,0,0,1,1,0,1,0,1,0,0,1,1,0,1,0,0,1,1,0,0,0,1,1,0,0,-0.5945494188988975,-1.3024347991429366
-0.9714843317787499,0.0,0.4165328446758327,0.24446373527230422,0.0,0.0,-0.7796630951185004,1,-1.018875843666345,1,0,1,0,1,0,1,0,1,0,0,0,0,0,1,0,0,1,0,0,1,0,1,0,1,0,1,0,1,0,0,1,1,0,1,0,0,1,1,0,0,0,1,1,0,0,-0.4725104104058969,0.801583584813351
-1.4406740062305912,0.0,1.4309193376122151,0.6287713610382961,0.0,0.0,0.10137532978611936,1,-0.7844219886314682,0,1,1,0,1,0,1,0,1,0,0,0,0,0,1,0,0,1,0,0,1,0,1,0,1,0,1,0,0,1,1,0,1,0,1,0,0,1,1,0,0,0,1,1,0,0,-2.1689323485341934,0.9601933761618768
0.2601385636573336,0.0,0.4119927516767568,-0.43890985399893934,0.0,0.0,-1.2201823075708103,1,-1.2843111009736874,1,0,1,0,0,1,1,0,0,0,0,1,0,0,0,1,0,1,0,0,1,0,0,1,0,1,1,0,1,0,0,1,1,0,1,0,1,0,1,0,0,0,1,1,0,0,1.4039604454563337,0.6832994344937457
0.7879769474156552,0.0,0.873785068154189,-1.9375899111105526,0.0,0.0,0.10137532978611936,0,0.8642910133816469,1,0,1,0,1,0,1,0,0,0,0,1,0,0,1,0,1,0,0,0,0,1,1,0,1,0,1,0,1,0,1,0,1,0,1,0,1,0,0,1,0,1,0,1,0,0,-0.028284328952439083,-1.5022610865874895
0.6120308194962146,0.0,-0.22037734462309796,-1.9375899111105526,0.0,0.0,0.9824137546907391,0,-1.2516550283081154,1,0,1,0,1,0,1,0,1,0,0,0,0,0,1,0,1,0,0,0,0,1,1,0,1,0,1,0,1,0,1,0,1,0,1,0,1,0,0,0,1,0,1,0,1,0,-0.9600424766316837,-1.2181681055759706
0.4947334008832543,0.0,-1.1283959444382743,-0.09080483414810245,0.0,0.0,-0.7796630951185004,1,1.042643410247464,1,0,1,0,1,0,1,0,0,0,0,0,0,1,0,1,0,1,0,0,1,0,1,0,1,0,0,1,1,0,1,0,1,0,1,0,0,1,1,0,0,0,1,0,1,0,-2.580763578229088,1.0427766715864568
0.729328238109175,0.0,-0.6685493821033028,0.5100492557245105,0.0,0.0,-0.7796630951185004,1,0.3459805267152588,1,0,1,0,1,0,1,0,1,0,0,0,0,0,0,1,0,1,0,0,1,0,1,0,1,0,1,0,0,1,0,1,1,0,1,0,0,1,1,0,0,0,1,1,0,0,0.7167319176982061,0.720525445682032
0.37743598227029396,0.0,-1.1342332068656573,0.5100492557245105,0.0,0.0,0.9824137546907391,0,0.3777992641842778,1,0,1,0,0,1,0,1,0,0,1,0,0,0,0,1,0,1,0,0,1,0,1,0,1,0,0,1,0,1,1,0,0,1,0,1,0,1,0,0,1,1,0,1,0,0,2.1035943178135894,0.06217010502881216
0.08419243573789313,0.0,0.07278294617437314,0.44303577337051536,0.0,0.0,0.9824137546907391,0,1.3926495224066726,1,0,1,0,1,0,1,0,1,0,0,0,0,0,0,1,0,1,0,0,1,0,0,1,0,1,0,1,1,0,0,1,1,0,1,0,0,1,0,0,1,1,0,0,1,0,2.6481962852399143,0.09685938456308053
-0.5022946573269086,0.0,0.7868747164575939,0.19777251896391848,0.0,0.0,-0.7796630951185004,1,-1.5204396264016704,1,0,1,0,0,1,1,0,0,0,0,0,1,0,0,1,0,1,0,0,1,0,1,0,1,0,1,0,1,0,1,0,1,0,1,0,0,1,1,0,0,0,1,1,0,0,0.2364169146864414,0.4537856483531765
1.785005005625818,0.0,-0.17757075348895393,0.037855076107910814,0.0,0.0,-0.7796630951185004,1,0.8467069742540312,1,0,0,1,0,1,0,1,0,0,0,1,0,0,1,0,0,1,0,0,1,0,1,0,0,1,0,1,1,0,0,1,0,1,1,0,0,1,1,0,0,0,1,1,0,0,1.1396614472348545,0.9106103918194768
-1.3820252969241111,0.0,-0.12698114578496572,0.9410480977988882,0.0,0.0,0.9824137546907391,0,-0.1497219096441948,0,1,1,0,0,1,1,0,0,1,0,0,0,0,1,0,0,1,1,0,0,0,0,1,0,1,0,1,0,1,0,1,0,1,0,1,0,1,0,0,1,1,0,0,1,0,2.6703016740467507,-0.4689450959375939
0.7879769474156552,0.0,-0.5271579144177969,-1.9375899111105526,0.0,0.0,0.10137532978611936,0,0.21033222487365158,1,0,1,0,1,0,0,1,1,0,0,0,0,0,1,0,1,0,0,0,0,1,1,0,1,0,1,0,1,0,1,0,1,0,1,0,1,0,1,0,0,1,0,0,1,0,-1.9052372968144742,-0.93504633954538
-0.5022946573269086,0.0,0.5267922460819612,-0.023791351794107286,0.0,0.0,0.10137532978611936,1,1.1950384160201337,1,0,1,0,0,1,1,0,0,0,0,0,0,1,1,0,0,1,0,0,1,0,1,0,1,0,1,0,1,0,1,0,1,0,1,0,0,1,1,0,0,0,1,1,0,0,-2.4097709213766985,0.7420670083365131
-0.5022946573269086,0.0,-0.2275117764787888,0.7071612569928716,0.0,0.0,-1.2201823075708103,1,1.330686717861741,1,0,1,0,1,0,1,0,0,0,0,0,1,0,0,1,0,1,0,0,1,0,1,0,0,1,0,1,1,0,1,0,0,1,0,1,0,1,1,0,0,0,1,0,1,0,0.5405424410514537,1.0318977991267126
1.1398692032545361,0.0,0.23363195528449007,0.6287713610382961,0.0,0.0,-1.2201823075708103,1,-1.0180385084697918,1,0,0,1,1,0,1,0,1,0,0,0,0,0,1,0,0,1,0,1,0,0,0,1,0,1,1,0,1,0,1,0,1,0,1,0,0,1,1,0,0,0,1,0,1,0,1.0484824352947262,-0.5850174795336769
1.0225717846415758,0.0,-1.4591741486566596,-0.1642097988027183,0.0,0.0,1.863452179595359,0,1.6011459863484023,1,0,0,1,0,1,1,0,0,1,0,0,0,0,1,0,0,1,1,0,0,0,1,0,0,1,0,1,1,0,0,1,1,0,1,0,0,1,0,1,0,1,0,1,0,0,0.3233810112583848,-1.663689252766496
-1.5579714248435517,0.0,1.7033249175567677,1.2654537340011538,0.0,0.0,0.10137532978611936,0,0.6457465270812798,0,1,1,0,0,1,0,1,0,1,0,0,0,0,1,0,0,1,1,0,0,0,0,1,1,0,0,1,1,0,0,1,0,1,0,1,0,1,0,0,1,1,0,0,1,0,2.70958583848214,-0.6719833889670648
1.4917614590934172,0.0,-1.3722637969600642,0.7071612569928716,0.0,0.0,0.10137532978611936,0,0.5544769906569884,1,0,0,1,0,1,1,0,0,1,0,0,0,0,0,1,0,1,0,0,1,0,0,1,0,1,0,1,0,1,1,0,1,0,1,0,0,1,0,0,1,0,1,1,0,0,2.2756861814449683,-0.29282993707674176
0.08419243573789313,0.0,1.711756518840766,0.4772711516590301,0.0,0.0,-0.7796630951185004,1,-0.06515105479232856,1,0,1,0,1,0,1,0,0,0,0,0,0,1,1,0,0,1,0,1,0,0,1,0,1,0,1,0,0,1,1,0,1,0,1,0,0,1,1,0,0,0,1,1,0,0,-1.1186681252130481,-0.037683862164359226
1.785005005625818,0.0,-0.09130898650651233,0.33012629336122234,0.0,0.0,0.9824137546907391,0,-0.3598930439790307,1,0,0,1,1,0,1,0,0,0,0,0,1,0,1,0,0,1,0,0,1,0,1,0,0,1,1,0,1,0,1,0,1,0,1,0,1,0,1,0,0,0,1,1,0,0,0.3002799515988732,0.37405628359689297
-0.9128356224722697,0.0,0.3938323796804532,0.19777251896391848,0.0,0.0,0.10137532978611936,0,0.047051861545791,1,0,1,0,0,1,1,0,0,0,0,0,1,0,1,0,0,1,0,0,1,0,0,1,0,1,1,0,0,1,0,1,1,0,1,0,0,1,1,0,0,0,1,1,0,0,0.8956425899422574,0.9735843642649171
0.43608469157677415,0.0,0.6928299329053076,-0.869908696073317,0.0,0.0,1.863452179595359,0,-0.33644765847554303,1,0,1,0,1,0,1,0,1,0,0,0,0,0,0,1,0,1,0,0,1,0,1,0,0,1,0,1,1,0,1,0,0,1,0,1,0,1,0,1,0,0,1,1,0,0,2.093039992435759,0.3365929094769764
-1.03013304108523,0.0,-0.6134196814002386,1.2654537340011538,0.0,0.0,-1.2201823075708103,1,-1.1947162349425025,1,0,1,0,1,0,1,0,1,0,0,0,0,0,1,0,0,1,0,0,1,0,1,0,1,0,1,0,1,0,1,0,1,0,1,0,1,0,1,0,0,0,1,0,1,0,-0.7481926202407267,0.4863787207418751
-1.0887817503917103,0.0,0.14088434116051138,1.2157481529951086,0.0,0.0,0.10137532978611936,0,-1.0012918045387291,0,1,1,0,1,0,1,0,0,0,0,1,0,0,0,1,0,1,1,0,0,0,1,0,1,0,1,0,1,0,1,0,1,0,1,0,0,1,0,1,0,0,1,0,1,0,0.3361761853872871,-0.48208571953099644
-1.2647278783111506,0.0,1.0988439639655219,-1.9375899111105526,0.0,0.0,0.9824137546907391,0,-0.07101240116820048,0,1,1,0,0,1,1,0,1,0,0,0,0,0,1,0,1,0,0,0,0,1,1,0,1,0,1,0,1,0,1,0,1,0,1,0,1,0,0,0,1,1,0,0,1,0,1.3623734293697949,-2.3569867915833735
1.5504101683998974,0.0,-0.6594691961051511,0.5100492557245105,0.0,0.0,0.9824137546907391,0,-1.7590801574193127,1,0,0,1,0,1,1,0,1,0,0,0,0,0,1,0,0,1,1,0,0,0,1,0,1,0,0,1,0,1,0,1,1,0,1,0,0,1,0,1,0,1,0,1,0,0,0.7951730066511851,-0.2953329754044346
0.3187872729638138,0.0,1.2570986342190242,-0.33606808855469933,0.0,0.0,-1.2201823075708103,1,1.5023404331551329,1,0,1,0,0,1,1,0,1,0,0,0,0,0,0,1,0,1,0,0,1,0,0,1,1,0,0,1,0,1,0,1,0,1,0,1,0,1,0,0,1,1,0,1,0,0,3.0168085950221055,0.3793046534419742
0.14284114504437329,0.0,1.0339854925501522,0.24446373527230422,0.0,0.0,0.9824137546907391,0,1.6430127461760589,1,0,1,0,0,1,1,0,0,1,0,0,0,0,0,1,0,1,0,0,1,0,1,0,0,1,0,1,0,1,0,1,0,1,0,1,0,1,0,1,0,0,1,1,0,0,3.23217833033522,0.22823211560825876
0.8466256567221353,0.0,-1.4591741486566596,0.4772711516590301,0.0,0.0,-1.2201823075708103,1,-0.5189867313241256,1,0,1,0,1,0,1,0,0,0,0,0,0,1,1,0,0,1,0,1,0,0,1,0,1,0,1,0,1,0,1,0,0,1,0,1,0,1,1,0,0,1,0,0,0,1,-3.9253262891495395,-0.2747394750688281
1.7263562963193377,0.0,-1.265895903838858,-0.869908696073317,0.0,0.0,-0.7796630951185004,1,0.03449183359749404,1,0,0,1,1,0,1,0,1,0,0,0,0,0,1,0,0,1,0,0,1,0,1,0,1,0,1,0,1,0,0,1,1,0,1,0,0,1,1,0,0,0,1,1,0,0,-1.688583594737121,0.9078046764696488
-0.8541869131657895,0.0,-0.8293983912134196,0.6007621217270765,0.0,0.0,-1.2201823075708103,1,0.7395280690952304,1,0,1,0,1,0,1,0,1,0,0,0,0,0,0,1,0,1,0,1,0,0,1,0,1,0,1,0,1,0,1,0,1,0,1,0,0,1,1,0,0,0,1,1,0,0,-0.6470706566810025,-0.302187458670303
1.7263562963193377,0.0,-1.1018039711579724,-1.0914725668313427,0.0,0.0,0.9824137546907391,0,-0.07184973636475361,1,0,0,1,0,1,1,0,1,0,0,0,0,0,1,0,0,1,0,0,1,0,0,1,0,1,1,0,0,1,1,0,1,0,1,0,0,1,0,0,1,0,1,0,1,0,2.386221030349634,-0.5013384063094176
-0.03310498287506721,0.0,0.8193039521652787,0.6819075454764912,0.0,0.0,0.9824137546907391,0,-0.7366938824279397,1,0,1,0,1,0,1,0,1,0,0,0,0,0,1,0,0,1,0,0,1,0,1,0,1,0,0,1,0,1,1,0,1,0,1,0,0,1,0,1,0,1,0,1,0,0,1.6228663721367278,0.12300344145626974
-0.9714843317787499,0.0,-1.0778063367342858,-1.9375899111105526,0.0,0.0,0.10137532978611936,0,-1.018875843666345,1,0,1,0,0,1,0,1,1,0,0,0,0,0,0,1,1,0,0,0,0,1,1,0,1,0,1,0,1,0,1,0,1,0,1,0,1,0,0,1,0,0,1,0,1,0,-0.18194246891824345,-1.5443990164092118
-0.15040240148802755,0.0,-0.4648937818590419,0.6007621217270765,0.0,0.0,-1.2201823075708103,1,0.8910857396713472,1,0,1,0,1,0,1,0,1,0,0,0,0,0,1,0,0,1,0,0,1,0,1,0,1,0,1,0,1,0,1,0,1,0,1,0,0,1,1,0,0,0,1,1,0,0,-1.9642153199869377,0.7380667546680454
1.374464040480457,0.0,1.2973108864965532,-0.24535522255213305,0.0,0.0,-0.7796630951185004,1,-1.403212698884232,1,0,0,1,1,0,1,0,1,0,0,0,0,0,1,0,0,1,0,0,1,0,1,0,1,0,0,1,1,0,1,0,0,1,1,0,0,1,1,0,0,0,1,1,0,0,-2.02360293004633,1.229085455053775
-0.20905111079450772,0.0,-0.8255068829284975,0.24446373527230422,0.0,0.0,-1.2201823075708103,1,0.10817733089416957,1,0,1,0,1,0,0,1,1,0,0,0,0,0,1,0,0,1,1,0,0,0,0,1,1,0,1,0,1,0,1,0,1,0,1,0,1,0,1,0,0,0,1,1,0,0,-1.9172124322950455,0.01593441760714274
0.20148985435085345,0.0,0.44896208038351754,0.5100492557245105,0.0,0.0,1.863452179595359,0,-1.9441312358575547,1,0,1,0,0,1,0,1,1,0,0,0,0,0,0,1,0,1,0,0,1,0,1,0,0,1,0,1,1,0,0,1,1,0,1,0,0,1,1,0,0,0,1,0,1,0,1.8694129615352837,0.5270743522876183
-0.32634852940746806,0.0,0.8368157394474283,0.33012629336122234,0.0,0.0,-0.7796630951185004,1,-0.2493647980340174,1,0,1,0,1,0,1,0,0,0,0,0,1,0,1,0,0,1,0,0,1,0,1,0,1,0,0,1,1,0,0,1,1,0,1,0,0,1,1,0,0,0,1,1,0,0,0.23119587290231616,0.7485053971321396
-0.5022946573269086,0.0,1.7266739672663007,0.5100492557245105,0.0,0.0,0.9824137546907391,0,1.4747083716688796,1,0,1,0,0,1,0,1,1,0,0,0,0,0,0,1,0,1,0,1,0,0,0,1,0,1,0,1,0,1,0,1,1,0,1,0,0,1,0,0,1,1,0,1,0,0,2.7728900407047585,-0.6128467137770364
-0.6195920759398689,0.0,-0.6036909106879331,0.7071612569928716,0.0,0.0,0.9824137546907391,0,0.6616558958157892,1,0,1,0,0,1,0,1,1,0,0,0,0,0,0,1,0,1,0,0,1,0,1,0,1,0,1,0,1,0,0,1,0,1,0,1,0,1,0,1,0,1,0,1,0,0,1.0778075590135254,0.6538497773229941
0.025543726431412957,0.0,0.03062493975438268,0.5100492557245105,0.0,0.0,-0.7796630951185004,1,0.50674888445346,1,0,1,0,1,0,1,0,0,0,0,0,0,1,1,0,0,1,0,0,1,0,1,0,1,0,0,1,1,0,0,1,1,0,1,0,0,1,1,0,0,0,1,1,0,0,-2.174416055610504,1.23876491661891
-0.3849972387139482,0.0,1.7039735022709217,0.037855076107910814,0.0,0.0,-1.2201823075708103,1,0.3032764316910491,1,0,1,0,0,1,1,0,0,1,0,0,0,0,0,1,0,1,0,0,1,0,1,0,0,1,0,1,1,0,0,1,0,1,0,1,1,0,0,1,0,0,1,0,1,0,2.972857914137535,0.171480302849182
-0.3849972387139482,0.0,-0.7982663249340423,-0.1642097988027183,0.0,0.0,-0.7796630951185004,1,1.254489214975406,1,0,1,0,1,0,1,0,0,0,0,0,0,1,1,0,0,1,0,0,1,0,1,0,1,0,1,0,1,0,1,0,1,0,1,0,0,1,1,0,0,1,0,0,0,1,-2.61593068699541,0.8072990248356923
-0.09175369218154737,0.0,1.5093980880248126,-1.9375899111105526,0.0,0.0,-1.2201823075708103,1,0.9337898346955569,1,0,1,0,0,1,0,1,0,0,0,0,0,1,1,0,1,0,0,0,0,1,1,0,1,0,1,0,1,0,1,0,1,0,1,0,1,0,1,0,0,1,0,0,0,1,-3.3911328685052564,-0.6643865238998838
-1.675268843456512,0.0,0.4314502931013675,-1.9375899111105526,0.0,0.0,0.10137532978611936,0,-0.8145660557073809,0,1,1,0,1,0,0,1,0,0,0,0,0,1,1,0,1,0,0,0,0,1,1,0,1,0,1,0,1,0,1,0,1,0,1,0,1,0,0,0,1,1,0,0,1,0,-2.134342876489658,-0.8418169324111736
0.5533821101897345,0.0,0.37113191468507367,-0.09080483414810245,0.0,0.0,-0.7796630951185004,1,-1.403212698884232,1,0,1,0,0,1,1,0,1,0,0,0,0,0,0,1,0,1,0,0,1,0,1,0,0,1,1,0,1,0,0,1,0,1,0,1,0,1,1,0,0,0,1,1,0,0,-0.6459767237451397,1.508054156900349
0.6120308194962146,0.0,-0.835235653640803,0.5414890984678798,0.0,0.0,-1.2201823075708103,1,-0.46539727874472525,1,0,1,0,0,1,1,0,0,0,0,1,0,0,0,1,0,1,0,0,1,0,0,1,0,1,1,0,1,0,0,1,0,1,0,1,0,1,0,1,0,1,0,1,0,0,1.2266212752517414,1.0621194163672354
1.4917614590934172,0.0,-0.7982663249340423,0.6287713610382961,0.0,0.0,-1.2201823075708103,1,-0.738368552821046,1,0,0,1,0,1,1,0,0,0,0,1,0,0,0,1,0,1,0,0,1,0,0,1,1,0,1,0,0,1,0,1,0,1,1,0,0,1,1,0,0,0,1,1,0,0,1.1971196004732494,1.0261739166599044
-0.6195920759398689,0.0,-0.13281840821234897,0.5100492557245105,0.0,0.0,0.10137532978611936,0,0.6273251527571109,1,0,1,0,1,0,1,0,1,0,0,0,0,0,1,0,0,1,1,0,0,0,0,1,0,1,0,1,0,1,1,0,1,0,1,0,0,1,0,0,1,1,0,1,0,0,1.5871404461084309,-0.5160777262263909
0.7879769474156552,0.0,0.3925352102521458,0.40720749028027037,0.0,0.0,0.10137532978611936,0,-1.3211538496220252,1,0,1,0,0,1,0,1,0,0,1,0,0,0,0,1,0,1,1,0,0,0,0,1,0,1,0,1,1,0,0,1,1,0,1,0,0,1,1,0,0,0,1,0,1,0,1.5031738034265982,-0.13531782099672504
1.1398692032545361,0.0,0.4405304790995193,0.19777251896391848,0.0,0.0,-1.2201823075708103,1,-0.8288007540487842,1,0,0,1,1,0,1,0,0,0,0,0,1,0,0,1,0,1,0,0,1,0,1,0,1,0,1,0,1,0,1,0,0,1,0,1,0,1,1,0,0,0,1,0,1,0,0.7303707906661353,0.6540873692888596
1.3158153311739766,0.0,0.8601647891569613,-0.6980504063213363,0.0,0.0,0.10137532978611936,0,0.5620130074259666,1,0,0,1,1,0,1,0,0,0,0,1,0,0,0,1,0,1,0,0,1,0,0,1,0,1,0,1,1,0,0,1,0,1,1,0,0,1,0,1,0,0,1,1,0,0,1.546245571689196,1.2340859298704365
-1.1474304596981904,0.0,0.43728755552875076,1.2654537340011538,0.0,0.0,-1.2201823075708103,1,-0.07938575313373179,0,1,1,0,1,0,1,0,0,0,0,0,1,0,0,1,0,1,0,0,1,0,1,0,1,0,1,0,1,0,1,0,1,0,0,1,0,1,1,0,0,0,1,0,1,0,-0.194914173273829,0.5497338224858699
0.20148985435085345,0.0,0.3114621209829337,0.0949307535196783,0.0,0.0,0.10137532978611936,0,0.8249362591436498,1,0,1,0,1,0,1,0,0,0,1,0,0,0,1,0,0,1,0,0,1,0,0,1,1,0,1,0,1,0,0,1,1,0,1,0,0,1,0,1,0,1,0,0,1,0,2.060285296067215,0.004520173679901333
-1.5579714248435517,0.0,1.6734900207056975,0.9591705620964788,0.0,0.0,0.10137532978611936,0,-0.1899139990787451,0,1,1,0,1,0,1,0,1,0,0,0,0,0,1,0,0,1,1,0,0,0,1,0,1,0,0,1,1,0,0,1,1,0,1,0,0,1,1,0,0,1,0,1,0,0,-1.5753997089650318,0.3019143289494561
-1.2060791690046706,0.0,0.8809195000098796,1.2157481529951086,0.0,0.0,0.10137532978611936,0,1.018360689547423,0,1,1,0,0,1,0,1,1,0,0,0,0,0,0,1,0,1,0,0,1,0,1,0,0,1,0,1,1,0,0,1,1,0,1,0,0,1,0,1,0,0,1,1,0,0,2.1951939059160748,0.2628963459605002
0.20148985435085345,0.0,-0.2612381816147811,1.2654537340011538,0.0,0.0,0.10137532978611936,0,-0.18237798230976693,1,0,1,0,0,1,0,1,1,0,0,0,0,0,0,1,0,1,0,0,1,0,0,1,0,1,0,1,1,0,0,1,0,1,0,1,0,1,0,0,1,0,1,1,0,0,2.9452265479751967,0.35378056287973536
1.785005005625818,0.0,-0.333879669599995,0.5100492557245105,0.0,0.0,-1.2201823075708103,1,-1.0029664749318354,1,0,0,1,0,1,1,0,1,0,0,0,0,0,0,1,0,1,0,0,1,0,1,0,1,0,0,1,1,0,0,1,0,1,1,0,0,1,1,0,0,0,1,1,0,0,-1.973548762828361,1.6888121407941832
0.7879769474156552,0.0,-1.3508605013929924,0.36963080871589915,0.0,0.0,0.10137532978611936,0,1.4001855391756508,1,0,1,0,0,1,0,1,1,0,0,0,0,0,1,0,0,1,0,0,1,0,1,0,1,0,1,0,1,0,1,0,1,0,1,0,0,1,1,0,0,0,1,1,0,0,-2.1242768777952477,0.6199553780890735
1.5504101683998974,0.0,0.5987851493530215,0.0949307535196783,0.0,0.0,0.10137532978611936,0,0.7671601305814838,1,0,0,1,1,0,1,0,0,0,0,1,0,0,1,0,0,1,0,0,1,0,1,0,1,0,1,0,1,0,1,0,1,0,1,0,1,0,0,1,0,1,0,0,1,0,0.7246079805426529,0.09240882470888903
0.7879769474156552,0.0,-0.9078771416260171,-0.43890985399893934,0.0,0.0,0.9824137546907391,0,-0.37747708310664646,1,0,1,0,1,0,1,0,0,0,0,0,1,0,0,1,0,1,0,0,1,0,1,0,1,0,0,1,0,1,0,1,1,0,1,0,0,1,1,0,0,0,1,0,1,0,0.7727765479154636,0.9015061811840173
1.3158153311739766,0.0,0.11494095259436336,-0.1642097988027183,0.0,0.0,1.863452179595359,0,0.9940779688473823,1,0,0,1,1,0,1,0,1,0,0,0,0,0,0,1,0,1,0,0,1,0,1,0,1,0,0,1,1,0,0,1,0,1,0,1,0,1,0,1,0,0,1,1,0,0,2.547926193351678,0.2239348555313227
-0.03310498287506721,0.0,-1.4591741486566596,-0.6980504063213363,0.0,0.0,0.10137532978611936,0,0.7889308456918651,1,0,1,0,1,0,1,0,1,0,0,0,0,0,1,0,0,1,1,0,0,0,0,1,1,0,0,1,1,0,1,0,1,0,1,0,0,1,0,1,0,0,1,0,1,0,-0.6984148847309734,-1.4617844970049236
0.3187872729638138,0.0,1.6631126652792385,0.33012629336122234,0.0,0.0,-1.2201823075708103,1,-1.3931646765255945,1,0,1,0,1,0,1,0,0,0,0,0,0,1,0,1,0,1,0,1,0,0,0,1,1,0,1,0,0,1,1,0,0,1,0,1,0,1,1,0,0,1,0,1,0,0,-0.3855108937288871,0.5259797638042693
-0.03310498287506721,0.0,0.6902355940486928,-1.9375899111105526,0.0,0.0,-1.2201823075708103,1,0.8818750525092627,1,0,1,0,1,0,1,0,0,0,0,0,1,0,1,0,1,0,0,0,0,1,1,0,1,0,1,0,1,0,1,0,1,0,1,0,1,0,1,0,0,1,0,1,0,0,-1.0467826621610807,-1.1469690836403554
-1.03013304108523,0.0,0.9094572274326427,0.6287713610382961,0.0,0.0,-1.2201823075708103,1,-1.7264240847537407,1,0,1,0,1,0,1,0,1,0,0,0,0,0,0,1,0,1,0,0,1,0,1,0,0,1,0,1,1,0,1,0,1,0,1,0,0,1,1,0,0,0,1,1,0,0,-0.6590724969457679,1.0370926809094865
0.4947334008832543,0.0,-0.30145043389231013,0.36963080871589915,0.0,0.0,0.9824137546907391,0,0.24717497352198933,1,0,1,0,1,0,0,1,1,0,0,0,0,0,0,1,0,1,0,0,1,0,1,0,1,0,1,0,1,0,0,1,1,0,1,0,0,1,1,0,0,0,1,1,0,0,-0.025446917388189463,0.7949448589661251
-0.6195920759398689,0.0,1.5528532638731098,0.6819075454764912,0.0,0.0,0.9824137546907391,0,0.7227813651641678,1,0,1,0,0,1,1,0,1,0,0,0,0,0,0,1,0,1,0,0,1,0,0,1,0,1,0,1,0,1,0,1,0,1,0,1,0,1,0,1,0,0,1,1,0,0,3.1203128214783318,0.5865419881670496
0.9052743660286154,0.0,1.0015562568424672,-1.9375899111105526,0.0,0.0,0.9824137546907391,0,1.7217222546520532,1,0,1,0,1,0,0,1,1,0,0,0,0,0,1,0,1,0,0,0,0,1,1,0,1,0,1,0,1,0,1,0,1,0,1,0,1,0,0,0,1,1,0,0,1,0,1.1992447901614982,-2.2280808503881127
-0.7955382038593094,0.0,1.7779121596844427,-1.9375899111105526,0.0,0.0,0.10137532978611936,0,-1.102609363321658,1,0,1,0,1,0,1,0,1,0,0,0,0,0,1,0,1,0,0,0,0,1,1,0,1,0,1,0,1,0,1,0,1,0,1,0,1,0,1,0,0,1,0,0,1,0,-2.7343991853460254,-0.7621792381338759
1.5504101683998974,0.0,-1.4591741486566596,-0.023791351794107286,0.0,0.0,0.9824137546907391,0,0.8341469463057343,1,0,0,1,1,0,1,0,0,0,0,1,0,0,1,0,0,1,1,0,0,0,1,0,1,0,0,1,0,1,0,1,0,1,1,0,0,1,0,1,0,0,1,1,0,0,-0.5392643949394946,-0.6992461671481393
-1.3820252969241111,0.0,-0.0491509800865221,1.2654537340011538,0.0,0.0,0.10137532978611936,1,0.10733999569761644,0,1,1,0,1,0,1,0,0,1,0,0,0,0,0,1,0,1,0,0,1,0,1,0,0,1,0,1,0,1,0,1,0,1,0,1,0,1,0,1,0,1,0,1,0,0,2.938754564665085,0.30655060663633843
-1.2647278783111506,0.0,-1.2470869471284007,1.2654537340011538,0.0,0.0,-1.2201823075708103,1,1.0284087119060608,0,1,1,0,1,0,1,0,0,0,0,1,0,0,1,0,0,1,1,0,0,0,1,0,1,0,1,0,1,0,0,1,0,1,0,1,0,1,1,0,0,0,1,1,0,0,0.6693677543129801,-0.37040820789262985
0.6120308194962146,0.0,-1.4591741486566596,-0.33606808855469933,0.0,0.0,0.10137532978611936,0,-1.026411860435323,1,0,1,0,1,0,1,0,0,0,0,0,1,0,1,0,0,1,0,1,0,0,0,1,1,0,0,1,0,1,1,0,0,1,0,1,0,1,0,0,1,1,0,0,1,0,-1.7629443904079058,-0.3177097315083911
-1.2647278783111506,0.0,1.3939500089054544,0.9591705620964788,0.0,0.0,0.10137532978611936,1,-0.3255623009203523,0,1,1,0,1,0,1,0,0,0,0,0,0,1,1,0,0,1,0,0,1,0,1,0,1,0,1,0,1,0,1,0,0,1,0,1,1,0,1,0,0,0,1,1,0,0,-0.6955730851029525,0.8816590700720055
-0.5022946573269086,0.0,0.6954242717619223,0.5100492557245105,0.0,0.0,0.10137532978611936,0,1.3541321033652287,1,0,1,0,0,1,1,0,1,0,0,0,0,0,1,0,0,1,0,0,1,0,1,0,1,0,0,1,1,0,0,1,0,1,0,1,0,1,1,0,0,0,1,1,0,0,2.9469291066390984,-0.18092042592884505
1.1398692032545361,0.0,-0.9519809021884684,-0.33606808855469933,0.0,0.0,0.9824137546907391,0,0.24215096234267056,1,0,0,1,1,0,1,0,1,0,0,0,0,0,1,0,0,1,1,0,0,0,1,0,0,1,0,1,1,0,0,1,1,0,1,0,0,1,0,0,1,0,1,1,0,0,-1.0336070174664247,0.34924983364108686
0.6120308194962146,0.0,0.20249988900511257,-1.9375899111105526,0.0,0.0,-0.7796630951185004,1,-0.9125342737040972,1,0,1,0,1,0,1,0,0,0,0,0,0,1,1,0,1,0,0,0,0,1,1,0,1,0,1,0,1,0,1,0,1,0,1,0,1,0,1,0,0,1,0,1,0,0,-3.629838642746786,-0.6691993851042781
-0.20905111079450772,0.0,-1.0324054067435269,-0.33606808855469933,0.0,0.0,0.10137532978611936,0,1.132238276278649,1,0,1,0,0,1,1,0,1,0,0,0,0,0,0,1,0,1,0,0,1,0,0,1,1,0,0,1,1,0,0,1,0,1,0,1,0,1,0,0,1,0,1,0,1,0,2.7739502314861513,0.09778666446247634
-0.26769982010098786,0.0,-0.8585847033503361,0.65579761464225,0.0,0.0,0.10137532978611936,0,-1.677858643353659,1,0,1,0,0,1,1,0,1,0,0,0,0,0,0,1,0,1,0,1,0,0,0,1,1,0,0,1,1,0,0,1,0,1,0,1,0,1,0,1,0,1,0,0,1,0,1.1686994174367005,0.07240705811294092
-1.1474304596981904,0.0,-0.2897759090375436,1.2157481529951086,0.0,0.0,-1.2201823075708103,1,1.1757797064994118,0,1,1,0,1,0,1,0,1,0,0,0,0,0,1,0,0,1,1,0,0,0,0,1,0,1,1,0,0,1,1,0,1,0,1,0,0,1,1,0,0,0,1,0,1,0,-1.439202196995213,0.3272964533292447
0.6120308194962146,0.0,-1.3761553052449864,0.6287713610382961,0.0,0.0,-1.2201823075708103,1,-0.5089387089654881,1,0,1,0,1,0,1,0,0,0,0,0,0,1,1,0,0,1,0,1,0,0,1,0,0,1,1,0,1,0,1,0,1,0,1,0,0,1,1,0,0,1,0,1,0,0,-3.365314141984995,0.18817122915704557
-0.32634852940746806,0.0,1.617063150574326,0.4772711516590301,0.0,0.0,0.10137532978611936,0,1.809642450290132,1,0,1,0,1,0,1,0,1,0,0,0,0,0,0,1,0,1,0,1,0,0,0,1,0,1,0,1,0,1,0,1,0,1,0,1,0,1,0,0,1,1,0,0,1,0,2.8743564245434605,-0.2420585858987202
-0.20905111079450772,0.0,1.152027910526125,0.14806693795787343,0.0,0.0,-0.7796630951185004,1,-0.6470990163967547,1,0,1,0,1,0,1,0,1,0,0,0,0,0,0,1,0,1,0,0,1,0,1,0,1,0,1,0,1,0,0,1,1,0,1,0,0,1,0,1,0,1,0,1,0,0,1.4165111244689264,0.3348272036439042
0.3187872729638138,0.0,-0.5200234825621061,0.6007621217270765,0.0,0.0,-1.2201823075708103,1,-0.32305029533069296,1,0,1,0,1,0,1,0,1,0,0,0,0,0,1,0,0,1,0,0,1,0,1,0,0,1,1,0,1,0,1,0,1,0,1,0,0,1,1,0,0,1,0,1,0,0,-2.4536302328717805,0.9497246733995294
-1.2647278783111506,0.0,-1.0032190946066104,-1.9375899111105526,0.0,0.0,0.9824137546907391,0,0.9597472257887039,0,1,1,0,0,1,0,1,1,0,0,0,0,0,0,1,1,0,0,0,0,1,1,0,1,0,1,0,1,0,1,0,1,0,1,0,1,0,0,0,1,1,0,0,1,0,-0.43983699253931596,-1.327004468925001
1.1985179125610164,0.0,0.09353765702729147,-1.9375899111105526,0.0,0.0,0.9824137546907391,0,1.0233847007267418,1,0,0,1,0,1,1,0,1,0,0,0,0,0,1,0,1,0,0,0,0,1,1,0,1,0,1,0,1,0,1,0,1,0,1,0,1,0,0,0,1,0,1,0,0,1,0.6188850143612756,-2.00329661125057
-0.5022946573269086,0.0,-0.05952833551298126,0.7071612569928716,0.0,0.0,-1.2201823075708103,1,-1.9106378279954295,1,0,1,0,0,1,1,0,0,0,0,0,1,0,0,1,0,1,0,0,1,0,1,0,1,0,1,0,1,0,1,0,1,0,1,0,0,1,1,0,0,0,1,1,0,0,-0.21077274542506716,0.551706737092227
-1.0887817503917103,0.0,-1.1686081967158033,1.1055362911451465,0.0,0.0,-1.2201823075708103,1,0.7897681808884183,0,1,1,0,1,0,1,0,1,0,0,0,0,0,0,1,0,1,1,0,0,0,1,0,1,0,0,1,0,1,1,0,1,0,1,0,0,1,1,0,0,0,1,1,0,0,1.4923426365769956,0.12177217486748139
0.9639230753350957,0.0,0.2057428125758811,0.33012629336122234,0.0,0.0,-1.2201823075708103,1,-1.8470003530573915,1,0,1,0,0,1,1,0,0,0,0,0,1,0,0,1,0,1,0,0,1,0,1,0,1,0,1,0,1,0,0,1,0,1,0,1,0,1,1,0,0,0,1,1,0,0,0.19422540358317247,1.1112260770656672
-1.4406740062305912,0.0,-1.4591741486566596,0.9591705620964788,0.0,0.0,0.9824137546907391,0,1.1364249522614145,0,1,1,0,0,1,1,0,1,0,0,0,0,0,1,0,0,1,0,1,0,0,1,0,0,1,0,1,0,1,0,1,0,1,0,1,0,1,0,1,0,0,1,0,1,0,0.7697912490486141,-1.2916390043271972
1.2571666218674964,0.0,-1.2924878771191595,0.44303577337051536,0.0,0.0,0.9824137546907391,0,1.2821212764616594,1,0,0,1,1,0,1,0,0,1,0,0,0,0,1,0,0,1,0,0,1,0,0,1,0,1,1,0,0,1,0,1,1,0,1,0,0,1,0,0,1,0,1,1,0,0,2.2188202746428063,-0.1911861960544052
0.14284114504437329,0.0,1.2791505145002497,0.6819075454764912,0.0,0.0,0.10137532978611936,1,-1.9173365095678545,1,0,1,0,0,1,1,0,0,0,0,0,1,0,0,1,0,1,0,0,1,0,1,0,1,0,1,0,1,0,1,0,0,1,0,1,0,1,1,0,0,0,1,1,0,0,0.8946104110260207,0.6545051117181617
-0.03310498287506721,0.0,-1.4591741486566596,0.14806693795787343,0.0,0.0,0.9824137546907391,0,-0.7224591840865364,1,0,1,0,1,0,1,0,1,0,0,0,0,0,1,0,0,1,0,1,0,0,0,1,1,0,0,1,1,0,1,0,1,0,1,0,0,1,0,1,0,1,0,0,1,0,-2.49613825746448,-0.5894852034487968
0.5533821101897345,0.0,-0.04136796351667767,-0.43890985399893934,0.0,0.0,0.10137532978611936,1,0.12911071080799785,1,0,1,0,1,0,1,0,0,0,0,0,0,1,0,1,0,1,0,0,1,0,1,0,1,0,0,1,1,0,0,1,0,1,0,1,0,1,1,0,0,0,1,1,0,0,-0.9811264982374885,1.592559818336785
1.081220493948056,0.0,0.6234313684908619,0.14806693795787343,0.0,0.0,0.10137532978611936,1,-1.371393961415213,1,0,0,1,1,0,1,0,1,0,0,0,0,0,0,1,0,1,0,0,1,0,1,0,1,0,1,0,1,0,0,1,0,1,1,0,0,1,1,0,0,0,1,1,0,0,0.6777341639374037,1.0625558511079527
-0.678240785246349,0.0,-0.5336437615593338,-1.9375899111105526,0.0,0.0,0.9824137546907391,0,-0.2920688930582271,1,0,1,0,0,1,1,0,1,0,0,0,0,0,1,0,1,0,0,0,0,1,1,0,1,0,1,0,1,0,1,0,1,0,1,0,1,0,0,1,0,1,0,0,1,0,-1.3384731082672412,-1.155992322872083
-1.1474304596981904,0.0,-1.4591741486566596,1.0597702031126737,0.0,0.0,-1.2201823075708103,1,0.20112153771156713,0,1,1,0,1,0,1,0,1,0,0,0,0,0,1,0,0,1,0,1,0,0,1,0,1,0,1,0,1,0,0,1,0,1,0,1,1,0,1,0,0,0,1,1,0,0,-3.184023033033388,-0.08155922985491519
-0.15040240148802755,0.0,-0.9091743110543244,0.4772711516590301,0.0,0.0,0.10137532978611936,0,0.1626041186701231,1,0,1,0,1,0,1,0,0,1,0,0,0,0,0,1,0,1,0,0,1,0,0,1,1,0,1,0,0,1,1,0,1,0,1,0,0,1,0,0,1,0,1,1,0,0,2.4750724811983975,-0.49607062604490426
-0.15040240148802755,0.0,1.1565680035252008,-0.1642097988027183,0.0,0.0,0.10137532978611936,0,0.37863659938083094,1,0,1,0,0,1,1,0,0,0,1,0,0,0,0,1,0,1,0,0,1,0,0,1,0,1,0,1,1,0,1,0,1,0,1,0,0,1,0,1,0,0,1,1,0,0,2.473724080222238,0.10147386976233025
-1.4993227155370714,0.0,-1.4591741486566596,1.1055362911451465,0.0,0.0,0.10137532978611936,0,-0.11036715540619764,0,1,1,0,1,0,0,1,1,0,0,0,0,0,1,0,0,1,0,1,0,0,0,1,1,0,1,0,1,0,1,0,0,1,0,1,0,1,1,0,0,0,1,1,0,0,-2.2968942182264875,-0.5340766831445771
-0.7368894945528293,0.0,-0.7158960662365227,0.24446373527230422,0.0,0.0,0.9824137546907391,0,0.8634536781850938,1,0,1,0,1,0,1,0,0,0,0,0,1,0,0,1,0,1,0,0,1,0,1,0,1,0,1,0,1,0,1,0,0,1,0,1,0,1,1,0,0,1,0,1,0,0,0.5650729211404228,0.5171460621514175
1.433112749786937,0.0,1.497723563170046,0.5414890984678798,0.0,0.0,-0.7796630951185004,1,0.5737357001777105,1,0,0,1,1,0,1,0,1,0,0,0,0,0,0,1,0,1,0,0,1,0,1,0,0,1,1,0,1,0,1,0,1,0,1,0,1,0,1,0,0,0,1,0,1,0,2.6005447678467704,-0.47978742764393334
0.025543726431412957,0.0,1.3757896369091507,-1.9375899111105526,0.0,0.0,1.863452179595359,0,-0.06012704361300977,1,0,1,0,0,1,0,1,1,0,0,0,0,0,1,0,1,0,0,0,0,1,1,0,1,0,1,0,1,0,1,0,1,0,1,0,1,0,0,0,1,1,0,0,1,0,0.8900799864497806,-1.9417348619963133
0.37743598227029396,0.0,0.004032966474081088,-0.6980504063213363,0.0,0.0,-1.2201823075708103,1,-1.4651755034291638,1,0,1,0,0,1,1,0,0,0,1,0,0,0,0,1,0,1,1,0,0,0,1,0,0,1,1,0,1,0,0,1,0,1,0,1,0,1,1,0,0,0,1,1,0,0,1.8876806572133296,0.670719318260087
-0.7368894945528293,0.0,-0.9403063773337019,-0.1642097988027183,0.0,0.0,0.10137532978611936,0,0.730317381933146,1,0,1,0,1,0,1,0,0,0,0,1,0,0,1,0,0,1,0,1,0,0,0,1,0,1,1,0,0,1,1,0,1,0,1,0,1,0,0,1,0,0,1,1,0,0,0.3882390191775481,-0.3565450812466833
-0.6195920759398689,0.0,1.4581598956066701,0.6287713610382961,0.0,0.0,0.10137532978611936,0,0.7571121082228461,1,0,1,0,1,0,1,0,1,0,0,0,0,0,1,0,0,1,0,1,0,0,1,0,0,1,1,0,1,0,1,0,1,0,1,0,0,1,1,0,0,1,0,1,0,0,-2.659814453753896,0.19848015277600944
0.37743598227029396,0.0,0.18823102529373106,-0.09080483414810245,0.0,0.0,0.9824137546907391,0,-0.38501309987562465,1,0,1,0,1,0,1,0,0,0,0,1,0,0,0,1,0,1,0,1,0,0,0,1,0,1,1,0,1,0,0,1,1,0,1,0,0,1,1,0,0,0,1,1,0,0,0.7215394978178927,0.03882154396836425
-1.4993227155370714,0.0,1.5139381810238883,-1.9375899111105526,0.0,0.0,-1.2201823075708103,1,-1.2332336539839464,0,1,1,0,1,0,1,0,0,0,0,0,1,0,0,1,1,0,0,0,0,1,1,0,1,0,1,0,1,0,1,0,1,0,1,0,1,0,1,0,0,0,1,0,1,0,-0.7133754887991031,-0.9888416619518272
1.2571666218674964,0.0,1.3920042547629932,0.14806693795787343,0.0,0.0,-0.7796630951185004,1,0.7345040579159117,1,0,0,1,1,0,1,0,0,0,0,0,0,1,0,1,0,1,0,0,1,0,1,0,1,0,0,1,1,0,1,0,1,0,1,0,0,1,1,0,0,0,1,1,0,0,-1.5626337720677488,0.9696777838956224
0.025543726431412957,0.0,-0.9429007161903167,-0.24535522255213305,0.0,0.0,0.9824137546907391,0,0.17014013543910128,1,0,1,0,1,0,1,0,0,0,1,0,0,0,1,0,0,1,0,1,0,0,0,1,0,1,1,0,1,0,1,0,1,0,1,0,0,1,0,1,0,1,0,1,0,0,1.5776680578347961,-1.1237759447695221
-0.5022946573269086,0.0,0.4152356752475251,-1.9375899111105526,0.0,0.0,0.9824137546907391,0,-0.3724530719273277,1,0,1,0,1,0,1,0,1,0,0,0,0,0,0,1,1,0,0,0,0,1,1,0,1,0,1,0,1,0,1,0,1,0,1,0,1,0,0,0,1,1,0,1,0,0,0.514330251636472,-1.567069550814724
-0.9128356224722697,0.0,-1.130341698580735,0.6007621217270765,0.0,0.0,0.10137532978611936,1,1.0920461868440987,1,0,1,0,0,1,1,0,1,0,0,0,0,0,1,0,0,1,0,0,1,0,1,0,0,1,1,0,1,0,1,0,1,0,1,0,0,1,1,0,0,0,1,1,0,0,0.18689068739073697,0.25839333454402896
0.025543726431412957,0.0,1.1085727346778276,-1.9375899111105526,0.0,0.0,0.9824137546907391,0,0.3116497836565804,1,0,1,0,0,1,0,1,0,0,0,0,1,0,1,0,1,0,0,0,0,1,1,0,1,0,1,0,1,0,1,0,1,0,1,0,1,0,0,0,1,1,0,1,0,0,-0.4281466642644716,-1.3112866527877443
-0.5609433666333887,0.0,1.4302707528980612,-1.9375899111105526,0.0,0.0,1.863452179595359,0,1.1933637456270274,1,0,1,0,0,1,0,1,0,0,0,0,1,0,1,0,1,0,0,0,0,1,1,0,1,0,1,0,1,0,1,0,1,0,1,0,1,0,0,0,1,1,0,0,0,1,-1.0352325169128402,-1.1445999151327706
-0.8541869131657895,0.0,0.18823102529373106,-0.09080483414810245,0.0,0.0,0.9824137546907391,0,-1.8168562859814787,1,0,1,0,1,0,1,0,0,0,0,0,0,1,1,0,0,1,0,0,1,0,1,0,1,0,1,0,1,0,1,0,1,0,1,0,0,1,1,0,0,0,1,1,0,0,-1.435977712354079,0.6621758136327387
-0.6195920759398689,0.0,-1.070671904878595,-0.5576319593127251,0.0,0.0,-0.7796630951185004,1,-1.6493892466708526,1,0,1,0,0,1,1,0,1,0,0,0,0,0,1,0,0,1,0,0,1,0,1,0,1,0,1,0,1,0,1,0,1,0,1,0,0,1,1,0,0,0,1,1,0,0,0.7164499890335264,-0.11124190570097557
-0.32634852940746806,0.0,-0.3987381410153647,-1.9375899111105526,0.0,0.0,0.10137532978611936,0,0.7495760914538679,1,0,1,0,1,0,1,0,1,0,0,0,0,0,1,0,1,0,0,0,0,1,1,0,1,0,1,0,1,0,1,0,1,0,1,0,1,0,0,1,0,0,1,0,1,0,-1.4360681908027229,-1.0725975655384552
-0.03310498287506721,0.0,0.7875233011717474,-0.33606808855469933,0.0,0.0,0.10137532978611936,0,-1.569005067801752,1,0,1,0,0,1,1,0,0,0,0,0,0,1,1,0,0,1,0,1,0,0,0,1,0,1,1,0,0,1,0,1,1,0,1,0,0,1,1,0,0,0,1,0,0,1,-0.42588931361248666,0.4359424440901774
0.20148985435085345,0.0,-0.04136796351667767,0.6819075454764912,0.0,0.0,0.9824137546907391,0,0.35602854907389636,1,0,1,0,0,1,0,1,1,0,0,0,0,0,1,0,0,1,0,0,1,0,0,1,0,1,0,1,1,0,0,1,0,1,0,1,0,1,0,0,1,0,1,0,1,0,2.8755646008433082,0.14921505827486736
0.20148985435085345,0.0,-1.4591741486566596,0.5716956836265287,0.0,0.0,0.10137532978611936,0,1.1154915723475862,1,0,1,0,1,0,1,0,1,0,0,0,0,0,1,0,0,1,0,1,0,0,1,0,1,0,1,0,1,0,0,1,1,0,1,0,1,0,0,0,1,1,0,0,1,0,-0.8496214039050037,-1.3225317255189577
-0.03310498287506721,0.0,-0.03682787051760177,0.24446373527230422,0.0,0.0,0.10137532978611936,0,-0.7375312176244928,1,0,1,0,1,0,1,0,0,0,0,0,1,0,0,1,0,1,0,0,1,0,1,0,1,0,1,0,0,1,1,0,1,0,1,0,0,1,1,0,0,0,1,0,1,0,-0.029957960433836042,0.6608476505906803
1.6090588777063775,0.0,-0.10817218907450855,-0.1642097988027183,0.0,0.0,0.9824137546907391,0,-1.1570361510976115,1,0,0,1,0,1,1,0,1,0,0,0,0,0,0,1,0,1,0,0,1,0,1,0,1,0,0,1,0,1,0,1,0,1,1,0,0,1,0,0,1,1,0,1,0,0,2.050543307709184,0.6728676942745421
1.081220493948056,0.0,0.6396459863447044,-1.0914725668313427,0.0,0.0,-0.7796630951185004,1,1.3214760306996565,1,0,0,1,1,0,1,0,0,0,1,0,0,0,0,1,0,1,0,0,1,0,1,0,1,0,1,0,1,0,0,1,0,1,1,0,0,1,1,0,0,0,1,1,0,0,2.2203265430895494,0.33595888588822087
-0.03310498287506721,0.0,0.9833958848461637,0.40720749028027037,0.0,0.0,-1.2201823075708103,1,-1.1185187320561676,1,0,1,0,0,1,1,0,1,0,0,0,0,0,1,0,0,1,0,0,1,0,0,1,1,0,1,0,1,0,0,1,0,1,0,1,0,1,1,0,0,0,1,0,1,0,1.3390921484828762,0.6695449818568205
0.8466256567221353,0.0,1.6702470971349292,-1.9375899111105526,0.0,0.0,-1.2201823075708103,1,-0.10785514981653825,1,0,1,0,1,0,1,0,0,0,0,0,0,1,1,0,1,0,0,0,0,1,1,0,1,0,1,0,1,0,1,0,1,0,1,0,1,0,1,0,0,0,1,0,1,0,-3.3606295777661437,-0.6573086731497182
-0.7368894945528293,0.0,0.9853416389886248,0.33012629336122234,0.0,0.0,-1.2201823075708103,1,-0.25941282039265495,1,0,1,0,1,0,1,0,1,0,0,0,0,0,0,1,0,1,0,0,1,0,1,0,1,0,0,1,1,0,0,1,0,1,0,1,0,1,1,0,0,0,1,1,0,0,1.2481055784357171,0.947319618981839
-1.675268843456512,0.0,-1.4591741486566596,1.2654537340011538,0.0,0.0,-1.2201823075708103,1,-0.987894441393879,0,1,1,0,1,0,1,0,0,0,0,0,0,1,1,0,0,1,0,1,0,0,1,0,1,0,1,0,1,0,1,0,0,1,0,1,0,1,1,0,0,0,1,1,0,0,-3.5406381478580107,-0.36289063076346445
-1.5579714248435517,0.0,-0.8118866039312699,1.1055362911451465,0.0,0.0,0.10137532978611936,1,-1.4701995146084825,0,1,1,0,0,1,1,0,0,0,0,0,0,1,0,1,0,1,0,0,1,0,1,0,0,1,1,0,1,0,0,1,0,1,0,1,0,1,1,0,0,0,1,1,0,0,-0.9528509690665764,1.431779154274641
-1.1474304596981904,0.0,1.0930067015381388,1.2654537340011538,0.0,0.0,0.9824137546907391,0,0.967283242557682,0,1,1,0,1,0,1,0,1,0,0,0,0,0,0,1,0,1,0,1,0,0,1,0,0,1,1,0,1,0,1,0,1,0,1,0,0,1,0,1,0,0,1,1,0,0,0.7234022612078589,-0.44452927465484376
-0.20905111079450772,0.0,-0.8190210357869606,-1.9375899111105526,0.0,0.0,1.863452179595359,0,1.1498223154062646,1,0,1,0,0,1,0,1,1,0,0,0,0,0,1,0,1,0,0,0,0,1,1,0,1,0,1,0,1,0,1,0,1,0,1,0,1,0,0,0,1,1,0,0,1,0,0.2888483079726783,-1.946916177455777
-0.6195920759398689,0.0,-1.2671930732671652,0.19777251896391848,0.0,0.0,-1.2201823075708103,1,-1.1779695310114398,1,0,1,0,1,0,1,0,1,0,0,0,0,0,0,1,0,1,0,0,1,0,1,0,1,0,1,0,1,0,1,0,1,0,1,0,0,1,1,0,0,0,1,0,1,0,-2.289038415870488,0.7847774097031491
-0.7955382038593094,0.0,0.9075114732901814,-0.869908696073317,0.0,0.0,-1.2201823075708103,1,-1.0532065867250233,1,0,1,0,1,0,1,0,1,0,0,0,0,0,0,1,0,1,0,0,1,0,1,0,1,0,1,0,0,1,0,1,0,1,0,1,0,1,1,0,0,0,1,1,0,0,0.890681129378916,1.1196009982434725
1.0225717846415758,0.0,0.9133487357175645,0.40720749028027037,0.0,0.0,0.10137532978611936,1,-0.5700641783138666,1,0,0,1,1,0,1,0,1,0,0,0,0,0,1,0,0,1,0,0,1,0,0,1,1,0,1,0,1,0,1,0,0,1,0,1,1,0,1,0,0,1,0,0,1,0,2.003964524110064,0.06075644751105613
1.1985179125610164,0.0,0.8387614935898894,0.33012629336122234,0.0,0.0,0.10137532978611936,1,1.368366801706632,1,0,0,1,1,0,1,0,0,0,0,0,0,1,0,1,0,1,0,0,1,0,1,0,0,1,0,1,1,0,0,1,0,1,1,0,0,1,1,0,0,0,1,1,0,0,-0.8329762728403429,1.7037183450366211
0.43608469157677415,0.0,-1.4591741486566596,-0.6980504063213363,0.0,0.0,-1.2201823075708103,1,0.1868868393701639,1,0,1,0,1,0,1,0,0,0,0,0,0,1,1,0,0,1,1,0,0,0,0,1,1,0,1,0,1,0,1,0,1,0,1,0,1,0,1,0,0,0,1,1,0,0,-2.632258311497037,-0.7405325391186539
-0.03310498287506721,0.0,-0.7872403847934294,0.40720749028027037,0.0,0.0,0.9824137546907391,0,-1.4911328945223108,1,0,1,0,0,1,0,1,1,0,0,0,0,0,1,0,0,1,0,1,0,0,0,1,1,0,1,0,1,0,1,0,1,0,1,0,0,1,1,0,0,0,1,0,1,0,-1.1948785421312098,-0.060287625326188664
-0.32634852940746806,0.0,0.1512616965869703,0.6007621217270765,0.0,0.0,0.9824137546907391,0,0.6516078734571517,1,0,1,0,1,0,1,0,1,0,0,0,0,0,1,0,0,1,0,1,0,0,0,1,1,0,0,1,1,0,1,0,1,0,1,0,0,1,1,0,0,1,0,0,1,0,-1.2750356452308003,0.16358199967465026
1.1985179125610164,0.0,-0.43311313086551073,0.0949307535196783,0.0,0.0,0.10137532978611936,0,-0.24601545724780488,1,0,0,1,0,1,1,0,1,0,0,0,0,0,0,1,0,1,0,1,0,0,0,1,0,1,0,1,0,1,1,0,0,1,0,1,0,1,0,0,1,1,0,1,0,0,2.4895554891680014,-0.6680168948111481
-0.5609433666333887,0.0,-0.29107307846585095,-1.0914725668313427,0.0,0.0,-1.2201823075708103,1,-0.975334413445582,1,0,1,0,1,0,1,0,1,0,0,0,0,0,1,0,0,1,0,0,1,0,1,0,1,0,1,0,1,0,0,1,0,1,0,1,0,1,1,0,0,1,0,1,0,0,0.7681696474592896,0.7078861156411526
-1.5579714248435517,0.0,-0.16849056749080238,1.2157481529951086,0.0,0.0,0.10137532978611936,0,1.1439609690303927,0,1,1,0,0,1,0,1,0,0,1,0,0,0,0,1,0,1,0,0,1,0,1,0,1,0,0,1,1,0,1,0,0,1,0,1,0,1,0,1,0,0,1,1,0,0,2.062203420266169,0.11132679935765957
-1.5579714248435517,0.0,1.0502001104039946,1.2654537340011538,0.0,0.0,-0.7796630951185004,1,0.02779315202506899,0,1,1,0,1,0,1,0,1,0,0,0,0,0,0,1,0,1,1,0,0,0,1,0,1,0,1,0,0,1,0,1,1,0,0,1,0,1,1,0,0,0,1,1,0,0,1.016428308409236,0.735517786323845
1.3158153311739766,0.0,-0.6756838139589935,-0.5576319593127251,0.0,0.0,-1.2201823075708103,1,-0.14804723925108854,1,0,0,1,1,0,1,0,0,0,1,0,0,0,0,1,0,1,0,1,0,0,0,1,0,1,1,0,0,1,0,1,0,1,0,1,0,1,0,1,0,1,0,1,0,0,1.9078156293362665,-0.18364903457256365
-1.4993227155370714,0.0,0.3367569248349279,1.2654537340011538,0.0,0.0,-1.2201823075708103,1,-1.4944822353085234,0,1,1,0,1,0,1,0,0,0,0,1,0,0,0,1,0,1,0,0,1,0,0,1,0,1,1,0,0,1,0,1,0,1,0,1,0,1,1,0,0,0,1,0,1,0,1.6998855767523002,1.0494960729685279
1.7263562963193377,0.0,0.2887616559875542,0.33012629336122234,0.0,0.0,-0.7796630951185004,1,0.07803326381825686,1,0,0,1,1,0,0,1,0,0,0,0,0,1,1,0,0,1,0,0,1,0,0,1,1,0,1,0,1,0,1,0,1,0,1,0,1,0,1,0,0,1,0,1,0,0,-0.6176004123948868,0.7158715383431115
1.6090588777063775,0.0,-0.7308135146620577,0.40720749028027037,0.0,0.0,1.863452179595359,0,1.5324845002310457,1,0,0,1,0,1,1,0,1,0,0,0,0,0,0,1,0,1,0,0,1,0,1,0,0,1,1,0,1,0,0,1,0,1,0,1,0,1,0,1,0,0,1,0,1,0,2.757701824983818,-0.1215504373318911
-1.2647278783111506,0.0,0.8874053471514167,1.0597702031126737,0.0,0.0,-1.2201823075708103,1,-1.8160189507849256,0,1,1,0,1,0,1,0,1,0,0,0,0,0,1,0,0,1,0,0,1,0,0,1,0,1,0,1,1,0,1,0,1,0,0,1,0,1,1,0,0,0,1,0,1,0,1.6290471500057269,0.2029153761928955
-0.03310498287506721,0.0,1.0657661435436834,-0.6980504063213363,0.0,0.0,1.863452179595359,0,0.6817519405330644,1,0,1,0,0,1,1,0,0,0,0,0,1,0,1,0,0,1,1,0,0,0,1,0,1,0,0,1,0,1,1,0,1,0,1,0,0,1,1,0,0,1,0,1,0,0,0.377724633882479,-0.338022061832179
-0.4436459480204284,0.0,0.39902105739368265,0.6287713610382961,0.0,0.0,-0.7796630951185004,1,0.9522112090197257,1,0,1,0,1,0,1,0,0,0,0,0,1,0,0,1,0,1,1,0,0,0,1,0,1,0,1,0,0,1,0,1,1,0,1,0,0,1,1,0,0,0,1,1,0,0,0.3457919557757004,0.9256333516786387
0.8466256567221353,0.0,-0.9928417391801513,0.33012629336122234,0.0,0.0,0.9824137546907391,0,-0.9669610614800508,1,0,1,0,1,0,1,0,0,0,0,1,0,0,0,1,0,1,0,0,1,0,0,1,0,1,0,1,1,0,1,0,1,0,1,0,0,1,0,1,0,1,0,1,0,0,1.0441866669581075,0.5410654787339149
-0.4436459480204284,0.0,1.259692973075639,0.6819075454764912,0.0,0.0,-0.7796630951185004,1,-1.9231978559437264,1,0,1,0,1,0,1,0,1,0,0,0,0,0,1,0,0,1,1,0,0,0,1,0,1,0,1,0,1,0,1,0,1,0,1,0,0,1,1,0,0,0,1,1,0,0,-0.8347221682548411,-0.2916095342730936
0.37743598227029396,0.0,1.0035020109849284,-1.9375899111105526,0.0,0.0,0.9824137546907391,0,-1.466012838625717,1,0,1,0,1,0,1,0,1,0,0,0,0,0,1,0,1,0,0,0,0,1,1,0,1,0,1,0,1,0,1,0,1,0,1,0,1,0,0,1,0,1,0,1,0,0,-2.075633511461063,-0.8702406564080915
-0.9128356224722697,0.0,0.10780652073867272,0.36963080871589915,0.0,0.0,0.9824137546907391,0,0.7252933707538272,1,0,1,0,0,1,0,1,0,0,0,0,1,0,1,0,0,1,0,0,1,0,0,1,1,0,0,1,1,0,0,1,1,0,1,0,0,1,1,0,0,0,1,0,0,1,0.5587172028918227,0.7661103053172251
-1.3233765876176309,0.0,0.4106955822484492,1.0438898632431284,0.0,0.0,0.9824137546907391,0,-1.8938911240643668,0,1,1,0,1,0,1,0,0,0,0,1,0,0,0,1,0,1,0,1,0,0,1,0,0,1,0,1,1,0,1,0,0,1,0,1,0,1,0,1,0,1,0,0,1,0,0.9055444747141438,0.01789425236564238
-1.5579714248435517,0.0,1.3024995642097827,1.2654537340011538,0.0,0.0,0.10137532978611936,0,0.5946690800915387,0,1,1,0,0,1,0,1,0,0,0,0,1,0,1,0,0,1,0,1,0,0,0,1,0,1,1,0,0,1,1,0,1,0,0,1,0,1,1,0,0,0,1,0,1,0,0.4339643758964539,-0.20904767300230243
1.5504101683998974,0.0,-0.8196696205011142,0.44303577337051536,0.0,0.0,-0.7796630951185004,1,0.06798524145961929,1,0,0,1,1,0,1,0,0,0,0,0,0,1,1,0,0,1,0,0,1,0,1,0,1,0,1,0,1,0,1,0,1,0,1,0,0,1,1,0,0,1,0,1,0,0,-1.9914198469478661,0.714788121205936
-0.7368894945528293,0.0,0.42237010710321593,-1.9375899111105526,0.0,0.0,-1.2201823075708103,1,1.0987448684165237,1,0,1,0,0,1,0,1,0,0,0,0,1,0,1,0,1,0,0,0,0,1,1,0,1,0,1,0,1,0,1,0,1,0,1,0,1,0,1,0,0,0,1,0,1,0,-1.5040734063124783,-1.0388186051649584
-0.26769982010098786,0.0,-1.0246223901736826,0.24446373527230422,0.0,0.0,-1.2201823075708103,1,0.800653538443609,1,0,1,0,1,0,0,1,1,0,0,0,0,0,0,1,0,1,1,0,0,0,1,0,0,1,1,0,1,0,1,0,1,0,1,0,0,1,1,0,0,0,1,0,1,0,1.2747506782886946,-0.9991118826194464
-0.9128356224722697,0.0,0.9503180644243252,0.0949307535196783,0.0,0.0,1.863452179595359,0,0.10315331971485078,1,0,1,0,1,0,1,0,0,0,1,0,0,0,0,1,0,1,0,0,1,0,0,1,0,1,1,0,1,0,1,0,1,0,1,0,0,1,1,0,0,0,1,1,0,0,2.3419108438168177,-0.09948693312112747
-0.6195920759398689,0.0,-0.897499786199558,-1.9375899111105526,0.0,0.0,0.10137532978611936,0,-0.15893259680627925,1,0,1,0,1,0,0,1,0,0,0,0,0,1,1,0,1,0,0,0,0,1,1,0,1,0,1,0,1,0,1,0,1,0,1,0,1,0,1,0,0,0,1,0,1,0,-3.960362251798857,-0.6619714468761151
-0.9714843317787499,0.0,-1.4591741486566596,0.6819075454764912,0.0,0.0,1.863452179595359,0,-0.35905570878247756,1,0,1,0,0,1,0,1,1,0,0,0,0,0,1,0,0,1,0,1,0,0,1,0,1,0,1,0,0,1,0,1,1,0,1,0,0,1,0,0,1,0,1,1,0,0,-0.8746867772576414,-1.1152257888366455
-0.8541869131657895,0.0,0.6461318334862415,-0.869908696073317,0.0,0.0,-0.7796630951185004,1,1.056040773392314,1,0,1,0,1,0,1,0,1,0,0,0,0,0,0,1,0,1,0,0,1,0,1,0,1,0,0,1,0,1,1,0,1,0,1,0,0,1,1,0,0,0,1,0,0,1,-0.8714929474835262,1.1273353731241
0.9052743660286154,0.0,-1.2555185484123987,-1.9375899111105526,0.0,0.0,0.10137532978611936,0,-0.7643259439141931,1,0,1,0,0,1,0,1,0,0,1,0,0,0,1,0,1,0,0,0,0,1,1,0,1,0,1,0,1,0,1,0,1,0,1,0,1,0,0,0,1,1,0,0,1,0,-0.35319176166082433,-1.7295017723109807
-0.6195920759398689,0.0,1.5359900613051138,0.5414890984678798,0.0,0.0,1.863452179595359,0,0.8525683206299031,1,0,1,0,0,1,1,0,1,0,0,0,0,0,1,0,0,1,0,0,1,0,1,0,1,0,1,0,1,0,1,0,0,1,0,1,0,1,0,1,0,0,1,1,0,0,2.302035519779371,-0.2606956309862613
-0.9128356224722697,0.0,1.5236669517361938,-1.9375899111105526,0.0,0.0,0.9824137546907391,0,-1.6192451795949399,1,0,1,0,1,0,1,0,0,0,0,0,0,1,1,0,1,0,0,0,0,1,1,0,1,0,1,0,1,0,1,0,1,0,1,0,1,0,1,0,0,0,1,0,1,0,-1.5087043173764816,-0.9595821090011725
1.2571666218674964,0.0,1.1961316710885765,-0.24535522255213305,0.0,0.0,0.10137532978611936,0,-0.19158866947185135,1,0,0,1,0,1,1,0,1,0,0,0,0,0,0,1,0,1,0,1,0,0,0,1,0,1,0,1,0,1,0,1,0,1,1,0,0,1,0,0,1,0,1,0,1,0,2.854181136444731,-0.32201468829168933
0.2601385636573336,0.0,-0.37798343016244634,-0.869908696073317,0.0,0.0,-1.2201823075708103,1,-1.007153150914601,1,0,1,0,0,1,1,0,1,0,0,0,0,0,1,0,0,1,0,0,1,0,1,0,0,1,0,1,0,1,0,1,0,1,0,1,0,1,1,0,0,0,1,1,0,0,0.928922103598864,1.129373385860547
-0.5022946573269086,0.0,0.8893511012938778,0.5414890984678798,0.0,0.0,0.10137532978611936,0,1.0577154437854202,1,0,1,0,0,1,0,1,1,0,0,0,0,0,0,1,0,1,0,1,0,0,0,1,0,1,0,1,0,1,1,0,1,0,1,0,0,1,0,1,0,0,1,0,1,0,2.3759567644703257,-0.8261571084812134
-0.678240785246349,0.0,-0.9474408091893926,-0.09080483414810245,0.0,0.0,-1.2201823075708103,1,1.1925264104304742,1,0,1,0,0,1,1,0,1,0,0,0,0,0,0,1,0,1,0,0,1,0,1,0,0,1,1,0,1,0,0,1,0,1,0,1,0,1,1,0,0,0,1,1,0,0,0.063125423407828,1.3298614071602988
1.8436537149322982,0.0,0.5793276079284105,-1.9375899111105526,0.0,0.0,0.10137532978611936,0,-0.2602501555892081,1,0,0,1,0,1,1,0,1,0,0,0,0,0,0,1,1,0,0,0,0,1,1,0,1,0,1,0,1,0,1,0,1,0,1,0,1,0,0,1,0,1,0,1,0,0,0.7930310212294972,-1.7533496323604074
-0.20905111079450772,0.0,1.0067449345556971,0.5716956836265287,0.0,0.0,1.863452179595359,0,0.7118960076089771,1,0,1,0,1,0,1,0,1,0,0,0,0,0,1,0,0,1,0,0,1,0,1,0,0,1,1,0,1,0,1,0,1,0,1,0,0,1,1,0,0,1,0,1,0,0,0.35192123655427054,0.4337796937180253
-0.678240785246349,0.0,0.1129951984519022,0.65579761464225,0.0,0.0,-1.2201823075708103,1,-0.6655203907209235,1,0,1,0,1,0,1,0,1,0,0,0,0,0,1,0,0,1,0,1,0,0,1,0,1,0,1,0,1,0,1,0,1,0,1,0,0,1,1,0,0,1,0,1,0,0,-2.938037418548983,0.0792833009983252
1.433112749786937,0.0,-1.2665444885530117,-0.5576319593127251,0.0,0.0,0.10137532978611936,0,-1.5547703694603487,1,0,0,1,1,0,1,0,0,0,0,0,0,1,1,0,0,1,0,0,1,0,1,0,1,0,1,0,1,0,1,0,1,0,1,0,0,1,0,0,1,0,1,1,0,0,-2.8474738152602876,0.7561208854759549
0.9052743660286154,0.0,-1.004516264034918,0.5414890984678798,0.0,0.0,0.10137532978611936,1,0.7780454881366744,1,0,1,0,0,1,1,0,1,0,0,0,0,0,0,1,0,1,0,0,1,0,1,0,0,1,1,0,0,1,0,1,1,0,1,0,0,1,1,0,0,0,1,0,1,0,1.0755722851098775,0.6539685940973058
1.6677075870128577,0.0,0.36399748282938305,0.6287713610382961,0.0,0.0,-0.7796630951185004,1,-0.5106133793585943,1,0,0,1,0,1,1,0,1,0,0,0,0,0,0,1,0,1,0,0,1,0,1,0,1,0,1,0,1,0,1,0,1,0,1,0,0,1,1,0,0,1,0,1,0,0,-1.0977136173974376,0.7641938105609885
0.08419243573789313,0.0,0.34064843311985,-1.0914725668313427,0.0,0.0,-1.2201823075708103,1,0.685101281319277,1,0,1,0,1,0,1,0,0,0,0,1,0,0,0,1,0,1,0,0,1,0,1,0,1,0,0,1,1,0,0,1,0,1,0,1,0,1,1,0,0,0,1,0,1,0,1.4244042255430762,0.8286702661761902
-0.32634852940746806,0.0,0.5456012027924183,-1.9375899111105526,0.0,0.0,-1.2201823075708103,1,1.126376929902777,1,0,1,0,1,0,1,0,1,0,0,0,0,0,0,1,1,0,0,0,0,1,1,0,1,0,1,0,1,0,1,0,1,0,1,0,1,0,1,0,0,1,0,0,1,0,-1.299208187930887,-0.9389641835112476
1.081220493948056,0.0,-0.7716743516537407,0.14806693795787343,0.0,0.0,0.10137532978611936,0,1.1891770696442618,1,0,0,1,1,0,1,0,0,0,1,0,0,0,0,1,0,1,0,0,1,0,1,0,0,1,1,0,0,1,0,1,0,1,1,0,0,1,0,1,0,0,1,1,0,0,2.180611203013882,0.6125773311056864
0.6120308194962146,0.0,-1.4591741486566596,-0.5576319593127251,0.0,0.0,-0.7796630951185004,1,0.5151222364189912,1,0,1,0,1,0,1,0,0,0,1,0,0,0,1,0,0,1,1,0,0,0,1,0,0,1,1,0,1,0,0,1,0,1,0,1,0,1,1,0,0,0,1,1,0,0,0.2674356194425791,-1.3881298511439448
1.6677075870128577,0.0,-0.3235023141735358,-0.33606808855469933,0.0,0.0,-0.7796630951185004,1,0.6784025997468518,1,0,0,1,1,0,1,0,1,0,0,0,0,0,0,1,0,1,0,0,1,0,1,0,1,0,1,0,1,0,0,1,1,0,1,0,0,1,1,0,0,0,1,1,0,0,0.3194468259319568,0.7126889449444404
0.8466256567221353,0.0,0.13439849401897433,-1.9375899111105526,0.0,0.0,0.9824137546907391,0,-0.8572701507315906,1,0,1,0,1,0,1,0,1,0,0,0,0,0,1,0,1,0,0,0,0,1,1,0,1,0,1,0,1,0,1,0,1,0,1,0,1,0,0,1,0,1,0,0,0,1,-0.2616116571341368,-1.4793313409364177
-1.03013304108523,0.0,-0.8105894345029625,-1.9375899111105526,0.0,0.0,0.9824137546907391,0,1.4621483437205827,1,0,1,0,1,0,1,0,1,0,0,0,0,0,1,0,1,0,0,0,0,1,1,0,1,0,1,0,1,0,1,0,1,0,1,0,1,0,0,1,0,1,0,1,0,0,0.8626560331943177,-2.3026440756592335
-0.4436459480204284,0.0,0.6305658003465525,-1.9375899111105526,0.0,0.0,0.10137532978611936,0,-0.1363245464993447,1,0,1,0,1,0,1,0,0,1,0,0,0,0,0,1,1,0,0,0,0,1,1,0,1,0,1,0,1,0,1,0,1,0,1,0,1,0,0,1,0,1,0,1,0,0,1.3290286909609261,-2.074318401133974
-0.5022946573269086,0.0,1.4756716828888201,0.4772711516590301,0.0,0.0,-0.7796630951185004,1,-1.38395398936351,1,0,1,0,1,0,1,0,1,0,0,0,0,0,1,0,0,1,0,1,0,0,1,0,1,0,0,1,1,0,0,1,0,1,0,1,1,0,0,1,0,0,1,0,1,0,-0.8646888155753782,0.5847784214175517
-0.32634852940746806,0.0,1.7162966118398417,-1.9375899111105526,0.0,0.0,-0.7796630951185004,1,1.1397742930476271,1,0,1,0,1,0,1,0,0,0,0,0,0,1,1,0,1,0,0,0,0,1,1,0,1,0,1,0,1,0,1,0,1,0,1,0,1,0,1,0,0,0,1,0,1,0,-3.3780627891639754,-0.6786950036784796
0.8466256567221353,0.0,0.1006720888829821,0.6287713610382961,0.0,0.0,0.10137532978611936,1,-1.1361027711837832,1,0,1,0,1,0,1,0,0,0,0,0,0,1,1,0,0,1,0,0,1,0,1,0,1,0,0,1,1,0,1,0,0,1,0,1,0,1,1,0,0,0,1,0,0,1,-1.541300778939114,1.1854550401746788
-1.3820252969241111,0.0,1.5042094103115826,1.0597702031126737,0.0,0.0,0.10137532978611936,0,0.015233124076772023,0,1,1,0,1,0,1,0,0,0,1,0,0,0,0,1,0,1,0,0,1,0,0,1,1,0,0,1,1,0,0,1,0,1,0,1,0,1,0,1,0,1,0,1,0,0,2.8494074656189743,0.321586537859906
1.8436537149322982,0.0,-1.4591741486566596,0.40720749028027037,0.0,0.0,-0.7796630951185004,1,1.254489214975406,1,0,0,1,1,0,1,0,1,0,0,0,0,0,1,0,0,1,0,1,0,0,1,0,1,0,1,0,1,0,0,1,0,1,1,0,0,1,0,1,0,0,1,1,0,0,0.4448979057831842,-1.7575920958931177
-1.3233765876176309,0.0,1.6034428715770983,1.1346027292456944,0.0,0.0,-1.2201823075708103,1,0.4615327838395909,0,1,1,0,1,0,1,0,1,0,0,0,0,0,1,0,0,1,1,0,0,0,1,0,1,0,1,0,1,0,1,0,0,1,0,1,0,1,1,0,0,0,1,1,0,0,-2.5419167704020893,0.3455727147067642
-0.4436459480204284,0.0,0.2226060151438771,0.5414890984678798,0.0,0.0,-1.2201823075708103,1,-0.30462892100652406,1,0,1,0,1,0,1,0,1,0,0,0,0,0,1,0,0,1,0,0,1,0,1,0,1,0,0,1,1,0,1,0,0,1,0,1,0,1,1,0,0,1,0,1,0,0,-0.6070666256657489,0.9607698050213396
0.4947334008832543,0.0,-1.1413676387213478,-1.9375899111105526,0.0,0.0,1.863452179595359,0,1.1565209969786898,1,0,1,0,1,0,1,0,1,0,0,0,0,0,0,1,1,0,0,0,0,1,1,0,1,0,1,0,1,0,1,0,1,0,1,0,1,0,0,0,1,1,0,0,1,0,0.7467405818740064,-2.0448438191870197
-1.1474304596981904,0.0,1.651438140424472,-1.9375899111105526,0.0,0.0,0.9824137546907391,0,0.3995699792946592,0,1,1,0,0,1,0,1,1,0,0,0,0,0,1,0,1,0,0,0,0,1,1,0,1,0,1,0,1,0,1,0,1,0,1,0,1,0,0,1,0,1,0,1,0,0,1.179006625299428,-2.155175420439765
-1.4406740062305912,0.0,-0.8034550026472719,1.2654537340011538,0.0,0.0,0.9824137546907391,0,0.9915659632577228,0,1,1,0,1,0,0,1,1,0,0,0,0,0,1,0,0,1,0,1,0,0,1,0,1,0,1,0,0,1,0,1,0,1,0,1,0,1,0,1,0,0,1,0,1,0,0.965021652919451,-0.09197681137257441
1.6677075870128577,0.0,-0.4681367054298104,0.7071612569928716,0.0,0.0,-0.7796630951185004,1,-0.3029542506134178,1,0,0,1,0,1,0,1,0,0,0,0,0,1,1,0,0,1,0,0,1,0,1,0,1,0,1,0,1,0,1,0,1,0,1,0,0,1,1,0,0,0,1,0,0,1,-2.543159828342017,0.7937744102671118
-1.5579714248435517,0.0,-0.771025766939587,1.2654537340011538,0.0,0.0,-1.2201823075708103,1,0.0361665039906003,0,1,1,0,0,1,1,0,0,0,1,0,0,0,0,1,0,1,0,0,1,0,1,0,1,0,0,1,0,1,0,1,0,1,0,1,0,1,0,1,0,0,1,1,0,0,2.3102269179781163,0.43055303829183533
0.20148985435085345,0.0,-0.7690800127971258,0.5100492557245105,0.0,0.0,0.10137532978611936,1,0.793954856871184,1,0,1,0,1,0,1,0,0,0,0,0,0,1,1,0,0,1,0,1,0,0,1,0,0,1,1,0,1,0,0,1,0,1,0,1,0,1,1,0,0,0,1,1,0,0,-1.4948288268015641,0.5756876454354933
0.025543726431412957,0.0,0.5241979072253462,-1.9375899111105526,0.0,0.0,1.863452179595359,0,-0.045892345271606544,1,0,1,0,1,0,1,0,0,0,0,0,0,1,1,0,1,0,0,0,0,1,1,0,1,0,1,0,1,0,1,0,1,0,1,0,1,0,0,1,0,1,0,0,1,0,-1.8797947061744986,-0.9270363074528187
0.08419243573789313,0.0,-1.4591741486566596,0.36963080871589915,0.0,0.0,-1.2201823075708103,1,-0.5206614017172319,1,0,1,0,1,0,1,0,0,0,0,0,0,1,1,0,0,1,1,0,0,0,1,0,0,1,1,0,0,1,1,0,0,1,0,1,0,1,1,0,0,0,1,0,0,1,-3.6662487104701453,-0.006340240826158736
0.9639230753350957,0.0,1.1889972392328858,0.44303577337051536,0.0,0.0,0.9824137546907391,0,1.7091622267037563,1,0,1,0,1,0,1,0,0,0,1,0,0,0,1,0,0,1,0,0,1,0,0,1,0,1,1,0,0,1,1,0,0,1,0,1,0,1,1,0,0,0,1,0,1,0,2.2806119279285486,0.23538023513009912
1.081220493948056,0.0,-1.1335846221515038,0.6007621217270765,0.0,0.0,-1.2201823075708103,1,-0.4302292004894937,1,0,0,1,1,0,1,0,1,0,0,0,0,0,0,1,0,1,0,0,1,0,1,0,1,0,0,1,1,0,1,0,1,0,1,0,0,1,1,0,0,0,1,1,0,0,-0.7916770511106195,0.8043829048204452
-1.03013304108523,0.0,0.0922404875989841,0.9591705620964788,0.0,0.0,0.9824137546907391,0,0.3995699792946592,1,0,1,0,1,0,1,0,0,1,0,0,0,0,0,1,0,1,0,0,1,0,1,0,0,1,0,1,0,1,0,1,0,1,0,1,0,1,0,0,1,0,1,1,0,0,3.0285284270838067,0.34779677703036005
-0.03310498287506721,0.0,-0.38252352316152227,0.14806693795787343,0.0,0.0,1.863452179595359,0,1.7083248915072031,1,0,1,0,0,1,0,1,0,0,1,0,0,0,0,1,0,1,0,1,0,0,1,0,0,1,1,0,0,1,0,1,0,1,0,1,0,1,0,0,1,1,0,1,0,0,1.7632820566386462,-0.1701555108085184
1.6677075870128577,0.0,1.7772635749702892,0.7071612569928716,0.0,0.0,1.863452179595359,0,0.7772081529401214,1,0,0,1,1,0,1,0,1,0,0,0,0,0,1,0,0,1,0,1,0,0,1,0,0,1,1,0,1,0,0,1,1,0,1,0,0,1,1,0,0,0,1,1,0,0,-0.07580915866099994,0.05977726008277613
-0.5022946573269086,0.0,-0.651037594821153,0.14806693795787343,0.0,0.0,0.9824137546907391,0,-0.28955688746856767,1,0,1,0,1,0,1,0,1,0,0,0,0,0,1,0,0,1,0,1,0,0,1,0,1,0,1,0,1,0,1,0,1,0,1,0,0,1,1,0,0,1,0,0,1,0,-3.1173977804936124,0.06460742917179083
-0.26769982010098786,0.0,1.0249053065520004,-0.869908696073317,0.0,0.0,0.9824137546907391,0,-0.058452373219903514,1,0,1,0,0,1,1,0,0,1,0,0,0,0,0,1,0,1,0,0,1,0,0,1,0,1,0,1,1,0,0,1,1,0,1,0,0,1,0,0,1,0,1,0,1,0,3.0502338229800228,-0.08375775407612464
0.5533821101897345,0.0,0.2135258291457253,0.037855076107910814,0.0,0.0,-1.2201823075708103,1,-0.18656465829253258,1,0,1,0,0,1,1,0,0,0,0,0,1,0,0,1,0,1,1,0,0,0,0,1,1,0,0,1,1,0,0,1,1,0,1,0,0,1,1,0,0,1,0,1,0,0,0.6523259370376454,0.9777167557706478
1.1398692032545361,0.0,0.7979006565982063,0.44303577337051536,0.0,0.0,0.10137532978611936,0,1.7560529977107315,1,0,0,1,1,0,1,0,1,0,0,0,0,0,0,1,0,1,0,0,1,0,1,0,0,1,1,0,0,1,0,1,0,1,1,0,0,1,0,0,1,0,1,1,0,0,3.137825900039408,0.19885269614595663
0.9052743660286154,0.0,-1.1082898182995096,-1.9375899111105526,0.0,0.0,0.10137532978611936,0,0.443111409515422,1,0,1,0,1,0,1,0,1,0,0,0,0,0,0,1,1,0,0,0,0,1,1,0,1,0,1,0,1,0,1,0,1,0,1,0,1,0,1,0,0,1,0,0,1,0,-2.4422013112050007,-0.70714217517112
-0.7955382038593094,0.0,0.7473110488942183,0.33012629336122234,0.0,0.0,0.10137532978611936,0,1.0166860191543168,1,0,1,0,0,1,1,0,1,0,0,0,0,0,0,1,0,1,0,1,0,0,0,1,0,1,0,1,0,1,1,0,0,1,0,1,0,1,0,1,0,1,0,0,1,0,2.4255705400379868,-0.43116524594748373
0.8466256567221353,0.0,-1.0979124628730503,-1.9375899111105526,0.0,0.0,0.10137532978611936,1,-0.45786126197574706,1,0,1,0,1,0,1,0,0,0,0,1,0,0,0,1,1,0,0,0,0,1,1,0,1,0,1,0,1,0,1,0,1,0,1,0,1,0,0,1,0,1,0,1,0,0,-0.7297295291355383,-1.2207536036833495
1.785005005625818,0.0,0.402912565678605,0.28848538496648446,0.0,0.0,0.10137532978611936,1,1.1682436897304336,1,0,0,1,0,1,1,0,1,0,0,0,0,0,0,1,0,1,0,0,1,0,1,0,1,0,1,0,1,0,1,0,0,1,1,0,0,1,1,0,0,0,1,1,0,0,-0.602685736533061,0.9792352502379083
-1.5579714248435517,0.0,-0.8605304574927971,1.0597702031126737,0.0,0.0,-0.7796630951185004,1,-0.1388365520890041,0,1,1,0,0,1,1,0,0,0,1,0,0,0,0,1,0,1,0,0,1,0,1,0,0,1,1,0,1,0,0,1,0,1,0,1,0,1,1,0,0,1,0,1,0,0,2.3700617540433764,0.2542971906006445
-1.5579714248435517,0.0,-1.3612378568194512,1.120206624171783,0.0,0.0,1.863452179595359,0,0.4799541581637598,0,1,1,0,1,0,1,0,0,0,1,0,0,0,0,1,0,1,0,0,1,0,1,0,0,1,0,1,0,1,1,0,1,0,1,0,1,0,1,0,0,0,1,1,0,0,1.5125713159567749,-0.0264980110722305
-0.9128356224722697,0.0,-1.1595280107176515,0.36963080871589915,0.0,0.0,1.863452179595359,0,-0.7869339942211275,1,0,1,0,0,1,0,1,0,0,0,1,0,0,1,0,0,1,0,1,0,0,1,0,1,0,0,1,1,0,1,0,1,0,1,0,0,1,0,1,0,1,0,0,1,0,-0.0762457999753816,-0.5389559974501281
-1.03013304108523,0.0,-0.9266860983364742,-1.9375899111105526,0.0,0.0,1.863452179595359,0,0.9069951084058566,1,0,1,0,0,1,1,0,1,0,0,0,0,0,0,1,1,0,0,0,0,1,1,0,1,0,1,0,1,0,1,0,1,0,1,0,1,0,0,0,1,0,1,0,1,0,1.0236634440217105,-2.2048308480934424
-0.7368894945528293,0.0,0.33481117069246674,-1.9375899111105526,0.0,0.0,0.10137532978611936,0,-1.3471112407151722,1,0,1,0,1,0,1,0,1,0,0,0,0,0,1,0,1,0,0,0,0,1,1,0,1,0,1,0,1,0,1,0,1,0,1,0,1,0,0,0,1,1,0,0,1,0,-0.9669624667645171,-1.1994953342661145
1.4917614590934172,0.0,0.00014145818915898826,0.6287713610382961,0.0,0.0,-0.7796630951185004,1,-0.9359796592075849,1,0,0,1,1,0,1,0,0,0,0,0,0,1,1,0,0,1,0,0,1,0,1,0,1,0,1,0,1,0,1,0,1,0,1,0,1,0,1,0,0,0,1,1,0,0,-2.428008372985737,0.7754221074472536
-1.4993227155370714,0.0,-0.3371225931707635,0.9410480977988882,0.0,0.0,0.10137532978611936,0,1.2151344607374088,0,1,1,0,1,0,1,0,1,0,0,0,0,0,0,1,0,1,0,0,1,0,1,0,1,0,1,0,1,0,1,0,1,0,1,0,0,1,1,0,0,0,1,1,0,0,-0.5697007528041378,0.5826548636945
-0.6195920759398689,0.0,-0.7230304980922134,-0.1642097988027183,0.0,0.0,-1.2201823075708103,1,1.1397742930476271,1,0,1,0,1,0,1,0,1,0,0,0,0,0,1,0,0,1,0,1,0,0,0,1,1,0,1,0,1,0,1,0,1,0,1,0,0,1,1,0,0,0,1,0,1,0,-3.0645054806157233,0.1553852479140069
1.374464040480457,0.0,-1.1614737648601126,-0.5576319593127251,0.0,0.0,0.10137532978611936,0,-1.913987168781642,1,0,0,1,0,1,1,0,1,0,0,0,0,0,0,1,0,1,0,0,1,0,1,0,0,1,1,0,0,1,0,1,1,0,1,0,0,1,0,1,0,0,1,1,0,0,1.5288582793044818,0.37453595168473847
1.2571666218674964,0.0,-0.9908959850376904,0.65579761464225,0.0,0.0,-1.2201823075708103,1,-0.8849022122178439,1,0,0,1,1,0,1,0,0,0,0,0,1,0,0,1,0,1,0,0,1,0,0,1,1,0,1,0,1,0,0,1,0,1,1,0,0,1,1,0,0,0,1,1,0,0,0.18722982103670155,1.2433561024629518
-1.0887817503917103,0.0,0.31600221398200956,1.2654537340011538,0.0,0.0,0.10137532978611936,0,-1.780013537333141,0,1,1,0,0,1,0,1,1,0,0,0,0,0,1,0,0,1,0,1,0,0,0,1,1,0,1,0,0,1,1,0,1,0,1,0,0,1,1,0,0,1,0,1,0,0,0.35451153303332916,-0.33522717369873584
1.0225717846415758,0.0,1.4341622611829834,0.7071612569928716,0.0,0.0,0.10137532978611936,0,1.5023404331551329,1,0,0,1,0,1,1,0,1,0,0,0,0,0,0,1,0,1,0,0,1,0,1,0,0,1,1,0,1,0,0,1,0,1,0,1,0,1,0,0,1,1,0,1,0,0,3.062148508928408,-0.07168599285455912
1.3158153311739766,0.0,0.6954242717619223,-0.1642097988027183,0.0,0.0,-1.2201823075708103,1,-1.8712830737574324,1,0,0,1,1,0,1,0,0,0,0,1,0,0,1,0,0,1,0,0,1,0,1,0,0,1,1,0,1,0,1,0,1,0,1,0,0,1,1,0,0,0,1,1,0,0,1.1435222113028236,0.05690397930073132
1.8436537149322982,0.0,0.918537413430794,-0.1642097988027183,0.0,0.0,1.863452179595359,0,0.08640661578378817,1,0,0,1,0,1,1,0,1,0,0,0,0,0,0,1,0,1,0,0,1,0,1,0,0,1,1,0,1,0,1,0,0,1,1,0,0,1,0,1,0,0,1,1,0,0,2.3995590366930126,-0.013505091317144693
-0.6195920759398689,0.0,-0.6153654355426996,-0.6980504063213363,0.0,0.0,-1.2201823075708103,1,-1.7013040288571468,1,0,1,0,1,0,1,0,0,0,0,0,0,1,1,0,0,1,1,0,0,0,1,0,1,0,1,0,1,0,1,0,0,1,0,1,0,1,1,0,0,0,1,1,0,0,-2.8829323804621754,0.3541754170063242
0.2601385636573336,0.0,0.5216035683687315,0.6287713610382961,0.0,0.0,0.10137532978611936,0,-0.22340740694087033,1,0,1,0,1,0,1,0,0,0,0,0,0,1,1,0,0,1,0,0,1,0,1,0,1,0,1,0,1,0,1,0,1,0,1,0,0,1,1,0,0,1,0,0,1,0,-0.7861439029946746,0.5660509367193944
0.7879769474156552,0.0,-0.5946107246897813,0.36963080871589915,0.0,0.0,-1.2201823075708103,1,-0.7174351729072177,1,0,1,0,0,1,1,0,0,0,0,0,1,0,1,0,0,1,0,0,1,0,1,0,1,0,1,0,1,0,0,1,1,0,1,0,1,0,1,0,0,0,1,1,0,0,-0.22785543455620674,0.6761934454151673
-1.03013304108523,0.0,1.062523219972915,0.7071612569928716,0.0,0.0,-1.2201823075708103,1,0.15339343150803866,1,0,1,0,1,0,1,0,1,0,0,0,0,0,1,0,0,1,0,0,1,0,0,1,1,0,1,0,1,0,1,0,1,0,1,0,0,1,1,0,0,0,1,1,0,0,-0.09211961839488768,0.5141186407844657
1.5504101683998974,0.0,-1.0369454997426029,-0.023791351794107286,0.0,0.0,-0.7796630951185004,1,-1.275100413811603,1,0,0,1,1,0,1,0,1,0,0,0,0,0,1,0,0,1,0,0,1,0,1,0,0,1,1,0,1,0,1,0,1,0,1,0,0,1,1,0,0,0,1,1,0,0,-1.9881459757937598,0.8214061159025678
1.7263562963193377,0.0,0.9665326822781677,0.24446373527230422,0.0,0.0,0.9824137546907391,0,1.1431236338338395,1,0,0,1,1,0,1,0,1,0,0,0,0,0,0,1,0,1,0,0,1,0,1,0,1,0,1,0,1,0,0,1,0,1,1,0,0,1,1,0,0,0,1,1,0,0,1.0202792159557794,0.9163561935411503
-0.32634852940746806,0.0,-0.3325825001716876,0.19777251896391848,0.0,0.0,0.10137532978611936,0,-0.8924382289868221,1,0,1,0,0,1,0,1,1,0,0,0,0,0,0,1,0,1,0,1,0,0,0,1,0,1,1,0,0,1,1,0,1,0,1,0,0,1,1,0,0,1,0,0,1,0,-1.243088978410274,0.4186885754951068
0.4947334008832543,0.0,0.9237260911440239,0.33012629336122234,0.0,0.0,1.863452179595359,0,-1.767453509384844,1,0,1,0,0,1,0,1,0,0,0,1,0,0,1,0,0,1,1,0,0,0,1,0,1,0,0,1,0,1,0,1,1,0,1,0,0,1,0,1,0,0,1,1,0,0,0.9390638390184951,-0.19678048080408025
0.6120308194962146,0.0,1.6488438015678573,0.5716956836265287,0.0,0.0,-1.2201823075708103,1,-1.1955535701390556,1,0,1,0,1,0,1,0,0,0,0,0,0,1,1,0,0,1,0,0,1,0,1,0,1,0,1,0,1,0,0,1,0,1,0,1,0,1,1,0,0,0,1,1,0,0,-0.30234055379198155,1.1231982573450536
0.9639230753350957,0.0,1.118301505390133,0.4772711516590301,0.0,0.0,-1.2201823075708103,1,0.28318038697377396,1,0,1,0,0,1,1,0,1,0,0,0,0,0,0,1,0,1,0,0,1,0,1,0,1,0,0,1,1,0,0,1,0,1,0,1,0,1,1,0,0,0,1,1,0,0,1.5813365742153302,0.853654311450578
-0.7955382038593094,0.0,1.0313911536935374,0.5100492557245105,0.0,0.0,0.9824137546907391,0,1.0928835220406516,1,0,1,0,1,0,1,0,0,0,0,0,1,0,0,1,0,1,0,1,0,0,0,1,1,0,0,1,1,0,0,1,0,1,0,1,1,0,1,0,0,0,1,1,0,0,0.18190031214244953,0.6156452770962906
1.8436537149322982,0.0,-1.149799240005346,0.28848538496648446,0.0,0.0,-1.2201823075708103,1,-1.6862319953191904,1,0,0,1,0,1,1,0,1,0,0,0,0,0,0,1,0,1,0,0,1,0,1,0,1,0,0,1,1,0,0,1,1,0,1,0,0,1,1,0,0,1,0,1,0,0,0.4689211430122504,0.7642813530814061
-1.2647278783111506,0.0,0.777794530459442,1.0276751759851788,0.0,0.0,0.10137532978611936,1,-0.18154064711321377,0,1,1,0,1,0,1,0,0,0,0,0,0,1,0,1,0,1,0,0,1,0,1,0,1,0,1,0,1,0,0,1,1,0,0,1,0,1,1,0,0,0,1,1,0,0,-0.6121166725672545,1.0244250107690003
-0.9128356224722697,0.0,1.4776174370312811,0.6287713610382961,0.0,0.0,1.863452179595359,0,1.0392940694612514,1,0,1,0,1,0,1,0,0,0,0,1,0,0,0,1,0,1,1,0,0,0,1,0,1,0,1,0,0,1,0,1,1,0,1,0,0,1,1,0,0,1,0,0,1,0,1.16483980351935,-0.2654142625722949
1.9023024242387783,0.0,-0.5615329042679428,0.33012629336122234,0.0,0.0,-0.7796630951185004,1,0.08138260460446937,1,0,0,1,0,1,1,0,1,0,0,0,0,0,0,1,0,1,1,0,0,0,1,0,1,0,0,1,0,1,0,1,0,1,1,0,1,0,0,1,0,0,1,1,0,0,1.9873813908987377,0.786145627459639
-0.9714843317787499,0.0,-1.4591741486566596,0.4772711516590301,0.0,0.0,-0.7796630951185004,1,1.3976735335859916,1,0,1,0,0,1,1,0,1,0,0,0,0,0,1,0,0,1,0,1,0,0,1,0,0,1,0,1,1,0,1,0,1,0,1,0,0,1,0,1,0,1,0,0,0,1,-0.549502156849096,-1.582719275591891
1.374464040480457,0.0,0.5935964716397918,0.19777251896391848,0.0,0.0,-1.2201823075708103,1,-1.1210307376458268,1,0,0,1,0,1,1,0,0,0,0,1,0,0,0,1,0,1,0,0,1,0,1,0,1,0,1,0,1,0,1,0,0,1,1,0,0,1,1,0,0,0,1,1,0,0,1.5049518190536575,0.2520791513013624
-0.9128356224722697,0.0,1.0255538912661544,0.6007621217270765,0.0,0.0,-0.7796630951185004,1,-1.8068082636228413,1,0,1,0,1,0,1,0,1,0,0,0,0,0,1,0,0,1,1,0,0,0,1,0,1,0,1,0,1,0,1,0,1,0,1,0,0,1,1,0,0,0,1,0,1,0,-2.808090106935864,0.06750095878330287
-0.5609433666333887,0.0,0.21482299857403267,-0.33606808855469933,0.0,0.0,1.863452179595359,0,0.49418885650516303,1,0,1,0,1,0,1,0,1,0,0,0,0,0,0,1,0,1,1,0,0,0,1,0,1,0,1,0,0,1,1,0,1,0,1,0,0,1,1,0,0,0,1,0,1,0,-2.1079627438132738,0.2499281129850666
-1.1474304596981904,0.0,1.4834546994586644,-1.9375899111105526,0.0,0.0,1.863452179595359,0,0.29322840933241157,0,1,1,0,1,0,1,0,1,0,0,0,0,0,1,0,1,0,0,0,0,1,1,0,1,0,1,0,1,0,1,0,1,0,1,0,1,0,1,0,0,1,0,0,1,0,-2.231508256952154,-0.7985326347818811
-1.6166201341500317,0.0,-1.4591741486566596,1.2157481529951086,0.0,0.0,-0.7796630951185004,1,0.2547109902909675,0,1,1,0,1,0,1,0,1,0,0,0,0,0,1,0,0,1,0,1,0,0,1,0,0,1,1,0,1,0,0,1,0,1,0,1,0,1,1,0,0,0,1,0,0,1,-2.269273051689915,-0.08698327049638387
0.9052743660286154,0.0,1.417947643329141,0.40720749028027037,0.0,0.0,1.863452179595359,0,-0.5633654967414415,1,0,1,0,1,0,1,0,1,0,0,0,0,0,1,0,0,1,0,0,1,0,1,0,1,0,0,1,1,0,1,0,0,1,0,1,0,1,1,0,0,1,0,1,0,0,-0.8520419753317303,1.1043643757441441
-1.6166201341500317,0.0,-0.05044814951482947,1.120206624171783,0.0,0.0,-0.7796630951185004,1,-1.019713178862898,0,1,1,0,1,0,1,0,0,0,0,0,0,1,1,0,0,1,0,0,1,0,1,0,1,0,1,0,1,0,1,0,0,1,0,1,0,1,1,0,0,0,1,1,0,0,-2.2920627694696303,1.0659272638624069
0.20148985435085345,0.0,0.4684196218081283,-0.023791351794107286,0.0,0.0,1.863452179595359,0,0.6951493036779145,1,0,1,0,1,0,1,0,1,0,0,0,0,0,1,0,0,1,0,0,1,0,1,0,0,1,0,1,0,1,1,0,1,0,1,0,0,1,0,1,0,0,1,1,0,0,1.042599297940877,0.502578157533063
0.20148985435085345,0.0,0.26800694513463585,-1.9375899111105526,0.0,0.0,0.10137532978611936,1,0.6348611695260891,1,0,1,0,1,0,1,0,1,0,0,0,0,0,1,0,1,0,0,0,0,1,1,0,1,0,1,0,1,0,1,0,1,0,1,0,1,0,0,0,1,1,0,0,1,0,0.8165656285208757,-2.0939004340711738
0.9639230753350957,0.0,0.6727238067665428,0.28848538496648446,0.0,0.0,0.10137532978611936,1,1.2595132261547248,1,0,1,0,1,0,1,0,0,0,0,0,1,0,0,1,0,1,0,0,1,0,0,1,0,1,1,0,1,0,1,0,0,1,0,1,1,0,1,0,0,0,1,1,0,0,0.8656144189770103,0.9524800568569549
-0.8541869131657895,0.0,1.6151173964318648,0.6819075454764912,0.0,0.0,-0.7796630951185004,1,0.5561516610500947,1,0,1,0,0,1,1,0,0,0,1,0,0,0,1,0,0,1,1,0,0,0,1,0,0,1,1,0,1,0,0,1,0,1,0,1,0,1,0,1,0,0,1,1,0,0,2.663162810884858,0.058089615734249506
0.20148985435085345,0.0,-0.0523939036572904,0.65579761464225,0.0,0.0,-0.7796630951185004,1,-1.159548156687271,1,0,1,0,1,0,0,1,0,0,0,1,0,0,0,1,0,1,0,0,1,0,1,0,0,1,0,1,1,0,0,1,0,1,0,1,0,1,1,0,0,0,1,1,0,0,1.6943912534703083,0.9508286114957357
0.3187872729638138,0.0,0.010518813615618152,0.6287713610382961,0.0,0.0,-1.2201823075708103,1,1.6153806846898056,1,0,1,0,1,0,1,0,1,0,0,0,0,0,0,1,0,1,0,0,1,0,0,1,0,1,0,1,0,1,0,1,0,1,0,1,0,1,0,1,0,0,1,1,0,0,3.0839544962156977,0.6204361577075583
-0.7955382038593094,0.0,0.5365210167942666,-0.09080483414810245,0.0,0.0,1.863452179595359,0,0.628162487953664,1,0,1,0,1,0,1,0,1,0,0,0,0,0,0,1,0,1,0,0,1,0,1,0,1,0,1,0,0,1,0,1,1,0,1,0,1,0,0,0,1,0,1,0,1,0,2.396827949029966,-0.002021953775769859
-1.5579714248435517,0.0,0.6973700259043835,1.120206624171783,0.0,0.0,0.10137532978611936,1,-0.1798659767201075,0,1,1,0,0,1,1,0,0,0,1,0,0,0,1,0,0,1,0,0,1,0,1,0,0,1,0,1,1,0,0,1,1,0,0,1,0,1,0,1,0,1,0,1,0,0,2.5127138785369256,-0.04633382956985556
-1.03013304108523,0.0,1.2908250393550162,1.2654537340011538,0.0,0.0,0.10137532978611936,0,0.8693150245609658,1,0,1,0,1,0,1,0,0,0,1,0,0,0,0,1,0,1,0,0,1,0,0,1,0,1,0,1,1,0,0,1,0,1,0,1,0,1,0,1,0,0,1,1,0,0,2.8833705355765376,0.43361807948498887
0.5533821101897345,0.0,1.1208958442467478,-1.9375899111105526,0.0,0.0,0.10137532978611936,0,0.46739413021546283,1,0,1,0,0,1,1,0,0,1,0,0,0,0,0,1,1,0,0,0,0,1,1,0,1,0,1,0,1,0,1,0,1,0,1,0,1,0,0,0,1,1,0,1,0,0,1.447999152081796,-2.1701869460669396
0.20148985435085345,0.0,-0.672440890388225,0.36963080871589915,0.0,0.0,-1.2201823075708103,1,0.18604950417361077,1,0,1,0,1,0,1,0,0,0,0,0,0,1,1,0,0,1,0,0,1,0,1,0,1,0,1,0,1,0,1,0,1,0,1,0,0,1,1,0,0,0,1,1,0,0,-2.604525339245405,0.7732985418463937
0.43608469157677415,0.0,1.5476645861598803,-0.6980504063213363,0.0,0.0,-0.7796630951185004,1,0.44059940392576263,1,0,1,0,1,0,1,0,0,0,0,0,0,1,1,0,0,1,0,0,1,0,1,0,0,1,1,0,1,0,0,1,1,0,1,0,0,1,1,0,0,1,0,1,0,0,-1.0848567735898775,1.0703962262578397
-0.15040240148802755,0.0,0.05462257417806954,0.24446373527230422,0.0,0.0,0.10137532978611936,0,-0.6931524522071769,1,0,1,0,1,0,1,0,1,0,0,0,0,0,1,0,0,1,0,1,0,0,1,0,1,0,1,0,1,0,1,0,1,0,1,0,0,1,1,0,0,1,0,0,1,0,-2.978046359823073,0.041828955868194476
-1.4993227155370714,0.0,-0.5135376354205692,1.2654537340011538,0.0,0.0,-1.2201823075708103,1,0.6432345214916203,0,1,1,0,1,0,1,0,1,0,0,0,0,0,1,0,0,1,0,1,0,0,1,0,1,0,1,0,1,0,0,1,1,0,1,0,0,1,1,0,0,0,1,0,0,1,-2.8976822912690317,0.30039474214307604
-0.5022946573269086,0.0,-1.4591741486566596,-0.5576319593127251,0.0,0.0,-0.7796630951185004,1,-1.0105024917008136,1,0,1,0,1,0,1,0,1,0,0,0,0,0,1,0,0,1,0,1,0,0,1,0,1,0,0,1,1,0,0,1,1,0,1,0,0,1,0,1,0,0,1,1,0,0,-1.9757856161040892,-0.5336357367968423
-0.678240785246349,0.0,-0.730164929947904,0.24446373527230422,0.0,0.0,-1.2201823075708103,1,-1.3923273413290413,1,0,1,0,0,1,1,0,1,0,0,0,0,0,1,0,0,1,0,0,1,0,1,0,1,0,1,0,1,0,1,0,1,0,1,0,0,1,1,0,0,0,1,1,0,0,0.676468179230081,0.0028151391702735534
0.5533821101897345,0.0,-0.2748584606120085,0.33012629336122234,0.0,0.0,-1.2201823075708103,1,-0.01658561339224696,1,0,1,0,0,1,1,0,1,0,0,0,0,0,1,0,0,1,0,0,1,0,0,1,1,0,1,0,0,1,1,0,1,0,1,0,0,1,1,0,0,1,0,1,0,0,-0.12688191264268409,0.7090031084143233
-1.3233765876176309,0.0,-0.6315800533965421,1.0597702031126737,0.0,0.0,-1.2201823075708103,1,-1.192204229352843,0,1,1,0,1,0,1,0,0,0,0,0,1,0,0,1,0,1,0,0,1,0,1,0,0,1,1,0,1,0,1,0,1,0,0,1,0,1,1,0,0,0,1,1,0,0,0.5698448604554694,0.5133044411735529
0.43608469157677415,0.0,-0.7081130496666783,0.19777251896391848,0.0,0.0,0.10137532978611936,1,0.998264644830148,1,0,1,0,1,0,1,0,1,0,0,0,0,0,0,1,0,1,0,0,1,0,1,0,1,0,1,0,1,0,1,0,1,0,1,0,0,1,1,0,0,0,1,1,0,0,-2.5070633083538203,0.9363744952836723
1.785005005625818,0.0,0.34324277197646474,-0.09080483414810245,0.0,0.0,1.863452179595359,0,1.7560529977107315,1,0,0,1,0,1,1,0,0,1,0,0,0,0,0,1,0,1,0,0,1,0,1,0,0,1,0,1,1,0,0,1,0,1,1,0,0,1,0,1,0,1,0,0,1,0,3.081066859443275,0.12317437639561395
1.9023024242387783,0.0,-1.4591741486566596,0.33012629336122234,0.0,0.0,-1.2201823075708103,1,-1.8964031296540262,1,0,0,1,0,1,0,1,1,0,0,0,0,0,1,0,0,1,1,0,0,0,0,1,1,0,1,0,1,0,1,0,0,1,1,0,0,1,1,0,0,1,0,0,0,1,-1.3747414064775778,-0.857263744895838
0.6706795288026948,0.0,0.9165916592883333,-1.9375899111105526,0.0,0.0,0.10137532978611936,1,-0.8162407261004871,1,0,1,0,1,0,1,0,0,0,0,0,0,1,1,0,1,0,0,0,0,1,1,0,1,0,1,0,1,0,1,0,1,0,1,0,1,0,1,0,0,0,1,0,1,0,-3.4783071965536605,-0.6592507265867525
-1.1474304596981904,0.0,0.4697167912364356,1.2157481529951086,0.0,0.0,1.863452179595359,0,0.2622470070599457,0,1,1,0,1,0,1,0,1,0,0,0,0,0,0,1,0,1,0,1,0,0,1,0,1,0,1,0,1,0,1,0,1,0,1,0,0,1,1,0,0,1,0,1,0,0,-1.8890792203443725,0.09810697069573533
1.6677075870128577,0.0,1.1637024353808916,0.5716956836265287,0.0,0.0,-0.7796630951185004,1,1.2628625669409375,1,0,0,1,0,1,1,0,1,0,0,0,0,0,1,0,0,1,0,0,1,0,1,0,0,1,1,0,1,0,1,0,0,1,1,0,0,1,1,0,0,0,1,1,0,0,-0.4618637436395528,0.9690051269652261
0.5533821101897345,0.0,-1.05575445645306,0.6007621217270765,0.0,0.0,0.9824137546907391,0,1.2553265501719593,1,0,1,0,0,1,1,0,0,1,0,0,0,0,0,1,0,1,0,1,0,0,0,1,1,0,0,1,0,1,0,1,0,1,0,1,0,1,0,0,1,0,1,0,1,0,2.225584062062331,-0.4024627585869829
-0.09175369218154737,0.0,-0.5316980074168727,-1.0914725668313427,0.0,0.0,0.10137532978611936,1,-1.0431585643663857,1,0,1,0,0,1,1,0,0,0,0,0,0,1,1,0,0,1,0,0,1,0,1,0,1,0,0,1,0,1,1,0,1,0,1,0,0,1,1,0,0,0,1,0,0,1,-1.1793975143700204,0.9261970766218358
0.729328238109175,0.0,-0.3922522938738279,0.5100492557245105,0.0,0.0,-0.7796630951185004,1,-0.30211691541686464,1,0,1,0,1,0,1,0,1,0,0,0,0,0,0,1,0,1,1,0,0,0,1,0,0,1,0,1,0,1,0,1,0,1,0,1,0,1,1,0,0,0,1,0,0,1,0.4868292067323532,1.6421367296668803
-0.5022946573269086,0.0,-1.0940209545881283,0.6007621217270765,0.0,0.0,-1.2201823075708103,1,1.0485047566233359,1,0,1,0,1,0,1,0,1,0,0,0,0,0,0,1,0,1,0,0,1,0,1,0,1,0,1,0,1,0,1,0,1,0,1,0,0,1,1,0,0,0,1,1,0,0,-0.5621746093710945,0.5440780273544369
1.8436537149322982,0.0,-0.7671342586546648,0.28848538496648446,0.0,0.0,-1.2201823075708103,1,-1.3998633580980195,1,0,0,1,1,0,1,0,1,0,0,0,0,0,1,0,0,1,0,1,0,0,0,1,1,0,0,1,1,0,1,0,0,1,1,0,0,1,0,1,0,1,0,0,1,0,1.1866831335963186,-0.5765764781323575
1.6090588777063775,0.0,1.1643510200950455,0.6819075454764912,0.0,0.0,-1.2201823075708103,1,1.3231507010927628,1,0,0,1,1,0,1,0,0,0,0,0,0,1,0,1,0,1,0,0,1,0,1,0,1,0,0,1,1,0,0,1,0,1,1,0,0,1,1,0,0,0,1,1,0,0,0.08567766588538661,1.3949344376272086
0.2601385636573336,0.0,0.21936309157310857,-0.1642097988027183,0.0,0.0,-1.2201823075708103,1,0.40626866086708424,1,0,1,0,0,1,1,0,1,0,0,0,0,0,0,1,0,1,0,0,1,0,0,1,1,0,0,1,1,0,0,1,0,1,0,1,0,1,1,0,0,0,1,1,0,0,-1.8567470658534473,1.7427108736329573
0.43608469157677415,0.0,0.14477584944543348,-0.6980504063213363,0.0,0.0,-1.2201823075708103,1,1.3164520195203377,1,0,1,0,1,0,1,0,1,0,0,0,0,0,0,1,0,1,0,0,1,0,1,0,0,1,0,1,1,0,0,1,0,1,0,1,0,1,0,1,0,0,1,0,1,0,2.2805395791903966,0.647737075183469
1.0225717846415758,0.0,1.7513201864041414,0.5100492557245105,0.0,0.0,-0.7796630951185004,1,0.915368460371388,1,0,0,1,1,0,1,0,0,0,0,0,0,1,0,1,0,1,0,0,1,0,1,0,1,0,1,0,1,0,0,1,0,1,0,1,0,1,1,0,0,0,1,1,0,0,-0.5577655963277988,1.3311072163870983
0.9639230753350957,0.0,1.316768427921164,-1.9375899111105526,0.0,0.0,0.10137532978611936,0,-0.7073871505485801,1,0,1,0,1,0,1,0,1,0,0,0,0,0,1,0,1,0,0,0,0,1,1,0,1,0,1,0,1,0,1,0,1,0,1,0,1,0,0,0,1,0,1,0,1,0,0.14787291422777932,-1.578991997529425
0.9052743660286154,0.0,-0.9883016461810755,-0.1642097988027183,0.0,0.0,-0.7796630951185004,1,1.0778114885026955,1,0,1,0,1,0,1,0,1,0,0,0,0,0,1,0,0,1,1,0,0,0,1,0,1,0,0,1,1,0,1,0,1,0,1,0,0,1,1,0,0,1,0,1,0,0,-2.5798934558747444,0.9552822990773835
1.785005005625818,0.0,-0.664009289104227,-0.869908696073317,0.0,0.0,0.10137532978611936,0,0.5343809459397133,1,0,0,1,0,1,1,0,0,1,0,0,0,0,1,0,0,1,0,0,1,0,0,1,0,1,0,1,0,1,0,1,1,0,1,0,0,1,0,0,1,0,1,1,0,0,2.7806120005952786,-0.03582241982403585
-0.15040240148802755,0.0,-1.4591741486566596,0.6287713610382961,0.0,0.0,0.9824137546907391,0,-1.8336029899125414,1,0,1,0,1,0,1,0,1,0,0,0,0,0,1,0,0,1,0,1,0,0,0,1,0,1,0,1,0,1,0,1,1,0,1,0,0,1,0,0,1,1,0,0,1,0,-1.3011396327024303,-0.2945094086538047
-0.9714843317787499,0.0,1.7824522526835187,0.6007621217270765,0.0,0.0,-1.2201823075708103,1,0.06714790626306615,1,0,1,0,1,0,1,0,0,0,1,0,0,0,1,0,0,1,0,0,1,0,0,1,0,1,1,0,0,1,0,1,0,1,0,1,0,1,0,1,0,0,1,0,1,0,2.657716252658608,0.5084879720540352
-0.09175369218154737,0.0,-1.4591741486566596,-0.5576319593127251,0.0,0.0,-1.2201823075708103,1,0.8877363988851347,1,0,1,0,1,0,1,0,0,0,0,0,0,1,1,0,0,1,0,1,0,0,1,0,1,0,1,0,1,0,1,0,1,0,1,0,0,1,1,0,0,0,1,1,0,0,-4.243516556264382,-0.5434890555595726
0.9052743660286154,0.0,0.3374055095490815,0.65579761464225,0.0,0.0,-1.2201823075708103,1,1.280446606068553,1,0,1,0,1,0,1,0,1,0,0,0,0,0,0,1,0,1,0,0,1,0,0,1,0,1,1,0,0,1,0,1,0,1,0,1,0,1,0,0,1,0,1,1,0,0,2.4455420456164947,0.7115610851791755
-1.5579714248435517,0.0,-0.5122404659922618,1.2654537340011538,0.0,0.0,-1.2201823075708103,1,0.07468392303204432,0,1,1,0,1,0,0,1,0,0,0,0,0,1,0,1,0,1,0,0,1,0,1,0,1,0,1,0,1,0,1,0,1,0,0,1,0,1,1,0,0,0,1,1,0,0,-1.5342338301918168,0.7850719155345431
0.4947334008832543,0.0,-0.5304008379885653,-0.6980504063213363,0.0,0.0,0.10137532978611936,0,-1.3353885479634284,1,0,1,0,0,1,1,0,0,0,0,0,1,0,0,1,0,1,0,1,0,0,0,1,1,0,1,0,1,0,1,0,0,1,0,1,0,1,1,0,0,0,1,1,0,0,-0.27717594950275204,0.22486312074396833
1.1985179125610164,0.0,-0.029044853947757337,0.28848538496648446,0.0,0.0,1.863452179595359,0,-0.1740046303442356,1,0,0,1,0,1,1,0,1,0,0,0,0,0,1,0,0,1,0,0,1,0,1,0,1,0,0,1,0,1,0,1,0,1,0,1,0,1,0,1,0,0,1,1,0,0,2.358452749207801,0.3127645998682789
-0.7955382038593094,0.0,-0.9221460053373984,-0.5576319593127251,0.0,0.0,0.10137532978611936,0,1.7761490424280066,1,0,1,0,0,1,1,0,0,1,0,0,0,0,0,1,0,1,0,1,0,0,0,1,1,0,0,1,0,1,1,0,0,1,0,1,0,1,0,0,1,0,1,0,1,0,2.224940877157952,-0.7459857904698537
0.8466256567221353,0.0,0.6182426907776325,-1.9375899111105526,0.0,0.0,-0.7796630951185004,1,1.0895341812544392,1,0,1,0,1,0,1,0,1,0,0,0,0,0,1,0,1,0,0,0,0,1,1,0,1,0,1,0,1,0,1,0,1,0,1,0,1,0,1,0,0,1,0,0,0,1,-3.021369115806607,-0.704459268971913
-1.6166201341500317,0.0,-0.05109673422898303,1.0438898632431284,0.0,0.0,0.10137532978611936,1,-1.0716279610491921,0,1,1,0,0,1,1,0,0,0,0,0,1,0,0,1,0,1,0,0,1,0,1,0,1,0,0,1,1,0,1,0,0,1,0,1,1,0,1,0,0,1,0,0,1,0,0.6898561832932405,0.7828724880214635
1.3158153311739766,0.0,0.6364030627739361,0.6287713610382961,0.0,0.0,-1.2201823075708103,1,-1.0942360113561267,1,0,0,1,0,1,1,0,0,0,0,0,0,1,0,1,0,1,0,0,1,0,1,0,1,0,1,0,1,0,0,1,0,1,1,0,0,1,1,0,0,0,1,1,0,0,-0.9988676810411318,1.3901810890745157
0.37743598227029396,0.0,0.28162722413186353,-1.9375899111105526,0.0,0.0,0.9824137546907391,0,-1.4191220676187415,1,0,1,0,0,1,0,1,1,0,0,0,0,0,1,0,1,0,0,0,0,1,1,0,1,0,1,0,1,0,1,0,1,0,1,0,1,0,0,0,1,0,1,0,1,0,0.09440487775913492,-1.633793572712605
0.20148985435085345,0.0,1.5022636561691214,0.65579761464225,0.0,0.0,0.10137532978611936,1,0.8718270301506251,1,0,1,0,1,0,1,0,0,0,0,0,0,1,1,0,0,1,0,0,1,0,1,0,1,0,1,0,1,0,1,0,1,0,1,0,0,1,1,0,0,0,1,1,0,0,-2.2696754736893316,0.7832465550323942
1.5504101683998974,0.0,1.6300348448574002,0.6007621217270765,0.0,0.0,-1.2201823075708103,1,-0.07854841793717866,1,0,0,1,1,0,1,0,1,0,0,0,0,0,0,1,0,1,0,0,1,0,0,1,0,1,1,0,1,0,1,0,0,1,1,0,1,0,1,0,0,0,1,1,0,0,1.357123619988258,0.7915985069505913
0.2601385636573336,0.0,0.3361083401207741,0.6007621217270765,0.0,0.0,0.9824137546907391,0,0.5461036386914572,1,0,1,0,1,0,1,0,1,0,0,0,0,0,1,0,0,1,0,1,0,0,0,1,1,0,1,0,0,1,1,0,1,0,1,0,1,0,0,1,0,1,0,0,1,0,-0.22702511673903444,-0.09305034911565134
-1.2060791690046706,0.0,0.8731364834400355,0.9591705620964788,0.0,0.0,-1.2201823075708103,1,-1.395676682115254,0,1,1,0,1,0,1,0,0,0,0,0,1,0,0,1,0,1,0,0,1,0,1,0,1,0,1,0,1,0,1,0,0,1,0,1,0,1,1,0,0,0,1,1,0,0,0.2785862079106285,0.787192491076501
1.5504101683998974,0.0,1.6760843595623127,0.40720749028027037,0.0,0.0,-1.2201823075708103,1,-1.0029664749318354,1,0,0,1,1,0,1,0,1,0,0,0,0,0,0,1,0,1,0,0,1,0,1,0,1,0,1,0,1,0,1,0,1,0,1,0,0,1,1,0,0,0,1,1,0,0,-1.1663238658512955,0.8674222022169897
-0.26769982010098786,0.0,-1.4591741486566596,-0.33606808855469933,0.0,0.0,0.10137532978611936,0,1.491455075599942,1,0,1,0,1,0,1,0,1,0,0,0,0,0,1,0,0,1,0,1,0,0,1,0,1,0,1,0,0,1,0,1,0,1,0,1,0,1,1,0,0,0,1,1,0,0,0.2536694002922812,-1.3406982491162407
1.6090588777063775,0.0,0.7129360590440723,-0.24535522255213305,0.0,0.0,-0.7796630951185004,1,1.7409809641727751,1,0,0,1,0,1,1,0,0,0,1,0,0,0,0,1,0,1,0,0,1,0,1,0,0,1,1,0,1,0,0,1,0,1,0,1,0,1,0,1,0,0,1,0,1,0,2.4800104011605253,0.3914523502249368
0.20148985435085345,0.0,-0.35593154988122067,-1.9375899111105526,0.0,0.0,0.10137532978611936,0,1.061902119768186,1,0,1,0,1,0,1,0,0,0,0,0,1,0,0,1,1,0,0,0,0,1,1,0,1,0,1,0,1,0,1,0,1,0,1,0,1,0,1,0,0,0,1,0,1,0,-1.4872407641035061,-0.8786852165937554
-1.3820252969241111,0.0,1.218832136083956,1.1055362911451465,0.0,0.0,0.10137532978611936,0,-1.435031436353251,0,1,1,0,1,0,1,0,1,0,0,0,0,0,1,0,0,1,0,1,0,0,0,1,1,0,0,1,1,0,1,0,1,0,1,0,0,1,1,0,0,0,1,0,1,0,-1.1748138131872827,0.17047151811235906
0.20148985435085345,0.0,0.29524750312909126,0.5100492557245105,0.0,0.0,0.10137532978611936,1,-1.2156496148563307,1,0,1,0,1,0,1,0,0,0,0,0,0,1,1,0,0,1,0,0,1,0,1,0,1,0,1,0,1,0,1,0,1,0,1,0,0,1,1,0,0,0,1,1,0,0,-2.3985461257822553,0.8105033363358004
1.6090588777063775,0.0,1.1033840569645978,0.0949307535196783,0.0,0.0,0.10137532978611936,1,-1.9349205486954704,1,0,0,1,1,0,1,0,1,0,0,0,0,0,0,1,0,1,0,0,1,0,1,0,1,0,1,0,1,0,0,1,1,0,1,0,1,0,1,0,0,0,1,1,0,0,-0.3710710369533579,0.9642268511765125
-1.5579714248435517,0.0,-0.018018913807144606,-1.9375899111105526,0.0,0.0,0.9824137546907391,0,1.011662007974998,0,1,1,0,0,1,1,0,0,1,0,0,0,0,0,1,1,0,0,0,0,1,1,0,1,0,1,0,1,0,1,0,1,0,1,0,1,0,0,0,1,1,0,0,1,0,1.413226061291102,-2.1640270213502886
-0.678240785246349,0.0,-1.4591741486566596,0.6819075454764912,0.0,0.0,-1.2201823075708103,1,0.430551381567125,1,0,1,0,0,1,1,0,0,0,0,0,1,0,1,0,0,1,0,1,0,0,1,0,1,0,1,0,0,1,0,1,0,1,0,1,0,1,1,0,0,0,1,1,0,0,-1.4348558273672352,-0.4312719001407212
-0.20905111079450772,0.0,0.6227827837767084,-1.9375899111105526,0.0,0.0,1.863452179595359,0,-0.598533574996673,1,0,1,0,1,0,1,0,1,0,0,0,0,0,0,1,1,0,0,0,0,1,1,0,1,0,1,0,1,0,1,0,1,0,1,0,1,0,0,0,1,1,0,1,0,0,-1.2993959203791992,-0.8426145180535282
-0.09175369218154737,0.0,-1.4591741486566596,0.65579761464225,0.0,0.0,0.10137532978611936,0,-1.3194791792289189,1,0,1,0,0,1,0,1,1,0,0,0,0,0,1,0,0,1,0,1,0,0,0,1,1,0,0,1,0,1,1,0,0,1,0,1,0,1,0,0,1,1,0,0,1,0,-2.2471451006024963,-0.16650063463657708
0.4947334008832543,0.0,1.3913556700488396,0.40720749028027037,0.0,0.0,-0.7796630951185004,1,-1.4383807771394637,1,0,1,0,0,1,1,0,1,0,0,0,0,0,1,0,0,1,0,0,1,0,1,0,0,1,1,0,0,1,0,1,0,1,0,1,0,1,0,1,0,1,0,1,0,0,1.0100843745707835,1.1011626420898266
0.7879769474156552,0.0,-1.4591741486566596,-0.43890985399893934,0.0,0.0,0.9824137546907391,0,0.6022050968605169,1,0,1,0,0,1,1,0,1,0,0,0,0,0,1,0,0,1,0,1,0,0,1,0,0,1,1,0,1,0,1,0,1,0,1,0,0,1,1,0,0,0,1,0,1,0,-0.5748943965460858,-1.7773167589293697
-0.15040240148802755,0.0,0.09937491945467473,-1.9375899111105526,0.0,0.0,0.9824137546907391,0,0.5117728956327787,1,0,1,0,1,0,1,0,1,0,0,0,0,0,1,0,1,0,0,0,0,1,1,0,1,0,1,0,1,0,1,0,1,0,1,0,1,0,0,0,1,0,1,0,1,0,0.8635986995276553,-2.1570226459632664
-0.15040240148802755,0.0,0.6779124844797727,-1.9375899111105526,0.0,0.0,0.9824137546907391,0,-1.479410201770567,1,0,1,0,1,0,0,1,0,0,0,0,0,1,0,1,1,0,0,0,0,1,1,0,1,0,1,0,1,0,1,0,1,0,1,0,1,0,1,0,0,1,0,0,1,0,-3.3916384138842464,-0.5427665437941123
-1.2647278783111506,0.0,-1.0940209545881283,1.120206624171783,0.0,0.0,1.863452179595359,0,-1.1486627991320801,0,1,1,0,1,0,1,0,1,0,0,0,0,0,1,0,0,1,1,0,0,0,1,0,1,0,0,1,0,1,0,1,0,1,0,1,0,1,1,0,0,0,1,1,0,0,-2.640794340792433,0.9260644702366392
1.6677075870128577,0.0,-0.17886792291726153,0.33012629336122234,0.0,0.0,-0.7796630951185004,1,-0.39589845743081536,1,0,0,1,0,1,1,0,0,0,0,0,1,0,1,0,0,1,0,0,1,0,1,0,1,0,1,0,1,0,1,0,1,0,1,0,0,1,1,0,0,0,1,1,0,0,0.389819295054692,0.1359234242347703
-0.3849972387139482,0.0,-0.65752344196269,0.5100492557245105,0.0,0.0,-0.7796630951185004,1,-0.8338247652281029,1,0,1,0,1,0,1,0,1,0,0,0,0,0,0,1,0,1,0,0,1,0,1,0,1,0,1,0,1,0,0,1,1,0,1,0,0,1,1,0,0,0,1,1,0,0,-0.04739431784696016,0.793075577562168
-1.675268843456512,0.0,-1.0531601175964451,-1.9375899111105526,0.0,0.0,0.10137532978611936,0,0.7654854601883775,0,1,1,0,1,0,1,0,0,0,1,0,0,0,1,0,1,0,0,0,0,1,1,0,1,0,1,0,1,0,1,0,1,0,1,0,1,0,0,0,1,0,1,0,1,0,0.09606356863763107,-1.874658972026267
-1.2060791690046706,0.0,1.404975949046067,1.2654537340011538,0.0,0.0,0.10137532978611936,0,-1.6686479561915746,0,1,1,0,1,0,1,0,0,0,0,0,0,1,0,1,0,1,0,0,1,0,0,1,1,0,1,0,1,0,1,0,1,0,1,0,0,1,1,0,0,0,1,1,0,0,-0.8709010247545995,0.9161260749856658
0.43608469157677415,0.0,1.2752590062153275,-1.0914725668313427,0.0,0.0,-1.2201823075708103,1,0.29322840933241157,1,0,1,0,1,0,1,0,1,0,0,0,0,0,1,0,0,1,1,0,0,0,0,1,1,0,1,0,1,0,1,0,1,0,1,0,0,1,1,0,0,0,1,1,0,0,-1.4780720550464286,0.8642905515782761
-0.20905111079450772,0.0,-1.3541034249637607,0.7071612569928716,0.0,0.0,0.9824137546907391,0,-1.7121893864123374,1,0,1,0,0,1,0,1,0,0,0,1,0,0,1,0,0,1,1,0,0,0,1,0,0,1,0,1,0,1,0,1,0,1,0,1,0,1,0,0,1,1,0,0,1,0,0.7003207012192941,0.20589097617429167
1.9023024242387783,0.0,-0.47073104428642515,0.14806693795787343,0.0,0.0,-1.2201823075708103,1,-1.3278525311944502,1,0,0,1,1,0,1,0,0,0,0,0,0,1,1,0,0,1,0,1,0,0,1,0,1,0,1,0,1,0,1,0,1,0,1,0,0,1,1,0,0,1,0,0,1,0,-3.075123622442962,0.05899730046149879
1.7263562963193377,0.0,-0.04590805651575357,-0.1642097988027183,0.0,0.0,1.863452179595359,0,0.21451890085641723,1,0,0,1,0,1,1,0,1,0,0,0,0,0,0,1,0,1,0,0,1,0,1,0,0,1,0,1,0,1,0,1,0,1,1,0,0,1,0,1,0,0,1,1,0,0,2.8867485618385955,0.34583479534956224
-0.09175369218154737,0.0,-0.6432545782513086,0.36963080871589915,0.0,0.0,-1.2201823075708103,1,-0.6077442621587575,1,0,1,0,1,0,1,0,1,0,0,0,0,0,1,0,0,1,0,0,1,0,1,0,1,0,1,0,1,0,1,0,1,0,1,0,0,1,1,0,0,0,1,0,1,0,-1.4299147609821208,0.6189182314020237
-1.03013304108523,0.0,0.024787677326999418,1.0597702031126737,0.0,0.0,0.9824137546907391,0,1.3398974050238255,1,0,1,0,1,0,1,0,1,0,0,0,0,0,1,0,0,1,0,0,1,0,0,1,1,0,0,1,0,1,0,1,0,1,0,1,0,1,1,0,0,0,1,1,0,0,2.649696856004945,0.36529676132439803
0.37743598227029396,0.0,-0.7677828433688184,-0.5576319593127251,0.0,0.0,0.10137532978611936,0,-0.6035575861759919,1,0,1,0,1,0,1,0,0,0,0,0,1,0,1,0,0,1,0,1,0,0,0,1,1,0,1,0,1,0,0,1,0,1,0,1,0,1,1,0,0,0,1,1,0,0,-0.2659277665118251,0.4050018554000468
-0.3849972387139482,0.0,0.7486082183225254,0.5100492557245105,0.0,0.0,-1.2201823075708103,1,-0.157257926413173,1,0,1,0,1,0,1,0,1,0,0,0,0,0,1,0,0,1,0,1,0,0,1,0,1,0,1,0,0,1,1,0,1,0,1,0,0,1,1,0,0,0,1,1,0,0,-2.700554662947524,0.26565739839162245
-0.6195920759398689,0.0,0.19536545714942194,0.24446373527230422,0.0,0.0,-1.2201823075708103,1,1.3415720754169316,1,0,1,0,1,0,1,0,1,0,0,0,0,0,1,0,0,1,0,0,1,0,1,0,1,0,0,1,1,0,0,1,1,0,1,0,0,1,0,1,0,0,1,1,0,0,1.436474393909474,0.3011537394447662
-1.675268843456512,0.0,0.9263204300006387,1.2157481529951086,0.0,0.0,0.10137532978611936,0,-1.5321623191534142,0,1,1,0,1,0,1,0,0,0,1,0,0,0,1,0,0,1,0,0,1,0,0,1,0,1,0,1,0,1,1,0,1,0,1,0,0,1,0,1,0,0,1,0,1,0,1.9363079912437995,0.29835039620696574
1.0225717846415758,0.0,-0.8495045173521842,0.28848538496648446,0.0,0.0,0.10137532978611936,0,1.317289354716891,1,0,0,1,0,1,0,1,1,0,0,0,0,0,0,1,0,1,0,0,1,0,1,0,0,1,0,1,0,1,0,1,0,1,0,1,1,0,0,1,0,0,1,1,0,0,2.8235300320560692,0.2330230800440427
-0.5609433666333887,0.0,0.3497286191180018,0.40720749028027037,0.0,0.0,-0.7796630951185004,1,-1.3621832742531286,1,0,1,0,1,0,1,0,1,0,0,0,0,0,1,0,0,1,0,0,1,0,1,0,1,0,1,0,1,0,1,0,1,0,1,0,0,1,1,0,0,0,1,1,0,0,-2.40554895508768,0.787182264322605
-1.5579714248435517,0.0,-0.3708489983067557,1.0597702031126737,0.0,0.0,-1.2201823075708103,1,1.3574814441514411,0,1,1,0,0,1,1,0,0,1,0,0,0,0,0,1,0,1,0,0,1,0,0,1,0,1,0,1,0,1,0,1,0,1,0,1,0,1,0,0,1,0,1,1,0,0,3.03016086640728,0.4334980288597537
1.9023024242387783,0.0,-0.4934315092818045,0.40720749028027037,0.0,0.0,-1.2201823075708103,1,-1.0532065867250233,1,0,0,1,1,0,1,0,1,0,0,0,0,0,1,0,0,1,0,0,1,0,1,0,1,0,1,0,1,0,1,0,1,0,1,0,0,1,1,0,0,0,1,1,0,0,-0.717072547137689,0.4755789672402842
-1.2647278783111506,0.0,0.9405892937120199,1.2654537340011538,0.0,0.0,0.10137532978611936,0,-0.11287916099585703,0,1,1,0,1,0,1,0,1,0,0,0,0,0,1,0,0,1,0,0,1,0,1,0,1,0,0,1,0,1,0,1,0,1,0,1,0,1,1,0,0,0,1,1,0,0,1.3306201877621273,0.9018076509399966
-0.20905111079450772,0.0,-0.9195516664807836,0.24446373527230422,0.0,0.0,0.10137532978611936,1,0.7085466668227646,1,0,1,0,1,0,1,0,1,0,0,0,0,0,1,0,0,1,0,0,1,0,1,0,1,0,1,0,1,0,0,1,1,0,1,0,0,1,1,0,0,0,1,1,0,0,-1.8903469862948368,0.9805857673054987
-1.0887817503917103,0.0,1.176025544949812,1.2654537340011538,0.0,0.0,0.10137532978611936,0,0.04872653193889727,0,1,1,0,0,1,1,0,0,1,0,0,0,0,0,1,0,1,0,1,0,0,0,1,0,1,1,0,0,1,1,0,1,0,0,1,0,1,0,0,1,1,0,1,0,0,2.459525761963813,-1.0319138880845389
0.3187872729638138,0.0,0.164881975584198,0.44303577337051536,0.0,0.0,0.10137532978611936,1,-1.2901724473495593,1,0,1,0,1,0,1,0,0,0,0,1,0,0,0,1,0,1,0,0,1,0,1,0,1,0,1,0,1,0,1,0,1,0,1,0,0,1,1,0,0,1,0,0,1,0,1.2452256082443889,0.014021578679514101
-0.678240785246349,0.0,-0.6276885451116199,0.28848538496648446,0.0,0.0,0.10137532978611936,0,0.22540425841160794,1,0,1,0,1,0,1,0,0,0,1,0,0,0,0,1,0,1,0,1,0,0,0,1,0,1,0,1,0,1,0,1,1,0,1,0,0,1,0,0,1,0,1,0,1,0,2.163626324597268,-0.44297823050110646
-1.2647278783111506,0.0,0.4068040739635271,0.36963080871589915,0.0,0.0,0.10137532978611936,1,0.513447566025885,0,1,1,0,0,1,1,0,0,0,0,0,0,1,0,1,0,1,0,0,1,0,1,0,0,1,0,1,1,0,1,0,1,0,0,1,0,1,1,0,0,0,1,1,0,0,-0.878734646853777,1.0490579504504058
-1.2647278783111506,0.0,1.3427118164873124,-1.9375899111105526,0.0,0.0,1.863452179595359,0,0.8944350804575597,0,1,1,0,0,1,1,0,0,0,1,0,0,0,1,0,1,0,0,0,0,1,1,0,1,0,1,0,1,0,1,0,1,0,1,0,1,0,0,1,0,1,0,1,0,0,0.6297344354410606,-1.8432734880741475
-1.4993227155370714,0.0,0.01570749132884762,1.0597702031126737,0.0,0.0,0.9824137546907391,0,0.793954856871184,0,1,1,0,0,1,1,0,0,1,0,0,0,0,0,1,0,1,0,0,1,0,0,1,0,1,1,0,1,0,1,0,0,1,0,1,0,1,0,0,1,0,1,0,1,0,2.865222434907814,-0.1929569801042567
-0.8541869131657895,0.0,-1.4591741486566596,0.5100492557245105,0.0,0.0,0.9824137546907391,0,0.2731323646151364,1,0,1,0,0,1,0,1,0,1,0,0,0,0,1,0,0,1,1,0,0,0,1,0,1,0,1,0,0,1,0,1,0,1,0,1,1,0,0,0,1,1,0,1,0,0,0.45767912767457963,-1.5244739457261862
-0.26769982010098786,0.0,-0.0005071265249948103,-0.023791351794107286,0.0,0.0,1.863452179595359,0,-1.8545363698263697,1,0,1,0,1,0,1,0,1,0,0,0,0,0,1,0,0,1,0,1,0,0,1,0,1,0,1,0,0,1,1,0,0,1,0,1,0,1,1,0,0,1,0,0,1,0,-1.658820693978967,0.3814441207134471
-0.6195920759398689,0.0,-0.09974058779051032,-1.9375899111105526,0.0,0.0,0.9824137546907391,0,-1.722237408770975,1,0,1,0,0,1,1,0,1,0,0,0,0,0,1,0,1,0,0,0,0,1,1,0,1,0,1,0,1,0,1,0,1,0,1,0,1,0,0,1,0,0,1,0,1,0,-0.4337939536685208,-1.3880811572561187
-1.3820252969241111,0.0,0.9230775064298699,1.120206624171783,0.0,0.0,0.10137532978611936,0,-1.9098004927988763,0,1,1,0,1,0,0,1,1,0,0,0,0,0,1,0,0,1,1,0,0,0,0,1,0,1,0,1,0,1,1,0,0,1,0,1,0,1,0,0,1,1,0,1,0,0,0.2011234540920436,0.5134672792887173
-0.26769982010098786,0.0,-0.3325825001716876,0.5716956836265287,0.0,0.0,-1.2201823075708103,1,-0.5189867313241256,1,0,1,0,1,0,1,0,1,0,0,0,0,0,1,0,0,1,0,0,1,0,1,0,1,0,1,0,1,0,1,0,1,0,1,0,0,1,1,0,0,0,1,1,0,0,-2.5208962644955744,0.7849709641493502
-0.4436459480204284,0.0,-0.4772168914279621,-1.9375899111105526,0.0,0.0,0.10137532978611936,1,-1.644365235491534,1,0,1,0,0,1,1,0,0,0,0,0,0,1,1,0,1,0,0,0,0,1,1,0,1,0,1,0,1,0,1,0,1,0,1,0,1,0,0,1,0,1,0,0,0,1,-3.2568804189523393,-0.7132674971679311
0.6120308194962146,0.0,1.4575113108925164,-0.023791351794107286,0.0,0.0,-0.7796630951185004,1,-0.8020060277590839,1,0,1,0,0,1,1,0,0,0,0,0,1,0,1,0,0,1,0,0,1,0,1,0,1,0,1,0,1,0,1,0,1,0,1,0,0,1,1,0,0,0,1,1,0,0,0.3438014264289089,0.23241006143445592
-0.6195920759398689,0.0,1.6786786984189275,0.14806693795787343,0.0,0.0,-1.2201823075708103,1,-0.9326303184213723,1,0,1,0,0,1,1,0,0,0,0,0,0,1,1,0,0,1,0,0,1,0,1,0,1,0,1,0,1,0,1,0,0,1,0,1,0,1,1,0,0,0,1,1,0,0,-1.1036184904848862,0.9642669184491209
-0.9714843317787499,0.0,0.2731956228478655,-0.023791351794107286,0.0,0.0,-1.2201823075708103,1,-1.0783266426216171,1,0,1,0,0,1,1,0,1,0,0,0,0,0,1,0,0,1,0,0,1,0,1,0,1,0,1,0,1,0,1,0,1,0,1,0,0,1,1,0,0,0,1,1,0,0,-1.476363200764835,0.6720205380701179
0.37743598227029396,0.0,-0.45321925700427534,-1.9375899111105526,0.0,0.0,0.9824137546907391,0,1.1565209969786898,1,0,1,0,0,1,1,0,1,0,0,0,0,0,1,0,1,0,0,0,0,1,1,0,1,0,1,0,1,0,1,0,1,0,1,0,1,0,0,1,0,0,1,1,0,0,-0.14529812117283006,-1.6161708745811643
-1.5579714248435517,0.0,-0.7262734216629818,-1.9375899111105526,0.0,0.0,0.9824137546907391,0,0.9806806057025321,0,1,1,0,0,1,0,1,1,0,0,0,0,0,1,0,1,0,0,0,0,1,1,0,1,0,1,0,1,0,1,0,1,0,1,0,1,0,0,0,1,1,0,0,0,1,0.9332591321629191,-2.3315803640129324
-0.5022946573269086,0.0,-0.32090797531692106,0.19777251896391848,0.0,0.0,-1.2201823075708103,1,1.2251824830960465,1,0,1,0,1,0,1,0,1,0,0,0,0,0,1,0,0,1,0,0,1,0,1,0,1,0,0,1,1,0,0,1,0,1,0,1,0,1,0,0,1,0,1,1,0,0,2.336265971075521,0.1346957619709235
-1.0887817503917103,0.0,0.7349879393252978,0.6287713610382961,0.0,0.0,0.9824137546907391,0,0.5871330633225605,0,1,1,0,0,1,1,0,1,0,0,0,0,0,0,1,0,1,0,0,1,0,0,1,0,1,0,1,0,1,0,1,0,1,0,1,1,0,0,0,1,0,1,1,0,0,3.28530328113394,0.47396128128913184
1.785005005625818,0.0,0.8530303573012706,-0.869908696073317,0.0,0.0,1.863452179595359,0,1.1096302259717143,1,0,0,1,1,0,1,0,1,0,0,0,0,0,1,0,0,1,0,1,0,0,1,0,1,0,1,0,1,0,1,0,1,0,1,0,0,1,0,0,1,1,0,0,1,0,1.2436538607042242,-1.1992597328639918
0.37743598227029396,0.0,-0.5881248775482444,-1.9375899111105526,0.0,0.0,1.863452179595359,0,-0.9309556480282661,1,0,1,0,0,1,0,1,0,0,0,0,0,1,1,0,1,0,0,0,0,1,1,0,1,0,1,0,1,0,1,0,1,0,1,0,1,0,0,0,1,1,0,0,1,0,-2.1175154096794344,-0.9319373961075077
-1.4993227155370714,0.0,1.6553296487093945,-1.9375899111105526,0.0,0.0,1.863452179595359,0,-0.246852792444358,0,1,1,0,0,1,0,1,1,0,0,0,0,0,0,1,1,0,0,0,0,1,1,0,1,0,1,0,1,0,1,0,1,0,1,0,1,0,0,1,0,1,0,0,1,0,-0.2579289619207769,-1.201553810970409
0.08419243573789313,0.0,-1.4591741486566596,0.44303577337051536,0.0,0.0,-0.7796630951185004,1,0.2697830238289239,1,0,1,0,1,0,1,0,0,0,0,0,0,1,1,0,0,1,0,1,0,0,0,1,0,1,1,0,1,0,1,0,0,1,0,1,0,1,1,0,0,0,1,1,0,0,-3.357331643886392,-0.13731113012057697
-1.1474304596981904,0.0,0.8238440451643546,1.120206624171783,0.0,0.0,0.10137532978611936,0,1.0711128069302704,0,1,1,0,0,1,0,1,1,0,0,0,0,0,0,1,0,1,0,1,0,0,1,0,0,1,1,0,0,1,1,0,1,0,1,0,0,1,1,0,0,0,1,0,1,0,-1.3859105604443127,0.28807386050325956
-1.2060791690046706,0.0,1.297959471210707,1.120206624171783,0.0,0.0,0.10137532978611936,0,0.42217802960159373,0,1,1,0,1,0,1,0,0,0,0,1,0,0,1,0,0,1,1,0,0,0,0,1,1,0,0,1,0,1,0,1,0,1,0,1,1,0,1,0,0,0,1,0,1,0,1.5054956792474934,0.10753746114680253
0.3187872729638138,0.0,0.42755878481644544,-1.9375899111105526,0.0,0.0,0.9824137546907391,0,1.04431808064057,1,0,1,0,0,1,0,1,0,0,0,0,0,1,1,0,1,0,0,0,0,1,1,0,1,0,1,0,1,0,1,0,1,0,1,0,1,0,0,0,1,1,0,0,1,0,-2.4458027949573315,-0.8201436812943557
0.8466256567221353,0.0,-0.7133017273799079,0.6819075454764912,0.0,0.0,0.9824137546907391,0,-0.038356328502628365,1,0,1,0,1,0,1,0,1,0,0,0,0,0,0,1,0,1,0,1,0,0,0,1,0,1,1,0,0,1,0,1,0,1,0,1,0,1,0,0,1,0,1,1,0,0,2.4396031339378723,-0.3547579746863419
-0.7955382038593094,0.0,-0.9837615531819996,-1.9375899111105526,0.0,0.0,0.10137532978611936,0,-1.7364721071123783,1,0,1,0,1,0,1,0,0,0,0,0,1,0,1,0,1,0,0,0,0,1,1,0,1,0,1,0,1,0,1,0,1,0,1,0,1,0,0,1,0,0,1,1,0,0,-1.6775169028641055,-1.071457233866094
0.37743598227029396,0.0,-0.6257427909691589,0.5414890984678798,0.0,0.0,0.9824137546907391,0,0.6189518007915795,1,0,1,0,0,1,1,0,0,1,0,0,0,0,0,1,0,1,0,0,1,0,1,0,0,1,0,1,0,1,0,1,0,1,0,1,1,0,0,0,1,0,1,1,0,0,2.999220690895111,0.26294130187201403
0.4947334008832543,0.0,0.36075455925861455,-1.9375899111105526,0.0,0.0,1.863452179595359,0,0.11068933648382896,1,0,1,0,0,1,0,1,0,0,0,0,1,0,1,0,1,0,0,0,0,1,1,0,1,0,1,0,1,0,1,0,1,0,1,0,1,0,0,1,0,1,0,1,0,0,-0.8967604380767514,-1.195545534731108
-0.7368894945528293,0.0,-1.0868865227324376,-1.9375899111105526,0.0,0.0,-1.2201823075708103,1,-0.7433925640003648,1,0,1,0,1,0,1,0,0,0,0,0,1,0,1,0,1,0,0,0,0,1,1,0,1,0,1,0,1,0,1,0,1,0,1,0,1,0,1,0,0,0,1,0,1,0,-1.4609939069213813,-1.1627082472714256
0.9052743660286154,0.0,0.7414737864668348,0.0949307535196783,0.0,0.0,0.10137532978611936,0,1.6204046958691243,1,0,1,0,0,1,1,0,0,0,1,0,0,0,1,0,0,1,0,1,0,0,0,1,0,1,0,1,0,1,0,1,0,1,0,1,0,1,0,0,1,1,0,0,1,0,2.1282949158779503,-0.02288926496626026
1.6090588777063775,0.0,0.03516503275345858,0.5716956836265287,0.0,0.0,1.863452179595359,0,0.5586636666397541,1,0,0,1,1,0,1,0,1,0,0,0,0,0,0,1,0,1,0,0,1,0,1,0,0,1,0,1,0,1,0,1,0,1,0,1,0,1,0,0,1,0,1,1,0,0,2.4899869047453542,0.7004213781566986
-0.9714843317787499,0.0,0.9036199650052591,0.24446373527230422,0.0,0.0,-1.2201823075708103,1,1.318126689913444,1,0,1,0,1,0,1,0,0,0,0,0,0,1,1,0,0,1,0,1,0,0,0,1,0,1,1,0,1,0,0,1,0,1,0,1,0,1,1,0,0,0,1,1,0,0,-0.25739575414010696,0.5965230193061825
0.7879769474156552,0.0,0.23038903171372152,-1.0914725668313427,0.0,0.0,-1.2201823075708103,1,0.13999606836318856,1,0,1,0,1,0,1,0,1,0,0,0,0,0,1,0,0,1,0,0,1,0,1,0,1,0,0,1,1,0,0,1,0,1,0,1,0,1,1,0,0,1,0,1,0,0,-1.429179766550258,1.453459252211777
-0.15040240148802755,0.0,0.6377002322022433,-0.1642097988027183,0.0,0.0,-0.7796630951185004,1,-0.7140858321210052,1,0,1,0,1,0,1,0,0,0,0,0,0,1,0,1,0,1,0,0,1,0,1,0,1,0,1,0,1,0,0,1,0,1,0,1,0,1,1,0,0,1,0,0,1,0,-1.9157722054192607,1.5431816040093322
0.9639230753350957,0.0,1.41600188918668,0.33012629336122234,0.0,0.0,0.9824137546907391,0,1.267049242923703,1,0,1,0,0,1,1,0,0,1,0,0,0,0,1,0,0,1,1,0,0,0,0,1,0,1,0,1,0,1,0,1,1,0,1,0,0,1,0,0,1,0,1,1,0,0,2.6189786786755667,-0.682434655083614
1.4917614590934172,0.0,1.0093392734123119,0.36963080871589915,0.0,0.0,-1.2201823075708103,1,0.0822199398010225,1,0,0,1,1,0,1,0,0,0,0,1,0,0,0,1,0,1,0,0,1,0,1,0,1,0,0,1,1,0,0,1,0,1,1,0,0,1,1,0,0,0,1,1,0,0,1.8850632755486803,0.7348916428767844
1.7263562963193377,0.0,-0.9364148690487797,0.36963080871589915,0.0,0.0,0.10137532978611936,0,-1.4635008330360575,1,0,0,1,1,0,1,0,0,0,0,0,0,1,1,0,0,1,0,0,1,0,1,0,1,0,1,0,1,0,0,1,0,1,1,0,0,1,0,1,0,0,1,1,0,0,-0.7255972214683971,1.0968707285824182
-1.675268843456512,0.0,-1.1134784960127388,1.120206624171783,0.0,0.0,-1.2201823075708103,1,-0.07603641234751926,0,1,1,0,1,0,1,0,0,0,0,0,0,1,1,0,0,1,1,0,0,0,0,1,1,0,0,1,1,0,1,0,1,0,1,0,0,1,1,0,0,0,1,0,0,1,-2.474188739736467,0.2564574373218249
0.08419243573789313,0.0,1.3005538100673217,1.1346027292456944,0.0,0.0,0.9824137546907391,0,1.0778114885026955,1,0,1,0,0,1,0,1,0,0,0,0,0,1,1,0,0,1,0,1,0,0,0,1,0,1,1,0,0,1,1,0,1,0,1,0,0,1,0,0,1,1,0,0,0,1,-1.8501214095050487,0.3988151301849218
1.374464040480457,0.0,0.5027946116582743,0.65579761464225,0.0,0.0,-1.2201823075708103,1,-1.1687588438493552,1,0,0,1,1,0,1,0,1,0,0,0,0,0,0,1,0,1,0,0,1,0,1,0,1,0,1,0,1,0,1,0,1,0,1,0,0,1,1,0,0,0,1,1,0,0,-1.3226358432820893,0.8395064156768394
0.20148985435085345,0.0,0.8024407495972822,-1.9375899111105526,0.0,0.0,0.10137532978611936,0,0.9128564547817286,1,0,1,0,0,1,0,1,0,0,0,0,0,1,1,0,1,0,0,0,0,1,1,0,1,0,1,0,1,0,1,0,1,0,1,0,1,0,1,0,0,0,1,0,0,1,-1.6849380679706456,-0.9659154687296692
-0.03310498287506721,0.0,-1.4591741486566596,0.14806693795787343,0.0,0.0,-1.2201823075708103,1,0.2856923925634334,1,0,1,0,1,0,1,0,0,0,0,0,0,1,1,0,0,1,0,1,0,0,1,0,0,1,1,0,1,0,1,0,1,0,1,0,0,1,1,0,0,0,1,0,1,0,-2.722733109877841,-0.692120592312541
0.729328238109175,0.0,-0.4843513232836528,0.0949307535196783,0.0,0.0,-1.2201823075708103,1,-0.7693499550935118,1,0,1,0,1,0,1,0,0,0,0,0,1,0,0,1,0,1,0,1,0,0,1,0,1,0,0,1,1,0,1,0,1,0,1,0,0,1,1,0,0,1,0,1,0,0,-0.7076309464038661,-0.07197247947329617
-1.4993227155370714,0.0,-1.4591741486566596,1.2157481529951086,0.0,0.0,0.10137532978611936,0,1.164894348944221,0,1,1,0,0,1,1,0,1,0,0,0,0,0,1,0,0,1,0,1,0,0,0,1,1,0,0,1,0,1,0,1,0,1,0,1,1,0,0,0,1,1,0,1,0,0,0.7407462746255905,-1.305391878912324
0.025543726431412957,0.0,-0.9643040117573888,0.40720749028027037,0.0,0.0,0.10137532978611936,0,-1.6477145762777463,1,0,1,0,0,1,1,0,0,0,1,0,0,0,1,0,0,1,0,0,1,0,0,1,0,1,0,1,1,0,1,0,1,0,1,0,0,1,1,0,0,0,1,0,1,0,1.470953540171237,0.14593958874597385
1.7263562963193377,0.0,-1.0551058717389064,-0.6980504063213363,0.0,0.0,0.10137532978611936,1,-1.8017842524435224,1,0,0,1,0,1,1,0,0,0,0,1,0,0,1,0,0,1,0,0,1,0,1,0,0,1,0,1,1,0,1,0,1,0,1,0,0,1,1,0,0,0,1,0,1,0,0.7881772783677276,0.22741930592489584
-0.7955382038593094,0.0,-1.4591741486566596,-0.5576319593127251,0.0,0.0,0.9824137546907391,0,1.222670477506387,1,0,1,0,1,0,1,0,0,0,0,0,0,1,1,0,0,1,0,1,0,0,1,0,1,0,1,0,1,0,1,0,1,0,1,0,0,1,1,0,0,1,0,1,0,0,-3.8406460865855325,-0.6441675965598781
1.3158153311739766,0.0,-0.3202593906027675,0.6287713610382961,0.0,0.0,-1.2201823075708103,1,-0.9887317765904322,1,0,0,1,1,0,1,0,1,0,0,0,0,0,0,1,0,1,0,0,1,0,1,0,1,0,1,0,1,0,1,0,1,0,1,0,0,1,1,0,0,0,1,1,0,0,-0.531532945023204,0.6016027312422937
0.20148985435085345,0.0,-1.4591741486566596,-0.33606808855469933,0.0,0.0,0.10137532978611936,0,1.5215991426758548,1,0,1,0,1,0,1,0,0,0,1,0,0,0,1,0,0,1,0,1,0,0,0,1,0,1,1,0,1,0,1,0,0,1,0,1,0,1,0,0,1,1,0,1,0,0,-0.039035273411198,-1.39036943067974
0.8466256567221353,0.0,1.668301342992468,0.4772711516590301,0.0,0.0,-1.2201823075708103,1,0.2538736550944144,1,0,1,0,1,0,1,0,1,0,0,0,0,0,1,0,0,1,1,0,0,0,1,0,1,0,1,0,1,0,1,0,0,1,0,1,0,1,1,0,0,0,1,0,1,0,-2.5213013413054886,0.3658939146933444
-1.5579714248435517,0.0,-0.14514151778126907,-1.9375899111105526,0.0,0.0,-0.7796630951185004,1,-0.974497078249029,0,1,1,0,1,0,1,0,1,0,0,0,0,0,0,1,1,0,0,0,0,1,1,0,1,0,1,0,1,0,1,0,1,0,1,0,1,0,1,0,0,0,1,0,0,1,-3.554196025519298,-0.5355126405268014
1.5504101683998974,0.0,0.753796896035755,0.19777251896391848,0.0,0.0,0.9824137546907391,0,0.8919230748679002,1,0,0,1,1,0,1,0,0,0,1,0,0,0,0,1,0,1,0,0,1,0,1,0,1,0,0,1,1,0,0,1,0,1,1,0,0,1,0,1,0,0,1,1,0,0,2.2033174958855235,0.5938387742146983
-0.6195920759398689,0.0,-1.4591741486566596,0.5100492557245105,0.0,0.0,0.9824137546907391,0,-0.847222128372953,1,0,1,0,0,1,1,0,0,0,0,1,0,0,1,0,0,1,1,0,0,0,0,1,1,0,0,1,1,0,1,0,1,0,1,0,0,1,0,1,0,1,0,0,0,1,-0.8972669574913303,-1.3117076449071998
0.8466256567221353,0.0,-1.3826411523865234,0.6287713610382961,0.0,0.0,0.10137532978611936,0,1.178291712089071,1,0,1,0,0,1,0,1,0,0,1,0,0,0,1,0,0,1,0,1,0,0,0,1,0,1,0,1,0,1,1,0,1,0,1,0,1,0,0,0,1,1,0,0,1,0,1.4112131551551126,-0.9747707590772414
1.9023024242387783,0.0,-1.4591741486566596,0.7071612569928716,0.0,0.0,0.10137532978611936,1,-0.6563097035588391,1,0,0,1,1,0,1,0,1,0,0,0,0,0,1,0,0,1,0,1,0,0,1,0,1,0,1,0,1,0,1,0,1,0,1,0,0,1,1,0,0,1,0,1,0,0,-3.479379375242312,-0.691587654517028
-0.15040240148802755,0.0,-1.3930185078129826,0.36963080871589915,0.0,0.0,-1.2201823075708103,1,0.9404885162679819,1,0,1,0,1,0,1,0,1,0,0,0,0,0,1,0,0,1,0,1,0,0,0,1,0,1,0,1,1,0,1,0,0,1,0,1,0,1,1,0,0,0,1,1,0,0,0.19680254509769382,-0.10740584850616033
-1.6166201341500317,0.0,0.811520935595434,1.120206624171783,0.0,0.0,-1.2201823075708103,1,-1.472711520198142,0,1,1,0,1,0,1,0,1,0,0,0,0,0,0,1,0,1,0,0,1,0,1,0,1,0,1,0,1,0,1,0,1,0,1,0,0,1,1,0,0,1,0,1,0,0,-2.2354272580371837,0.9629645620686644
1.081220493948056,0.0,0.901674210862798,0.6819075454764912,0.0,0.0,0.10137532978611936,0,-0.24517812205125175,1,0,0,1,1,0,1,0,0,0,0,0,0,1,1,0,0,1,0,0,1,0,0,1,1,0,1,0,1,0,1,0,1,0,1,0,0,1,0,1,0,1,0,1,0,0,-1.0895797765383508,0.7871548145015242
0.9052743660286154,0.0,1.6741386054198515,0.4772711516590301,0.0,0.0,0.10137532978611936,1,0.46320745423269716,1,0,1,0,1,0,1,0,0,0,0,0,0,1,1,0,0,1,1,0,0,0,1,0,1,0,1,0,1,0,1,0,1,0,1,0,0,1,1,0,0,0,1,0,0,1,-2.7516582733725037,0.03763566947798515
-0.8541869131657895,0.0,1.4121103809017579,-0.24535522255213305,0.0,0.0,0.10137532978611936,0,0.6449091918847266,1,0,1,0,0,1,1,0,0,1,0,0,0,0,0,1,0,1,0,0,1,0,0,1,0,1,0,1,0,1,0,1,1,0,1,0,1,0,0,0,1,0,1,1,0,0,3.1721940911481186,0.09182417231475665
0.3187872729638138,0.0,-0.060825504941288626,0.28848538496648446,0.0,0.0,0.9824137546907391,0,-0.21252204938567965,1,0,1,0,0,1,0,1,0,1,0,0,0,0,0,1,0,1,0,0,1,0,1,0,1,0,0,1,1,0,1,0,1,0,1,0,0,1,0,0,1,0,1,0,1,0,2.476673355787579,-0.5799108974144698
-1.2647278783111506,0.0,0.7109903049016112,1.120206624171783,0.0,0.0,-1.2201823075708103,1,-1.6820453193364246,0,1,1,0,1,0,1,0,0,0,1,0,0,0,0,1,0,1,0,0,1,0,0,1,1,0,0,1,1,0,0,1,0,1,0,1,0,1,1,0,0,0,1,1,0,0,2.1128146601929596,0.7506229223008452
-1.675268843456512,0.0,0.43015312367306013,1.1055362911451465,0.0,0.0,0.9824137546907391,0,1.0811608292889079,0,1,1,0,1,0,1,0,1,0,0,0,0,0,0,1,0,1,1,0,0,0,1,0,1,0,1,0,1,0,1,0,1,0,1,0,0,1,1,0,0,0,1,1,0,0,-2.790542727914564,0.20498560381176278
0.5533821101897345,0.0,-1.0589973800238286,-1.9375899111105526,0.0,0.0,-1.2201823075708103,1,-0.4411145580446844,1,0,1,0,1,0,1,0,1,0,0,0,0,0,1,0,1,0,0,0,0,1,1,0,1,0,1,0,1,0,1,0,1,0,1,0,1,0,1,0,0,1,0,0,1,0,-2.6021255187296752,-0.8569050432299357
-1.3820252969241111,0.0,1.1299760302448996,1.2654537340011538,0.0,0.0,0.9824137546907391,0,-1.8093202692125006,0,1,1,0,1,0,1,0,1,0,0,0,0,0,1,0,0,1,0,0,1,0,1,0,1,0,1,0,1,0,0,1,1,0,1,0,0,1,1,0,0,0,1,1,0,0,-0.29086767016931847,0.78834419590782
-0.4436459480204284,0.0,1.146190648098742,-1.9375899111105526,0.0,0.0,1.863452179595359,0,-0.045055010075053414,1,0,1,0,1,0,1,0,0,0,0,0,1,0,1,0,1,0,0,0,0,1,1,0,1,0,1,0,1,0,1,0,1,0,1,0,1,0,0,0,1,1,0,0,0,1,-0.9301279368220691,-1.1603679588445643
-0.20905111079450772,0.0,-1.1724997050007255,-1.9375899111105526,0.0,0.0,0.10137532978611936,0,-1.7498694702572284,1,0,1,0,0,1,1,0,0,0,0,1,0,0,1,0,1,0,0,0,0,1,1,0,1,0,1,0,1,0,1,0,1,0,1,0,1,0,0,0,1,1,0,0,1,0,-0.5973983646329031,-1.5533629839706853
-1.6166201341500317,0.0,0.021544753756230883,1.0438898632431284,0.0,0.0,1.863452179595359,0,-0.33393565288588367,0,1,1,0,0,1,0,1,1,0,0,0,0,0,0,1,0,1,0,0,1,0,1,0,1,0,0,1,0,1,0,1,0,1,0,1,0,1,0,1,0,0,1,0,1,0,2.04345350646066,0.6984933402015515
0.025543726431412957,0.0,0.07602586974514167,0.4772711516590301,0.0,0.0,-1.2201823075708103,1,0.2379642863599049,1,0,1,0,0,1,1,0,0,1,0,0,0,0,0,1,0,1,0,0,1,0,0,1,0,1,0,1,0,1,0,1,0,1,0,1,0,1,0,0,1,0,1,1,0,0,3.0638903582373453,0.442791964811385
-0.678240785246349,0.0,0.3763205923983034,0.65579761464225,0.0,0.0,-1.2201823075708103,1,-0.27029817794784566,1,0,1,0,0,1,1,0,1,0,0,0,0,0,1,0,0,1,1,0,0,0,1,0,1,0,0,1,1,0,0,1,1,0,1,0,0,1,1,0,0,0,1,1,0,0,0.37806180846360504,0.7255843794575291
0.729328238109175,0.0,1.7143508576973807,0.14806693795787343,0.0,0.0,-1.2201823075708103,1,-1.7632668334020785,1,0,1,0,1,0,1,0,1,0,0,0,0,0,1,0,0,1,1,0,0,0,1,0,1,0,1,0,1,0,0,1,1,0,1,0,0,1,1,0,0,1,0,0,1,0,1.0735857032072058,-0.5853139849144833
0.14284114504437329,0.0,-1.0648346424512116,-1.9375899111105526,0.0,0.0,0.10137532978611936,1,1.3022173211789345,1,0,1,0,1,0,1,0,0,0,0,0,0,1,1,0,1,0,0,0,0,1,1,0,1,0,1,0,1,0,1,0,1,0,1,0,1,0,1,0,0,1,0,0,0,1,-4.031878792294653,-0.6541041613327577
-1.3233765876176309,0.0,-0.5304008379885653,1.2028038281759472,0.0,0.0,0.9824137546907391,0,0.3183484652290055,0,1,1,0,0,1,1,0,0,0,1,0,0,0,0,1,0,1,1,0,0,0,1,0,1,0,0,1,0,1,0,1,1,0,1,0,0,1,0,1,0,0,1,1,0,0,1.5729589414803042,-0.47411663012742505
-0.09175369218154737,0.0,-1.4591741486566596,0.36963080871589915,0.0,0.0,1.863452179595359,0,1.2260198182925997,1,0,1,0,0,1,1,0,0,0,1,0,0,0,1,0,0,1,0,1,0,0,0,1,1,0,0,1,0,1,0,1,0,1,0,1,0,1,0,0,1,1,0,0,1,0,0.477398508244781,-1.1297085001115559
0.08419243573789313,0.0,1.062523219972915,-1.0914725668313427,0.0,0.0,0.10137532978611936,0,-0.05510303243369099,1,0,1,0,1,0,1,0,1,0,0,0,0,0,1,0,0,1,0,1,0,0,1,0,0,1,0,1,0,1,0,1,1,0,1,0,0,1,0,1,0,0,1,0,1,0,2.1899218978474413,-0.6597226944299232
-0.20905111079450772,0.0,0.29719325727155216,-1.9375899111105526,0.0,0.0,0.9824137546907391,0,1.3315240530582941,1,0,1,0,1,0,1,0,0,0,0,0,0,1,1,0,1,0,0,0,0,1,1,0,1,0,1,0,1,0,1,0,1,0,1,0,1,0,1,0,0,1,0,0,1,0,-3.58831757416888,-0.6522133990267516
-0.4436459480204284,0.0,0.8711907292975742,-0.5576319593127251,0.0,0.0,-0.7796630951185004,1,1.3407347402203786,1,0,1,0,1,0,1,0,1,0,0,0,0,0,0,1,0,1,0,0,1,0,1,0,0,1,1,0,1,0,0,1,1,0,1,0,0,1,1,0,0,0,1,0,1,0,1.1166405629989287,0.7013090866498142
-0.5022946573269086,0.0,0.822546875736047,0.0949307535196783,0.0,0.0,-1.2201823075708103,1,-0.29625556904099276,1,0,1,0,0,1,1,0,0,0,0,0,0,1,0,1,0,1,0,0,1,0,1,0,1,0,1,0,1,0,1,0,1,0,1,0,0,1,1,0,0,0,1,0,1,0,-1.30124930811017,0.801299997175736
0.14284114504437329,0.0,-0.21194574333909996,-1.9375899111105526,0.0,0.0,0.9824137546907391,0,0.596343750484645,1,0,1,0,0,1,0,1,1,0,0,0,0,0,0,1,1,0,0,0,0,1,1,0,1,0,1,0,1,0,1,0,1,0,1,0,1,0,0,1,0,1,0,0,1,0,1.0688543076849182,-2.0428601001451057
-0.3849972387139482,0.0,1.6780301137047735,-0.33606808855469933,0.0,0.0,0.10137532978611936,0,0.8534056558264562,1,0,1,0,0,1,1,0,1,0,0,0,0,0,1,0,0,1,0,1,0,0,0,1,0,1,0,1,0,1,0,1,0,1,0,1,0,1,0,0,1,0,1,0,1,0,2.773092196300997,-0.4184362919693433
1.081220493948056,0.0,-1.3249171128268444,0.24446373527230422,0.0,0.0,1.863452179595359,0,0.883549722902369,1,0,0,1,0,1,1,0,1,0,0,0,0,0,0,1,0,1,0,0,1,0,1,0,1,0,1,0,1,0,1,0,1,0,1,0,0,1,1,0,0,0,1,1,0,0,0.6515553200415768,0.0007077803482982773
-0.9128356224722697,0.0,0.31665079869616314,-1.9375899111105526,0.0,0.0,0.10137532978611936,0,-0.7291578656589616,1,0,1,0,0,1,1,0,1,0,0,0,0,0,1,0,1,0,0,0,0,1,1,0,1,0,1,0,1,0,1,0,1,0,1,0,1,0,0,0,1,1,0,0,1,0,-0.541064209502397,-1.3435848171255131
-1.6166201341500317,0.0,0.8251412145926618,1.2028038281759472,0.0,0.0,-0.7796630951185004,1,0.22959093439437359,0,1,1,0,1,0,1,0,1,0,0,0,0,0,0,1,0,1,0,0,1,0,1,0,1,0,1,0,1,0,1,0,1,0,0,1,0,1,1,0,0,1,0,1,0,0,-0.788352325645662,0.7415450627703434
-0.6195920759398689,0.0,-1.4591741486566596,0.5414890984678798,0.0,0.0,1.863452179595359,0,-1.683719989729531,1,0,1,0,0,1,1,0,1,0,0,0,0,0,1,0,0,1,1,0,0,0,1,0,1,0,0,1,1,0,0,1,1,0,1,0,1,0,0,1,0,0,1,0,1,0,-1.2425335216875528,-0.991784010246852
-1.6166201341500317,0.0,0.5527356346481089,-1.9375899111105526,0.0,0.0,0.10137532978611936,0,0.5293569347603945,0,1,1,0,1,0,1,0,0,0,0,0,1,0,1,0,1,0,0,0,0,1,1,0,1,0,1,0,1,0,1,0,1,0,1,0,1,0,1,0,0,1,0,0,1,0,-0.7058761955584326,-1.2683456361313266
-1.4406740062305912,0.0,1.4017330254752987,1.2654537340011538,0.0,0.0,-1.2201823075708103,1,0.30662577247726164,0,1,1,0,1,0,1,0,0,0,0,0,0,1,1,0,0,1,0,0,1,0,1,0,0,1,1,0,1,0,1,0,1,0,0,1,0,1,1,0,0,0,1,1,0,0,-2.1932897025493716,0.9248016626273889
-0.15040240148802755,0.0,1.751968771118295,-1.9375899111105526,0.0,0.0,-0.7796630951185004,1,-0.06515105479232856,1,0,1,0,1,0,1,0,1,0,0,0,0,0,1,0,1,0,0,0,0,1,1,0,1,0,1,0,1,0,1,0,1,0,1,0,1,0,1,0,0,1,0,0,0,1,-3.3594821627154308,-0.6663817387360728
-1.4406740062305912,0.0,-0.021910422092066707,1.0438898632431284,0.0,0.0,0.10137532978611936,1,-0.39003711105494343,0,1,1,0,1,0,1,0,0,0,0,0,0,1,1,0,0,1,0,0,1,0,1,0,1,0,0,1,1,0,1,0,1,0,1,0,1,0,1,0,0,0,1,0,0,1,-2.3460996401156073,0.9119864515658888
1.081220493948056,0.0,-1.2451411929859395,-1.0914725668313427,0.0,0.0,-0.7796630951185004,1,0.10231598451829765,1,0,0,1,1,0,1,0,1,0,0,0,0,0,0,1,0,1,0,0,1,0,1,0,1,0,1,0,1,0,0,1,0,1,1,0,0,1,1,0,0,0,1,1,0,0,1.2873574255018314,0.5573458969371885
0.7879769474156552,0.0,-0.5907192164048591,0.40720749028027037,0.0,0.0,0.9824137546907391,0,0.32923382278419616,1,0,1,0,0,1,1,0,1,0,0,0,0,0,0,1,0,1,0,1,0,0,1,0,1,0,1,0,0,1,0,1,0,1,0,1,0,1,0,1,0,0,1,1,0,0,1.080540375105624,-0.05223392794106866
-0.5609433666333887,0.0,1.2065090265150358,0.6007621217270765,0.0,0.0,0.9824137546907391,0,-1.4099113804566572,1,0,1,0,1,0,1,0,0,0,1,0,0,0,0,1,0,1,0,0,1,0,1,0,1,0,1,0,1,0,1,0,1,0,1,0,0,1,1,0,0,1,0,1,0,0,1.7527763286878393,-0.28936251988034967
1.3158153311739766,0.0,0.01570749132884762,0.33012629336122234,0.0,0.0,0.10137532978611936,0,0.615602460005367,1,0,0,1,0,1,1,0,0,0,1,0,0,0,0,1,0,1,0,0,1,0,0,1,1,0,0,1,1,0,0,1,0,1,0,1,0,1,0,1,0,0,1,1,0,0,2.6996884697567154,0.323029576132898
-1.675268843456512,0.0,1.220777890226417,1.2654537340011538,0.0,0.0,-1.2201823075708103,1,-0.3414716696548618,0,1,1,0,0,1,1,0,1,0,0,0,0,0,0,1,0,1,1,0,0,0,0,1,0,1,1,0,0,1,1,0,1,0,1,0,0,1,1,0,0,1,0,1,0,0,1.1390531518110996,-0.34075330778355034
1.5504101683998974,0.0,1.4756716828888201,0.4772711516590301,0.0,0.0,-1.2201823075708103,1,0.5486156442811165,1,0,0,1,0,1,1,0,1,0,0,0,0,0,0,1,0,1,1,0,0,0,1,0,1,0,1,0,1,0,1,0,0,1,1,0,0,1,1,0,0,0,1,1,0,0,0.5345572888747118,0.7653286844900309
-0.5022946573269086,0.0,1.0300939842652304,0.40720749028027037,0.0,0.0,0.10137532978611936,0,0.10482799010795706,1,0,1,0,0,1,1,0,0,1,0,0,0,0,0,1,0,1,0,1,0,0,0,1,0,1,0,1,0,1,0,1,0,1,0,1,0,1,0,0,1,0,1,0,1,0,2.837959143106622,-0.1736985647187629
-0.15040240148802755,0.0,1.2480184482208725,0.5414890984678798,0.0,0.0,-0.7796630951185004,1,1.804618439110813,1,0,1,0,0,1,1,0,1,0,0,0,0,0,0,1,0,1,0,0,1,0,1,0,0,1,1,0,1,0,0,1,0,1,0,1,0,1,1,0,0,0,1,0,1,0,2.4572683991744517,0.32088087154474965
-0.678240785246349,0.0,-0.6484432559645382,-0.5576319593127251,0.0,0.0,-1.2201823075708103,1,-0.853920809945378,1,0,1,0,1,0,1,0,1,0,0,0,0,0,0,1,0,1,0,1,0,0,1,0,1,0,0,1,0,1,0,1,0,1,0,1,0,1,0,1,0,0,1,0,1,0,0.3109637940216715,0.5820327983348649
1.5504101683998974,0.0,-0.6049880801162405,-0.09080483414810245,0.0,0.0,0.10137532978611936,1,-1.3856286597566163,1,0,0,1,1,0,1,0,0,0,0,0,0,1,1,0,0,1,0,0,1,0,1,0,1,0,1,0,1,0,1,0,1,0,1,0,0,1,1,0,0,0,1,1,0,0,-2.0000624936692946,0.7170640730379124
-1.3820252969241111,0.0,0.21093149028911057,-1.9375899111105526,0.0,0.0,-1.2201823075708103,1,-0.77688597186249,0,1,1,0,1,0,1,0,0,0,0,0,0,1,1,0,1,0,0,0,0,1,1,0,1,0,1,0,1,0,1,0,1,0,1,0,1,0,1,0,0,1,0,0,1,0,-2.6467038460134025,-0.7802494746702374
-1.3233765876176309,0.0,1.7642918806872154,0.7071612569928716,0.0,0.0,-0.7796630951185004,1,-0.6931524522071769,0,1,1,0,0,1,1,0,1,0,0,0,0,0,0,1,0,1,0,0,1,0,1,0,0,1,0,1,1,0,0,1,1,0,1,0,0,1,1,0,0,0,1,1,0,0,1.8972275065362478,0.5226237608663313
-1.1474304596981904,0.0,0.3866979478247626,-1.9375899111105526,0.0,0.0,0.9824137546907391,0,-0.09027111068892249,0,1,1,0,1,0,1,0,1,0,0,0,0,0,1,0,1,0,0,0,0,1,1,0,1,0,1,0,1,0,1,0,1,0,1,0,1,0,0,0,1,1,0,0,1,0,0.6783007959333018,-1.947874622103678
0.14284114504437329,0.0,1.1020868875362906,0.33012629336122234,0.0,0.0,0.10137532978611936,0,0.7520880970435274,1,0,1,0,0,1,1,0,0,0,1,0,0,0,0,1,0,1,0,1,0,0,0,1,0,1,0,1,1,0,1,0,1,0,1,0,0,1,0,1,0,1,0,0,1,0,2.2892787016418925,-0.8520343978627269
0.20148985435085345,0.0,0.44636774152690256,-0.1642097988027183,0.0,0.0,-1.2201823075708103,1,1.5944473047759773,1,0,1,0,1,0,1,0,0,1,0,0,0,0,0,1,0,1,0,1,0,0,0,1,0,1,0,1,0,1,1,0,0,1,0,1,0,1,0,1,0,0,1,0,1,0,2.5423557574585907,-0.5945932959294712
-0.3849972387139482,0.0,0.04294804932330301,-1.9375899111105526,0.0,0.0,-1.2201823075708103,1,-1.1444761231493146,1,0,1,0,1,0,1,0,0,0,0,0,0,1,1,0,1,0,0,0,0,1,1,0,1,0,1,0,1,0,1,0,1,0,1,0,1,0,1,0,0,1,0,0,0,1,-3.632860556793756,-0.6416757053609428
0.025543726431412957,0.0,-0.2145400821957147,0.28848538496648446,0.0,0.0,-1.2201823075708103,1,0.32839648758764306,1,0,1,0,1,0,1,0,1,0,0,0,0,0,0,1,0,1,0,0,1,0,1,0,0,1,1,0,1,0,1,0,1,0,1,0,0,1,1,0,0,0,1,1,0,0,0.6178324042440989,0.4154766305551308
0.14284114504437329,0.0,-0.029044853947757337,0.65579761464225,0.0,0.0,-0.7796630951185004,1,-0.25857548519610185,1,0,1,0,1,0,1,0,1,0,0,0,0,0,0,1,0,1,1,0,0,0,1,0,1,0,1,0,1,0,0,1,1,0,1,0,0,1,1,0,0,0,1,1,0,0,-2.664330530524726,0.4877208159377948
-0.20905111079450772,0.0,-1.366426534532681,0.24446373527230422,0.0,0.0,0.10137532978611936,0,0.2061455488908859,1,0,1,0,0,1,1,0,0,0,1,0,0,0,0,1,0,1,0,0,1,0,0,1,1,0,1,0,1,0,0,1,0,1,0,1,0,1,0,1,0,0,1,0,1,0,2.1234032241902794,0.0865650329007098
-1.4993227155370714,0.0,-1.4591741486566596,0.6287713610382961,0.0,0.0,0.9824137546907391,0,-0.035844322912968976,0,1,1,0,0,1,1,0,1,0,0,0,0,0,1,0,0,1,1,0,0,0,1,0,0,1,1,0,1,0,0,1,0,1,0,1,0,1,0,0,1,1,0,0,1,0,-0.1016745004434114,-1.1880071953575864
-0.32634852940746806,0.0,-1.4591741486566596,-0.24535522255213305,0.0,0.0,-0.7796630951185004,1,-1.3990260229014664,1,0,1,0,0,1,1,0,1,0,0,0,0,0,1,0,0,1,0,1,0,0,1,0,1,0,0,1,1,0,0,1,0,1,0,1,0,1,1,0,0,0,1,1,0,0,-1.6658678822494992,-0.3847079808483025
-1.3233765876176309,0.0,-1.1926058311394903,-1.9375899111105526,0.0,0.0,-1.2201823075708103,1,0.05291320792166292,0,1,1,0,1,0,1,0,1,0,0,0,0,0,1,0,1,0,0,0,0,1,1,0,1,0,1,0,1,0,1,0,1,0,1,0,1,0,1,0,0,0,1,0,0,1,-4.096308335180282,-0.6453186270731824
-0.09175369218154737,0.0,0.6000823187813289,0.5716956836265287,0.0,0.0,0.10137532978611936,1,0.6524452086537048,1,0,1,0,0,1,1,0,0,0,0,0,0,1,1,0,0,1,0,0,1,0,1,0,1,0,0,1,1,0,1,0,1,0,1,0,0,1,1,0,0,0,1,1,0,0,-0.32236533316882254,0.6352556390716714
-0.9128356224722697,0.0,-0.6847639999571452,0.7071612569928716,0.0,0.0,-1.2201823075708103,1,0.858429667005775,1,0,1,0,1,0,1,0,0,0,0,0,0,1,0,1,0,1,1,0,0,0,1,0,1,0,0,1,1,0,0,1,0,1,0,1,1,0,1,0,0,0,1,1,0,0,-1.0474294807507603,1.5532472123841372
0.3187872729638138,0.0,-1.4591741486566596,0.7071612569928716,0.0,0.0,0.10137532978611936,0,1.0987448684165237,1,0,1,0,0,1,1,0,1,0,0,0,0,0,1,0,0,1,0,1,0,0,0,1,1,0,0,1,1,0,0,1,0,1,0,1,0,1,0,1,0,1,0,0,1,0,-0.4725733834146641,-0.7890049673474374
0.08419243573789313,0.0,0.03516503275345858,-1.9375899111105526,0.0,0.0,0.10137532978611936,0,0.5795970465535824,1,0,1,0,1,0,1,0,1,0,0,0,0,0,1,0,1,0,0,0,0,1,1,0,1,0,1,0,1,0,1,0,1,0,1,0,1,0,0,1,0,1,0,0,1,0,-2.270888434009471,-0.8467373499210304
0.43608469157677415,0.0,-0.9026884639127875,1.1896382221608675,0.0,0.0,0.10137532978611936,1,1.1431236338338395,1,0,1,0,0,1,0,1,0,0,0,0,0,1,0,1,0,1,0,1,0,0,1,0,1,0,1,0,1,0,1,0,1,0,1,0,0,1,1,0,0,0,1,1,0,0,-1.8224328903222193,0.04448888384174238
-0.15040240148802755,0.0,-1.308053910258848,-1.0914725668313427,0.0,0.0,1.863452179595359,0,-1.5162529504189048,1,0,1,0,1,0,1,0,1,0,0,0,0,0,1,0,0,1,0,1,0,0,1,0,1,0,1,0,0,1,1,0,1,0,1,0,0,1,1,0,0,0,1,0,1,0,-0.26066717790064575,-0.49285467121722126
0.8466256567221353,0.0,1.4568627261783629,0.6819075454764912,0.0,0.0,1.863452179595359,0,-0.7392058880175991,1,0,1,0,1,0,1,0,0,0,0,0,1,0,0,1,0,1,0,0,1,0,1,0,1,0,0,1,1,0,1,0,1,0,1,0,0,1,1,0,0,1,0,1,0,0,0.5466177881497684,0.5576256756153009
1.6090588777063775,0.0,-1.1147756654410466,-0.09080483414810245,0.0,0.0,-1.2201823075708103,1,1.0702754717337173,1,0,0,1,0,1,1,0,1,0,0,0,0,0,0,1,0,1,0,0,1,0,1,0,1,0,1,0,1,0,0,1,0,1,0,1,0,1,1,0,0,0,1,1,0,0,0.5126199964752676,0.8837573171699575
0.4947334008832543,0.0,-0.9610610881866203,-0.33606808855469933,0.0,0.0,0.9824137546907391,0,-0.49637868101719107,1,0,1,0,0,1,1,0,0,0,0,0,1,0,1,0,0,1,0,1,0,0,0,1,1,0,1,0,0,1,1,0,1,0,1,0,1,0,0,1,0,0,1,0,1,0,0.007902372340394967,-0.2809481348447027
0.43608469157677415,0.0,-0.7282191758054429,0.36963080871589915,0.0,0.0,0.9824137546907391,0,1.178291712089071,1,0,1,0,0,1,1,0,1,0,0,0,0,0,1,0,0,1,0,1,0,0,0,1,1,0,0,1,0,1,0,1,0,1,0,1,1,0,0,1,0,1,0,0,1,0,0.4900534834148543,0.47200148778828455
-0.5022946573269086,0.0,0.1266154774491299,0.6287713610382961,0.0,0.0,0.10137532978611936,1,-1.7599174926158658,1,0,1,0,1,0,1,0,1,0,0,0,0,0,1,0,0,1,0,0,1,0,1,0,1,0,0,1,0,1,1,0,1,0,1,0,0,1,0,0,1,0,1,1,0,0,1.5091332446823393,0.07670733333871772
-0.03310498287506721,0.0,-0.7762144446528165,-0.24535522255213305,0.0,0.0,0.10137532978611936,1,-0.1413485576786635,1,0,1,0,1,0,1,0,0,0,0,0,0,1,1,0,0,1,0,0,1,0,1,0,1,0,1,0,1,0,0,1,0,1,0,1,0,1,1,0,0,0,1,1,0,0,-1.71458710235224,1.3075091511226566
1.2571666218674964,0.0,-1.1050468947287408,0.5414890984678798,0.0,0.0,-1.2201823075708103,1,-0.9518890279420944,1,0,0,1,1,0,1,0,1,0,0,0,0,0,1,0,0,1,0,0,1,0,1,0,0,1,1,0,1,0,1,0,1,0,1,0,1,0,1,0,0,0,1,1,0,0,-0.6700867922005649,0.497254913702879
1.5504101683998974,0.0,1.2519099565057943,0.24446373527230422,0.0,0.0,0.9824137546907391,0,0.09394263255276634,1,0,0,1,1,0,1,0,0,0,1,0,0,0,0,1,0,1,0,0,1,0,1,0,1,0,0,1,1,0,1,0,0,1,0,1,0,1,0,0,1,0,1,1,0,0,2.638770499562832,-0.1451907098792871
1.1398692032545361,0.0,-0.7677828433688184,0.19777251896391848,0.0,0.0,-1.2201823075708103,1,-1.6853946601226373,1,0,0,1,1,0,1,0,1,0,0,0,0,0,0,1,0,1,0,0,1,0,1,0,0,1,1,0,1,0,0,1,0,1,1,0,0,1,1,0,0,0,1,0,1,0,-0.12040723242809857,1.3139719359863722
1.9023024242387783,0.0,0.816709613308664,0.28848538496648446,0.0,0.0,-0.7796630951185004,1,0.48246616375341916,1,0,0,1,1,0,1,0,0,0,0,0,0,1,1,0,0,1,0,0,1,0,1,0,1,0,0,1,1,0,1,0,1,0,1,0,1,0,1,0,0,0,1,1,0,0,-2.1920792376573157,0.9301592669001617
0.08419243573789313,0.0,-0.1749764146323392,0.28848538496648446,0.0,0.0,-1.2201823075708103,1,-0.7936326757935526,1,0,1,0,0,1,1,0,1,0,0,0,0,0,1,0,0,1,1,0,0,0,0,1,1,0,0,1,0,1,0,1,1,0,1,0,0,1,0,1,0,0,1,1,0,0,0.4303395039458984,0.06437318021333945
-1.3233765876176309,0.0,-0.7152474815223689,1.1055362911451465,0.0,0.0,0.10137532978611936,0,-0.5625281615448884,0,1,1,0,0,1,0,1,0,0,0,0,0,1,1,0,0,1,0,1,0,0,1,0,0,1,1,0,1,0,0,1,1,0,1,0,0,1,1,0,0,0,1,0,1,0,-1.932308762701081,0.32852707716420343
0.08419243573789313,0.0,1.0236081371236931,0.5414890984678798,0.0,0.0,0.9824137546907391,0,1.6086820031173805,1,0,1,0,0,1,1,0,1,0,0,0,0,0,0,1,0,1,0,1,0,0,0,1,0,1,0,1,0,1,0,1,0,1,0,1,0,1,0,0,1,1,0,1,0,0,2.893109697815753,-0.3783683103541976
-0.3849972387139482,0.0,1.6592211569943163,1.1346027292456944,0.0,0.0,0.10137532978611936,0,-1.4266580843877197,1,0,1,0,0,1,0,1,1,0,0,0,0,0,0,1,0,1,0,0,1,0,1,0,0,1,1,0,1,0,0,1,1,0,1,0,1,0,1,0,0,0,1,1,0,0,1.6821609363440169,0.43774762309559584
-1.0887817503917103,0.0,-1.1686081967158033,1.2654537340011538,0.0,0.0,-1.2201823075708103,1,-1.3052444808875157,0,1,1,0,1,0,1,0,0,0,0,1,0,0,1,0,0,1,0,0,1,0,0,1,1,0,0,1,0,1,0,1,1,0,0,1,0,1,0,1,0,0,1,1,0,0,1.400535616014231,0.49363946661887326
-0.4436459480204284,0.0,-0.4181956824399756,0.33012629336122234,0.0,0.0,0.10137532978611936,0,-1.862072386595348,1,0,1,0,1,0,1,0,1,0,0,0,0,0,1,0,0,1,0,0,1,0,0,1,0,1,0,1,0,1,0,1,0,1,0,1,0,1,1,0,0,0,1,1,0,0,0.9761685675182961,1.3078548195959636
0.4947334008832543,0.0,-1.4591741486566596,0.5414890984678798,0.0,0.0,0.10137532978611936,1,-1.0213878492560042,1,0,1,0,1,0,0,1,1,0,0,0,0,0,1,0,0,1,0,1,0,0,1,0,1,0,0,1,1,0,1,0,1,0,1,0,1,0,1,0,0,1,0,0,1,0,-0.9563142858627524,-1.522945760002785
-1.0887817503917103,0.0,1.638466446141398,0.6007621217270765,0.0,0.0,0.10137532978611936,1,-0.5491307984000383,0,1,1,0,0,1,1,0,1,0,0,0,0,0,0,1,0,1,0,0,1,0,1,0,1,0,1,0,1,0,1,0,0,1,0,1,0,1,1,0,0,0,1,1,0,0,0.6634506480389905,0.716515420891483
-0.6195920759398689,0.0,1.41600188918668,-0.33606808855469933,0.0,0.0,-0.7796630951185004,1,-0.9016489161489065,1,0,1,0,1,0,1,0,1,0,0,0,0,0,1,0,0,1,0,0,1,0,1,0,1,0,1,0,1,0,0,1,1,0,1,0,0,1,1,0,0,0,1,1,0,0,1.2196364251482488,0.24760364157518897
0.08419243573789313,0.0,1.7143508576973807,0.19777251896391848,0.0,0.0,-1.2201823075708103,1,0.7855815049056526,1,0,1,0,1,0,1,0,1,0,0,0,0,0,0,1,0,1,0,0,1,0,1,0,1,0,1,0,1,0,0,1,0,1,0,1,0,1,1,0,0,0,1,1,0,0,0.6794391998102671,0.9962802690461697
-1.6166201341500317,0.0,0.26800694513463585,0.6287713610382961,0.0,0.0,0.10137532978611936,0,1.0761368181095892,0,1,1,0,1,0,0,1,0,0,0,0,1,0,1,0,0,1,0,1,0,0,1,0,1,0,1,0,1,0,1,0,1,0,0,1,0,1,1,0,0,1,0,0,1,0,-0.5336963473230336,-0.41018785718467593
1.8436537149322982,0.0,0.7907662247425157,0.6287713610382961,0.0,0.0,0.10137532978611936,1,0.6934746332848082,1,0,0,1,1,0,1,0,0,0,0,1,0,0,1,0,0,1,0,0,1,0,1,0,1,0,1,0,1,0,0,1,0,1,1,0,0,1,1,0,0,0,1,1,0,0,1.190624491082774,0.6819794505140679
0.6120308194962146,0.0,-0.8274526370709586,-1.9375899111105526,0.0,0.0,1.863452179595359,0,0.02779315202506899,1,0,1,0,1,0,1,0,1,0,0,0,0,0,1,0,1,0,0,0,0,1,1,0,1,0,1,0,1,0,1,0,1,0,1,0,1,0,0,1,0,1,0,0,1,0,-1.4245739478449426,-1.1178074675265657
-1.4406740062305912,0.0,0.2563324202798693,1.0276751759851788,0.0,0.0,0.9824137546907391,0,0.7227813651641678,0,1,1,0,1,0,1,0,0,1,0,0,0,0,0,1,0,1,0,1,0,0,0,1,0,1,0,1,0,1,0,1,1,0,1,0,1,0,0,0,1,0,1,0,1,0,2.5430731373298627,-0.5724796581263271
-1.03013304108523,0.0,1.7059192564133823,0.6007621217270765,0.0,0.0,0.10137532978611936,1,-0.25606347960644243,1,0,1,0,0,1,1,0,0,1,0,0,0,0,0,1,0,1,0,0,1,0,1,0,1,0,0,1,1,0,0,1,0,1,0,1,0,1,1,0,0,0,1,0,1,0,3.0289114028843143,0.017560375150173897
1.3158153311739766,0.0,0.14153292587466496,0.36963080871589915,0.0,0.0,0.10137532978611936,0,0.011883783290559499,1,0,0,1,0,1,1,0,0,0,1,0,0,0,0,1,0,1,0,0,1,0,1,0,0,1,1,0,1,0,1,0,0,1,1,0,1,0,0,0,1,1,0,1,0,0,2.40399327293586,-0.09220901753693675
-0.4436459480204284,0.0,1.2013203488018063,0.6287713610382961,0.0,0.0,-1.2201823075708103,1,-1.371393961415213,1,0,1,0,1,0,0,1,0,0,0,0,0,1,1,0,0,1,0,1,0,0,1,0,1,0,1,0,1,0,0,1,1,0,1,0,0,1,1,0,0,1,0,1,0,0,-0.6668306405109925,0.04119451973697126
-1.4993227155370714,0.0,-1.4591741486566596,1.120206624171783,0.0,0.0,0.9824137546907391,0,-0.042543004485394026,0,1,1,0,0,1,1,0,1,0,0,0,0,0,1,0,0,1,0,1,0,0,0,1,0,1,0,1,0,1,0,1,0,1,0,1,0,1,0,0,1,1,0,0,1,0,0.34683312788469123,-0.772804114585978
0.6120308194962146,0.0,0.6247285379191695,0.19777251896391848,0.0,0.0,-0.7796630951185004,1,0.6331864991329827,1,0,1,0,1,0,1,0,1,0,0,0,0,0,1,0,0,1,0,0,1,0,1,0,1,0,1,0,1,0,0,1,1,0,1,0,1,0,1,0,0,1,0,1,0,0,-2.16648295309063,1.0609971443294017
1.2571666218674964,0.0,-0.7230304980922134,0.5414890984678798,0.0,0.0,0.10137532978611936,0,0.7713468065642494,1,0,0,1,0,1,1,0,1,0,0,0,0,0,1,0,0,1,0,1,0,0,0,1,0,1,1,0,0,1,0,1,1,0,1,0,0,1,0,1,0,0,1,1,0,0,2.2363884010166792,-0.8697141407479669
1.1985179125610164,0.0,0.21222865971741794,-1.0914725668313427,0.0,0.0,-1.2201823075708103,1,0.13413472198731663,1,0,0,1,0,1,1,0,0,0,0,0,0,1,1,0,0,1,0,0,1,0,0,1,1,0,1,0,0,1,0,1,1,0,1,0,0,1,1,0,0,0,1,0,0,1,-1.1359309745674593,1.197849858011766
-0.4436459480204284,0.0,-0.20610848091171668,0.4772711516590301,0.0,0.0,0.10137532978611936,1,-1.780850872529694,1,0,1,0,1,0,1,0,1,0,0,0,0,0,1,0,0,1,0,0,1,0,1,0,1,0,1,0,1,0,1,0,0,1,0,1,0,1,1,0,0,1,0,1,0,0,-2.3194049823558984,1.0647273596047397
0.8466256567221353,0.0,0.004681551188234887,-0.023791351794107286,0.0,0.0,0.10137532978611936,1,1.3591561145445474,1,0,1,0,0,1,1,0,0,0,0,1,0,0,0,1,0,1,0,0,1,0,1,0,1,0,0,1,1,0,1,0,1,0,1,0,0,1,1,0,0,0,1,1,0,0,1.1354755810045598,0.18468175688721297
-0.678240785246349,0.0,0.349080034403848,-0.5576319593127251,0.0,0.0,1.863452179595359,0,1.7635890144797097,1,0,1,0,0,1,1,0,0,0,1,0,0,0,0,1,0,1,0,1,0,0,1,0,0,1,0,1,1,0,0,1,0,1,0,1,1,0,0,1,0,0,1,1,0,0,2.313478553654418,-0.39885734390319505
0.43608469157677415,0.0,-0.7872403847934294,1.1346027292456944,0.0,0.0,0.9824137546907391,0,-1.0372972179905138,1,0,1,0,1,0,0,1,0,0,0,1,0,0,0,1,0,1,0,0,1,0,0,1,1,0,0,1,1,0,1,0,0,1,0,1,0,1,1,0,0,0,1,1,0,0,1.3400352090291878,0.6276138724344756
0.8466256567221353,0.0,-0.987004476752768,-0.33606808855469933,0.0,0.0,-1.2201823075708103,1,-1.5748664141776239,1,0,1,0,1,0,1,0,0,0,0,0,1,0,0,1,0,1,0,1,0,0,0,1,1,0,1,0,1,0,1,0,1,0,1,0,0,1,1,0,0,0,1,1,0,0,-0.12930719709598892,-0.3189878046436197
-1.4993227155370714,0.0,-0.691898431812836,-1.9375899111105526,0.0,0.0,1.863452179595359,0,-1.939107224678236,0,1,1,0,1,0,1,0,1,0,0,0,0,0,1,0,1,0,0,0,0,1,1,0,1,0,1,0,1,0,1,0,1,0,1,0,1,0,1,0,0,1,0,1,0,0,-3.8541848819684352,-0.6460650319443273
1.7263562963193377,0.0,-0.3818749384473687,-0.869908696073317,0.0,0.0,0.10137532978611936,1,0.2731323646151364,1,0,0,1,0,1,1,0,1,0,0,0,0,0,0,1,0,1,0,0,1,0,1,0,0,1,1,0,1,0,0,1,0,1,1,0,0,1,1,0,0,0,1,1,0,0,1.5582894860395495,0.6117864145760648
-0.8541869131657895,0.0,-0.5764503526934779,0.5716956836265287,0.0,0.0,-1.2201823075708103,1,-1.9340832134989172,1,0,1,0,1,0,1,0,1,0,0,0,0,0,0,1,0,1,0,0,1,0,1,0,1,0,1,0,1,0,1,0,1,0,1,0,0,1,1,0,0,0,1,1,0,0,-2.4913033511632445,0.9108217659487706
1.0225717846415758,0.0,1.4030301949036061,-0.869908696073317,0.0,0.0,0.10137532978611936,1,-1.448428799498101,1,0,0,1,0,1,1,0,1,0,0,0,0,0,0,1,0,1,0,0,1,0,1,0,1,0,0,1,0,1,1,0,1,0,1,0,1,0,1,0,0,0,1,1,0,0,0.4820138447883236,0.6886540789550705
-0.15040240148802755,0.0,1.360223603769462,-0.1642097988027183,0.0,0.0,0.10137532978611936,0,0.6650052366020017,1,0,1,0,0,1,1,0,0,1,0,0,0,0,0,1,0,1,1,0,0,0,1,0,1,0,0,1,1,0,0,1,0,1,0,1,1,0,0,0,1,0,1,1,0,0,2.700923532391428,-0.7106274856525882
1.374464040480457,0.0,1.531449968306038,0.6287713610382961,0.0,0.0,-1.2201823075708103,1,0.5762477057673698,1,0,0,1,1,0,1,0,1,0,0,0,0,0,0,1,0,1,0,0,1,0,1,0,1,0,1,0,0,1,0,1,1,0,1,0,0,1,1,0,0,0,1,1,0,0,1.0250866124448295,0.7531850862246016
-0.20905111079450772,0.0,0.009870228901464355,0.5716956836265287,0.0,0.0,0.9824137546907391,0,0.5980184208777513,1,0,1,0,0,1,0,1,1,0,0,0,0,0,1,0,0,1,1,0,0,0,1,0,1,0,1,0,1,0,1,0,1,0,1,0,1,0,0,1,0,0,1,0,1,0,1.4142894387063605,-1.3756477985192135
1.9023024242387783,0.0,-0.3351768390283026,0.24446373527230422,0.0,0.0,0.10137532978611936,0,1.2678865781202562,1,0,0,1,1,0,1,0,1,0,0,0,0,0,0,1,0,1,0,0,1,0,1,0,0,1,0,1,0,1,0,1,1,0,1,0,0,1,0,0,1,0,1,1,0,0,2.3872552451325793,0.2913153576346285
-1.3820252969241111,0.0,0.034516448039305016,-1.9375899111105526,0.0,0.0,0.9824137546907391,0,-1.3044071456909625,0,1,1,0,1,0,1,0,0,0,0,0,1,0,1,0,1,0,0,0,0,1,1,0,1,0,1,0,1,0,1,0,1,0,1,0,1,0,0,1,0,1,0,0,1,0,-0.6765521558826879,-1.283640896985695
-0.3849972387139482,0.0,0.44831349566936374,0.6819075454764912,0.0,0.0,0.9824137546907391,0,0.9413258514645351,1,0,1,0,0,1,0,1,1,0,0,0,0,0,1,0,0,1,0,1,0,0,1,0,1,0,1,0,1,0,1,0,1,0,1,0,0,1,1,0,0,1,0,0,1,0,-1.2956572292637858,-0.16526160380269606
0.08419243573789313,0.0,-1.4591741486566596,0.65579761464225,0.0,0.0,1.863452179595359,0,-0.2301060885132954,1,0,1,0,0,1,0,1,1,0,0,0,0,0,1,0,0,1,0,1,0,0,1,0,1,0,0,1,0,1,0,1,0,1,0,1,0,1,0,0,1,1,0,1,0,0,0.5371866200505307,-1.4039903631808621
1.081220493948056,0.0,1.6864617149887717,-0.6980504063213363,0.0,0.0,-1.2201823075708103,1,-0.3004422450237584,1,0,0,1,0,1,1,0,1,0,0,0,0,0,0,1,0,1,0,0,1,0,1,0,0,1,1,0,1,0,0,1,0,1,1,0,0,1,1,0,0,0,1,1,0,0,0.5506780032422011,1.3110336324875975
-0.03310498287506721,0.0,-1.1653652731450348,-1.9375899111105526,0.0,0.0,0.9824137546907391,0,0.9756565945232134,1,0,1,0,1,0,1,0,1,0,0,0,0,0,0,1,1,0,0,0,0,1,1,0,1,0,1,0,1,0,1,0,1,0,1,0,1,0,1,0,0,1,0,1,0,0,-0.6470225290573255,-1.306493098268671
0.7879769474156552,0.0,-0.26448110518554935,0.0949307535196783,0.0,0.0,0.10137532978611936,0,1.809642450290132,1,0,1,0,1,0,1,0,0,0,1,0,0,0,1,0,0,1,0,1,0,0,1,0,0,1,1,0,0,1,0,1,0,1,0,1,1,0,0,1,0,0,1,1,0,0,1.9735441039606891,-0.41968344059489304
1.5504101683998974,0.0,1.5139381810238883,0.33012629336122234,0.0,0.0,-1.2201823075708103,1,0.5603383370328604,1,0,0,1,0,1,1,0,0,0,1,0,0,0,0,1,0,1,0,0,1,0,0,1,1,0,0,1,1,0,1,0,1,0,1,0,0,1,1,0,0,0,1,1,0,0,1.7794433626359654,0.1402883184642457
0.5533821101897345,0.0,-1.4591741486566596,-0.5576319593127251,0.0,0.0,-0.7796630951185004,1,0.8785257117230502,1,0,1,0,0,1,1,0,1,0,0,0,0,0,1,0,0,1,0,1,0,0,1,0,0,1,1,0,1,0,0,1,0,1,0,1,1,0,0,1,0,0,1,1,0,0,-0.037010863980276434,-1.1293528586640829
0.2601385636573336,0.0,-1.4591741486566596,0.14806693795787343,0.0,0.0,1.863452179595359,0,0.6407225159019609,1,0,1,0,1,0,1,0,0,0,0,0,1,0,1,0,0,1,0,1,0,0,1,0,1,0,0,1,1,0,0,1,0,1,0,1,0,1,0,1,0,1,0,1,0,0,-1.5683830750421537,-0.36717650969699867
-0.15040240148802755,0.0,0.22455176928633827,-0.33606808855469933,0.0,0.0,-1.2201823075708103,1,-0.9510516927455412,1,0,1,0,1,0,1,0,1,0,0,0,0,0,1,0,0,1,0,1,0,0,1,0,1,0,1,0,1,0,1,0,0,1,0,1,0,1,1,0,0,0,1,1,0,0,-1.6813452080495073,0.21945309751625908
1.1985179125610164,0.0,-0.01218165137976134,0.44303577337051536,0.0,0.0,0.9824137546907391,0,0.6398851807054078,1,0,0,1,1,0,1,0,1,0,0,0,0,0,1,0,0,1,0,1,0,0,0,1,1,0,1,0,0,1,1,0,1,0,1,0,0,1,0,1,0,1,0,0,1,0,0.036013805645459196,-0.27668243575516527
-0.09175369218154737,0.0,-0.4123584200125924,-1.0914725668313427,0.0,0.0,-0.7796630951185004,1,-0.8756915250557594,1,0,1,0,1,0,1,0,0,0,0,0,0,1,1,0,0,1,0,0,1,0,1,0,1,0,0,1,0,1,1,0,1,0,1,0,0,1,1,0,0,0,1,1,0,0,-1.7968597383293667,1.0012320458388109
-0.9128356224722697,0.0,-1.2029831865659493,0.7071612569928716,0.0,0.0,-1.2201823075708103,1,-1.721400073574422,1,0,1,0,1,0,1,0,1,0,0,0,0,0,1,0,0,1,0,1,0,0,0,1,1,0,1,0,1,0,1,0,1,0,1,0,1,0,1,0,0,0,1,0,1,0,-0.3516687852370854,-0.4977953379853517
1.785005005625818,0.0,-1.0272167290302974,0.14806693795787343,0.0,0.0,-0.7796630951185004,1,-0.0015135798542905987,1,0,0,1,0,1,1,0,1,0,0,0,0,0,0,1,0,1,0,0,1,0,1,0,1,0,0,1,1,0,1,0,1,0,1,0,1,0,1,0,0,0,1,1,0,0,-1.2178762395079792,0.8654253937498115
-1.2060791690046706,0.0,1.751968771118295,-1.9375899111105526,0.0,0.0,0.9824137546907391,0,1.114654237151033,0,1,1,0,0,1,0,1,0,0,0,0,1,0,1,0,1,0,0,0,0,1,1,0,1,0,1,0,1,0,1,0,1,0,1,0,1,0,1,0,0,1,0,0,1,0,-0.4555228531499996,-1.3023952195247455
1.1985179125610164,0.0,-0.4635966124307345,-0.09080483414810245,0.0,0.0,1.863452179595359,0,-0.8053553685452964,1,0,0,1,1,0,1,0,0,0,0,1,0,0,0,1,0,1,0,0,1,0,1,0,1,0,0,1,0,1,0,1,1,0,1,0,0,1,0,0,1,0,1,1,0,0,1.3067986357588268,0.723886750950015
-0.5022946573269086,0.0,1.1857543156621175,-0.6980504063213363,0.0,0.0,0.10137532978611936,1,-0.8103793797246153,1,0,1,0,0,1,1,0,1,0,0,0,0,0,0,1,0,1,0,0,1,0,1,0,1,0,0,1,1,0,0,1,1,0,1,0,0,1,1,0,0,1,0,1,0,0,1.5294633309496168,0.3976718213748942
-0.5609433666333887,0.0,-0.5978536482605499,-1.9375899111105526,0.0,0.0,0.10137532978611936,1,0.5645250130156261,1,0,1,0,1,0,1,0,0,0,0,0,0,1,1,0,1,0,0,0,0,1,1,0,1,0,1,0,1,0,1,0,1,0,1,0,1,0,1,0,0,0,1,0,1,0,-2.898435017762698,-0.7777191612500244
-0.26769982010098786,0.0,0.013761737186386683,0.6007621217270765,0.0,0.0,-1.2201823075708103,1,0.23042826959092672,1,0,1,0,0,1,1,0,0,0,1,0,0,0,0,1,0,1,0,0,1,0,0,1,0,1,0,1,1,0,0,1,0,1,0,1,0,1,0,1,0,0,1,1,0,0,2.7014388429759553,0.5398192240326154
-1.2060791690046706,0.0,1.0956010403947536,-1.9375899111105526,0.0,0.0,0.10137532978611936,0,-1.3563219278772567,0,1,1,0,1,0,1,0,1,0,0,0,0,0,1,0,1,0,0,0,0,1,1,0,1,0,1,0,1,0,1,0,1,0,1,0,1,0,1,0,0,1,0,1,0,0,-1.419708593819741,-1.0029129792471692
-0.4436459480204284,0.0,1.5042094103115826,0.33012629336122234,0.0,0.0,-1.2201823075708103,1,1.138936957851074,1,0,1,0,1,0,1,0,1,0,0,0,0,0,1,0,0,1,0,0,1,0,0,1,1,0,1,0,1,0,0,1,1,0,1,0,0,1,1,0,0,0,1,0,0,1,0.05288015013147746,0.8719348614394378
-1.1474304596981904,0.0,-1.4591741486566596,1.2028038281759472,0.0,0.0,-1.2201823075708103,1,0.5025622084706943,0,1,1,0,0,1,1,0,1,0,0,0,0,0,1,0,0,1,1,0,0,0,0,1,1,0,0,1,1,0,1,0,0,1,0,1,1,0,1,0,0,0,1,1,0,0,-0.22287334585034257,-1.2940815508354353
-1.6166201341500317,0.0,1.4270278293272929,1.0438898632431284,0.0,0.0,-1.2201823075708103,1,1.489780405206836,0,1,1,0,1,0,1,0,0,0,1,0,0,0,0,1,0,1,0,0,1,0,1,0,0,1,0,1,1,0,0,1,0,1,0,1,0,1,0,1,0,0,1,1,0,0,2.7327221753479503,0.3606354124815672
0.5533821101897345,0.0,-0.030342023376064706,0.6007621217270765,0.0,0.0,-0.7796630951185004,1,-1.2416070059494777,1,0,1,0,1,0,1,0,1,0,0,0,0,0,1,0,0,1,0,0,1,0,1,0,1,0,1,0,1,0,1,0,1,0,1,0,0,1,1,0,0,0,1,1,0,0,-2.478672136984346,0.7651927721998673
1.2571666218674964,0.0,-0.3273938224584581,0.40720749028027037,0.0,0.0,-1.2201823075708103,1,0.5687116889983916,1,0,0,1,0,1,1,0,1,0,0,0,0,0,0,1,0,1,0,0,1,0,1,0,0,1,0,1,1,0,0,1,0,1,1,0,0,1,1,0,0,0,1,1,0,0,2.867011239167988,0.09850766109065986
1.7263562963193377,0.0,-0.850153102066338,0.4772711516590301,0.0,0.0,0.10137532978611936,0,1.2653745725305967,1,0,0,1,0,1,1,0,1,0,0,0,0,0,0,1,0,1,0,1,0,0,0,1,1,0,0,1,0,1,1,0,0,1,1,0,0,1,0,0,1,1,0,0,1,0,1.4293922354155333,-0.21973319577281503
0.4947334008832543,0.0,1.0943038709664459,0.5100492557245105,0.0,0.0,-1.2201823075708103,1,0.36356456584287455,1,0,1,0,1,0,1,0,0,0,1,0,0,0,0,1,0,1,0,0,1,0,1,0,1,0,1,0,0,1,0,1,0,1,0,1,1,0,0,1,0,0,1,1,0,0,2.1093215502521496,0.5755027225344536
1.7263562963193377,0.0,0.5624644053604145,0.5100492557245105,0.0,0.0,-0.7796630951185004,1,-1.3278525311944502,1,0,0,1,1,0,1,0,0,0,0,0,1,0,1,0,0,1,0,0,1,0,1,0,0,1,1,0,1,0,0,1,0,1,1,0,0,1,1,0,0,0,1,1,0,0,1.098169527717372,0.8468703239810048
-1.1474304596981904,0.0,-0.8261554676426512,0.6287713610382961,0.0,0.0,-0.7796630951185004,1,0.19526019133569522,0,1,1,0,0,1,1,0,0,0,0,0,0,1,1,0,0,1,1,0,0,0,1,0,1,0,1,0,1,0,1,0,1,0,1,0,0,1,1,0,0,0,1,1,0,0,-2.0496543217713703,0.7216348931486188
0.6706795288026948,0.0,1.7402942462635285,0.5100492557245105,0.0,0.0,0.10137532978611936,0,1.0200353599405294,1,0,1,0,0,1,1,0,1,0,0,0,0,0,1,0,0,1,0,0,1,0,1,0,1,0,1,0,1,0,1,0,0,1,0,1,0,1,1,0,0,1,0,1,0,0,1.574643610578657,0.14256999110438223
-0.3849972387139482,0.0,0.5475469569348795,-0.023791351794107286,0.0,0.0,-1.2201823075708103,1,0.01858246486298455,1,0,1,0,0,1,1,0,0,1,0,0,0,0,0,1,0,1,0,0,1,0,0,1,1,0,1,0,0,1,1,0,0,1,0,1,0,1,0,1,0,0,1,0,1,0,2.777194771961132,-0.08973490550357986
1.8436537149322982,0.0,0.6286200462040914,-0.023791351794107286,0.0,0.0,0.9824137546907391,0,0.08305727499757565,1,0,0,1,1,0,1,0,1,0,0,0,0,0,0,1,0,1,0,0,1,0,1,0,1,0,1,0,1,0,0,1,0,1,0,1,0,1,0,0,1,0,1,1,0,0,0.700571395322578,0.97484824151065
1.6090588777063775,0.0,1.2583958036473315,-0.023791351794107286,0.0,0.0,-1.2201823075708103,1,-0.6906404466175174,1,0,0,1,1,0,1,0,1,0,0,0,0,0,0,1,0,1,0,0,1,0,1,0,0,1,1,0,1,0,1,0,1,0,1,0,0,1,1,0,0,0,1,1,0,0,-1.2613253926933927,0.9520219607260791
-0.8541869131657895,0.0,-0.8747993212041785,-0.5576319593127251,0.0,0.0,0.10137532978611936,0,-0.6412376700208827,1,0,1,0,0,1,1,0,1,0,0,0,0,0,1,0,0,1,0,1,0,0,0,1,1,0,1,0,1,0,1,0,1,0,1,0,0,1,0,1,0,1,0,0,1,0,0.13555966515294204,-0.6054441101174824
-1.0887817503917103,0.0,0.44636774152690256,-1.9375899111105526,0.0,0.0,0.10137532978611936,0,0.6993359796606802,0,1,1,0,1,0,1,0,0,0,0,1,0,0,1,0,1,0,0,0,0,1,1,0,1,0,1,0,1,0,1,0,1,0,1,0,1,0,0,0,1,0,1,0,1,0,-0.4501838046048767,-1.337256878651153
-0.8541869131657895,0.0,0.4106955822484492,-0.5576319593127251,0.0,0.0,1.863452179595359,0,0.7554374378297399,1,0,1,0,0,1,1,0,0,0,0,0,1,0,1,0,0,1,0,0,1,0,1,0,1,0,0,1,1,0,0,1,0,1,0,1,0,1,0,1,0,0,1,1,0,0,0.6974648154108309,1.04847704924227
-1.2060791690046706,0.0,-1.0888322768748986,1.2654537340011538,0.0,0.0,0.10137532978611936,0,1.2327184998650247,0,1,1,0,1,0,1,0,0,1,0,0,0,0,0,1,0,1,0,0,1,0,0,1,0,1,0,1,1,0,0,1,0,1,0,1,0,1,0,0,1,0,1,0,1,0,2.7223470463300714,0.30775001636986155
1.433112749786937,0.0,-0.7632427503697425,-0.869908696073317,0.0,0.0,0.10137532978611936,0,0.6809146053365113,1,0,0,1,1,0,1,0,0,0,0,1,0,0,0,1,0,1,0,0,1,0,0,1,0,1,0,1,1,0,0,1,0,1,0,1,0,1,0,1,0,0,1,1,0,0,1.6187460978294699,0.9766042429211026
0.2601385636573336,0.0,0.844598756017273,0.6007621217270765,0.0,0.0,-1.2201823075708103,1,0.9270911531231318,1,0,1,0,1,0,1,0,1,0,0,0,0,0,0,1,0,1,0,0,1,0,0,1,0,1,1,0,1,0,1,0,0,1,0,1,0,1,1,0,0,0,1,0,1,0,1.3588034432347438,0.7330173903590048
-0.03310498287506721,0.0,-0.15227594963695995,0.24446373527230422,0.0,0.0,0.9824137546907391,0,-0.14218589287521663,1,0,1,0,0,1,0,1,1,0,0,0,0,0,0,1,0,1,0,1,0,0,0,1,0,1,0,1,1,0,0,1,1,0,1,0,0,1,0,1,0,0,1,0,1,0,2.342149158368474,-0.7464162948249462
-0.03310498287506721,0.0,0.013761737186386683,0.14806693795787343,0.0,0.0,0.9824137546907391,0,1.158195667371796,1,0,1,0,1,0,1,0,1,0,0,0,0,0,0,1,0,1,0,0,1,0,0,1,1,0,1,0,1,0,1,0,1,0,1,0,0,1,1,0,0,0,1,1,0,0,2.1411711929373007,-0.33552964570751687
1.785005005625818,0.0,0.2887616559875542,0.28848538496648446,0.0,0.0,0.10137532978611936,1,1.2837959468547657,1,0,0,1,1,0,1,0,0,0,0,1,0,0,0,1,0,1,0,0,1,0,1,0,1,0,1,0,1,0,1,0,1,0,1,0,0,1,1,0,0,0,1,1,0,0,1.36889241753874,-0.0023719496118979715
-0.678240785246349,0.0,0.5981365646388677,0.5100492557245105,0.0,0.0,0.10137532978611936,1,-1.81183227480216,1,0,1,0,0,1,1,0,0,0,0,0,1,0,1,0,0,1,0,0,1,0,1,0,1,0,1,0,1,0,1,0,1,0,1,0,0,1,1,0,0,0,1,1,0,0,-0.2682013492966265,0.44059086928390806
0.9052743660286154,0.0,0.7460138794659107,-0.023791351794107286,0.0,0.0,-1.2201823075708103,1,0.29071640374275215,1,0,1,0,1,0,1,0,1,0,0,0,0,0,1,0,0,1,0,0,1,0,0,1,1,0,1,0,1,0,1,0,1,0,1,0,0,1,1,0,0,0,1,1,0,0,1.6398495404409865,-0.15754269405895624
0.7879769474156552,0.0,-0.08482313936497526,0.5414890984678798,0.0,0.0,0.10137532978611936,0,-0.7994940221694246,1,0,1,0,1,0,1,0,1,0,0,0,0,0,0,1,0,1,0,1,0,0,1,0,0,1,1,0,0,1,1,0,0,1,0,1,0,1,1,0,0,1,0,0,1,0,1.2066149096759073,-0.26471259859225854
1.1985179125610164,0.0,-1.2023346018517955,0.6287713610382961,0.0,0.0,-0.7796630951185004,1,-1.7783388669400348,1,0,0,1,1,0,1,0,1,0,0,0,0,0,1,0,0,1,0,0,1,0,1,0,1,0,1,0,1,0,0,1,0,1,1,0,0,1,1,0,0,1,0,1,0,0,-0.2570311928558019,0.9483122047354985
-0.4436459480204284,0.0,1.4555655567500554,0.5716956836265287,0.0,0.0,-0.7796630951185004,1,-0.5792748654759511,1,0,1,0,1,0,1,0,1,0,0,0,0,0,1,0,0,1,0,0,1,0,1,0,1,0,1,0,0,1,1,0,1,0,1,0,0,1,1,0,0,0,1,1,0,0,0.038430137016553095,0.5126888835436632
-1.3820252969241111,0.0,1.3310372916325457,0.9591705620964788,0.0,0.0,0.10137532978611936,0,-1.3286898663910034,0,1,1,0,1,0,1,0,1,0,0,0,0,0,1,0,0,1,0,1,0,0,1,0,0,1,1,0,1,0,1,0,1,0,1,0,0,1,1,0,0,1,0,1,0,0,-1.276070250197758,0.018062736960983147
1.5504101683998974,0.0,0.6759667303373116,0.4772711516590301,0.0,0.0,0.10137532978611936,0,-1.842813677074626,1,0,0,1,1,0,1,0,1,0,0,0,0,0,0,1,0,1,0,0,1,0,0,1,0,1,0,1,0,1,0,1,0,1,0,1,1,0,0,1,0,0,1,1,0,0,1.9218975082765064,1.0640171664575389
0.729328238109175,0.0,0.646780418200395,1.2654537340011538,0.0,0.0,0.10137532978611936,0,0.1944228561391421,1,0,1,0,0,1,0,1,1,0,0,0,0,0,0,1,0,1,0,0,1,0,0,1,0,1,0,1,0,1,0,1,0,1,0,1,0,1,0,0,1,0,1,1,0,0,3.2551781904711317,0.3935942560235739
-0.7955382038593094,0.0,-0.9020398791986338,0.65579761464225,0.0,0.0,-1.2201823075708103,1,0.11068933648382896,1,0,1,0,0,1,1,0,1,0,0,0,0,0,0,1,0,1,0,0,1,0,1,0,1,0,1,0,1,0,0,1,1,0,1,0,0,1,1,0,0,0,1,1,0,0,-0.948342373329194,0.9275559356557673
-1.03013304108523,0.0,0.7764973610311344,1.2157481529951086,0.0,0.0,0.10137532978611936,1,-1.2357456595736058,1,0,1,0,1,0,1,0,0,0,0,0,0,1,0,1,0,1,0,0,1,0,1,0,1,0,1,0,1,0,1,0,0,1,0,1,0,1,1,0,0,1,0,0,1,0,-2.066812105773487,1.2520933986700875
-0.6195920759398689,0.0,0.009221644187310786,0.33012629336122234,0.0,0.0,1.863452179595359,0,0.06463590067340676,1,0,1,0,1,0,1,0,0,0,0,1,0,0,0,1,0,1,0,1,0,0,1,0,0,1,0,1,1,0,0,1,1,0,1,0,0,1,0,1,0,0,1,0,1,0,0.8690914049299046,-0.06520235525229835
0.3187872729638138,0.0,-1.3845869065289846,-0.869908696073317,0.0,0.0,-1.2201823075708103,1,1.1138169019544801,1,0,1,0,1,0,1,0,1,0,0,0,0,0,0,1,0,1,0,0,1,0,1,0,0,1,1,0,1,0,0,1,1,0,1,0,0,1,1,0,0,0,1,1,0,0,-1.1147212483296418,1.0851875905610109
1.1985179125610164,0.0,1.1208958442467478,0.037855076107910814,0.0,0.0,-0.7796630951185004,1,-0.7433925640003648,1,0,0,1,1,0,1,0,0,0,0,0,0,1,1,0,0,1,1,0,0,0,1,0,1,0,0,1,1,0,1,0,1,0,1,0,0,1,1,0,0,0,1,0,0,1,-2.6951689525893086,0.20524296246035012
-0.7368894945528293,0.0,-1.1750940438573403,-1.9375899111105526,0.0,0.0,1.863452179595359,0,0.27145769422203014,1,0,1,0,1,0,1,0,1,0,0,0,0,0,1,0,1,0,0,0,0,1,1,0,1,0,1,0,1,0,1,0,1,0,1,0,1,0,0,1,0,1,0,0,0,1,-1.4676895621012922,-1.173608787033615
0.37743598227029396,0.0,-1.1141270807268928,0.40720749028027037,0.0,0.0,-1.2201823075708103,1,-1.3755806373979786,1,0,1,0,1,0,1,0,1,0,0,0,0,0,0,1,0,1,0,0,1,0,1,0,1,0,0,1,1,0,1,0,1,0,1,0,0,1,1,0,0,1,0,0,1,0,-1.9989640445740726,1.0033424467814438
1.5504101683998974,0.0,1.7428885851201432,-0.6980504063213363,0.0,0.0,-1.2201823075708103,1,-0.1664686135752574,1,0,0,1,0,1,1,0,1,0,0,0,0,0,0,1,0,1,0,0,1,0,1,0,1,0,1,0,1,0,0,1,0,1,0,1,0,1,1,0,0,0,1,1,0,0,1.8224969877471393,0.47956101953218966
0.9639230753350957,0.0,-0.749622471372515,-1.9375899111105526,0.0,0.0,0.10137532978611936,0,1.3800894944583757,1,0,1,0,0,1,1,0,1,0,0,0,0,0,1,0,1,0,0,0,0,1,1,0,1,0,1,0,1,0,1,0,1,0,1,0,1,0,0,0,1,1,0,0,1,0,0.6588480529300764,-2.1088661342858366
0.9639230753350957,0.0,-1.4591741486566596,-0.023791351794107286,0.0,0.0,-0.7796630951185004,1,-0.04840435086126594,1,0,1,0,1,0,1,0,1,0,0,0,0,0,1,0,0,1,1,0,0,0,1,0,1,0,1,0,0,1,1,0,1,0,1,0,0,1,1,0,0,1,0,1,0,0,-3.4671654102042186,-0.5306831277699023
-1.3233765876176309,0.0,1.1494335716695103,0.9410480977988882,0.0,0.0,-1.2201823075708103,1,-1.2508176931115622,0,1,1,0,1,0,1,0,0,0,0,0,1,0,1,0,0,1,0,0,1,0,1,0,1,0,0,1,1,0,0,1,0,1,0,1,0,1,1,0,0,0,1,1,0,0,0.2587029911645018,1.163370519301216
0.20148985435085345,0.0,0.7096931354733036,-0.023791351794107286,0.0,0.0,-1.2201823075708103,1,0.7453894154711024,1,0,1,0,1,0,1,0,0,0,0,0,1,0,0,1,0,1,0,0,1,0,1,0,0,1,1,0,1,0,1,0,1,0,1,0,0,1,1,0,0,0,1,1,0,0,0.7711649444818768,0.3974727604930416
-1.03013304108523,0.0,1.2616387272181002,1.1055362911451465,0.0,0.0,-1.2201823075708103,1,1.1029315443992893,1,0,1,0,0,1,1,0,0,0,0,0,1,0,1,0,0,1,0,0,1,0,0,1,1,0,1,0,0,1,0,1,1,0,1,0,0,1,1,0,0,1,0,1,0,0,0.7398953709773812,0.9051306558011365
-0.4436459480204284,0.0,-0.49862018699503413,0.5716956836265287,0.0,0.0,0.10137532978611936,0,-1.1628974974734834,1,0,1,0,0,1,1,0,1,0,0,0,0,0,1,0,0,1,0,0,1,0,1,0,1,0,1,0,0,1,0,1,1,0,1,0,0,1,1,0,0,0,1,1,0,0,0.631120228298347,0.6303370416982337
-1.03013304108523,0.0,-0.2871815701809288,-1.9375899111105526,0.0,0.0,0.9824137546907391,0,1.663108790893334,1,0,1,0,0,1,1,0,0,0,1,0,0,0,1,0,1,0,0,0,0,1,1,0,1,0,1,0,1,0,1,0,1,0,1,0,1,0,0,0,1,1,0,0,1,0,0.9121075306129867,-2.1995690003092276
1.9023024242387783,0.0,-0.226863191764635,0.28848538496648446,0.0,0.0,0.9824137546907391,0,-1.313617832853047,1,0,0,1,1,0,1,0,1,0,0,0,0,0,1,0,0,1,0,0,1,0,1,0,1,0,0,1,1,0,0,1,0,1,0,1,0,1,0,0,1,0,1,1,0,0,-0.7937017939303566,1.3362494688819728
1.3158153311739766,0.0,-0.8430186702106474,0.24446373527230422,0.0,0.0,-0.7796630951185004,1,-0.7392058880175991,1,0,0,1,0,1,1,0,1,0,0,0,0,0,1,0,0,1,0,0,1,0,1,0,1,0,1,0,1,0,1,0,0,1,1,0,0,1,1,0,0,1,0,1,0,0,0.1728573748079431,0.5868821756994461
-1.5579714248435517,0.0,0.9944218249867767,1.1055362911451465,0.0,0.0,0.10137532978611936,1,-1.4224714084049541,0,1,1,0,0,1,1,0,0,0,0,0,0,1,1,0,0,1,0,0,1,0,1,0,1,0,1,0,0,1,0,1,1,0,1,0,0,1,1,0,0,0,1,1,0,0,-2.0591871041359813,1.222902744499212
-0.4436459480204284,0.0,-0.5219692367045673,0.36963080871589915,0.0,0.0,1.863452179595359,0,1.2184838015236215,1,0,1,0,1,0,1,0,1,0,0,0,0,0,0,1,0,1,0,0,1,0,1,0,0,1,1,0,1,0,0,1,0,1,0,1,0,1,1,0,0,0,1,0,1,0,0.9498378466004712,0.959012761722333
0.14284114504437329,0.0,-0.6490918406786919,0.36963080871589915,0.0,0.0,0.9824137546907391,0,-1.4341941011566979,1,0,1,0,0,1,0,1,1,0,0,0,0,0,0,1,0,1,0,1,0,0,0,1,1,0,1,0,1,0,1,0,1,0,1,0,0,1,1,0,0,0,1,1,0,0,0.4198809326398515,-0.49181982795246676
-0.5022946573269086,0.0,-1.4591741486566596,1.1055362911451465,0.0,0.0,0.10137532978611936,0,1.6589221149105684,1,0,1,0,0,1,0,1,1,0,0,0,0,0,1,0,0,1,1,0,0,0,1,0,0,1,1,0,1,0,0,1,0,1,0,1,0,1,1,0,0,0,1,1,0,0,0.26514735260723205,-1.421589667368062
0.8466256567221353,0.0,-0.317016467031999,-1.9375899111105526,0.0,0.0,-0.7796630951185004,1,-1.9047764816195576,1,0,1,0,1,0,1,0,1,0,0,0,0,0,1,0,1,0,0,0,0,1,1,0,1,0,1,0,1,0,1,0,1,0,1,0,1,0,1,0,0,1,0,1,0,0,-3.7333515408541835,-0.6468780518561176
0.4947334008832543,0.0,-0.8689620587767952,0.65579761464225,0.0,0.0,0.9824137546907391,0,0.3844979457567028,1,0,1,0,0,1,0,1,0,0,0,0,0,1,0,1,0,1,0,1,0,0,1,0,1,0,1,0,1,0,1,0,1,0,1,0,0,1,1,0,0,1,0,1,0,0,-1.3876079107658006,-0.10845135316188843
0.37743598227029396,0.0,0.9853416389886248,-0.24535522255213305,0.0,0.0,1.863452179595359,0,1.6689701372692058,1,0,1,0,0,1,1,0,0,1,0,0,0,0,1,0,0,1,0,0,1,0,1,0,0,1,0,1,0,1,0,1,0,1,0,1,0,1,0,0,1,0,1,1,0,0,3.1163615282286687,0.15592945669227448
-1.6166201341500317,0.0,-0.20221697262679458,1.2654537340011538,0.0,0.0,0.9824137546907391,0,-1.926547196729939,0,1,1,0,1,0,1,0,0,0,0,1,0,0,1,0,0,1,0,0,1,0,1,0,0,1,0,1,1,0,0,1,0,1,0,1,0,1,1,0,0,0,1,1,0,0,1.4644991228372255,0.8657094005448144
-1.4993227155370714,0.0,1.2395868469368743,1.2654537340011538,0.0,0.0,-0.7796630951185004,1,0.11320134207348836,0,1,1,0,0,1,1,0,0,0,0,1,0,0,0,1,0,1,0,0,1,0,0,1,1,0,0,1,1,0,0,1,0,1,0,1,0,1,0,1,0,0,1,0,0,1,1.7879094791213543,0.8973798824240772
1.4917614590934172,0.0,-0.34036551674153204,0.6287713610382961,0.0,0.0,0.10137532978611936,1,0.19023618015637642,1,0,0,1,0,1,1,0,1,0,0,0,0,0,0,1,0,1,0,0,1,0,1,0,1,0,0,1,0,1,0,1,0,1,1,0,0,1,1,0,0,0,1,1,0,0,0.24068277430376012,1.4079541919053287
-0.4436459480204284,0.0,1.746131508690912,-0.33606808855469933,0.0,0.0,0.10137532978611936,0,0.7554374378297399,1,0,1,0,1,0,1,0,1,0,0,0,0,0,0,1,0,1,0,0,1,0,0,1,0,1,0,1,1,0,1,0,0,1,0,1,0,1,0,0,1,0,1,1,0,0,3.049571118361963,0.11608474901465687
-1.03013304108523,0.0,0.0734315308885267,1.120206624171783,0.0,0.0,-0.7796630951185004,1,-0.6981764633864956,1,0,1,0,0,1,1,0,0,0,0,0,0,1,1,0,0,1,0,0,1,0,1,0,1,0,1,0,1,0,0,1,1,0,1,0,0,1,1,0,0,0,1,1,0,0,-2.2763568569656067,1.059339661001032
-1.2060791690046706,0.0,0.8919454401504926,1.120206624171783,0.0,0.0,-1.2201823075708103,1,-0.9192329552765223,0,1,1,0,1,0,1,0,1,0,0,0,0,0,1,0,0,1,0,0,1,0,1,0,1,0,1,0,1,0,1,0,1,0,1,0,0,1,1,0,0,0,1,0,1,0,0.06446538224010076,0.3690847782630506
0.2601385636573336,0.0,-0.5401296087008708,-1.9375899111105526,0.0,0.0,-1.2201823075708103,1,-0.7350192120348334,1,0,1,0,1,0,1,0,0,0,0,0,0,1,1,0,1,0,0,0,0,1,1,0,1,0,1,0,1,0,1,0,1,0,1,0,1,0,1,0,0,0,1,0,1,0,-3.812734582123189,-0.6548200254072601
1.9023024242387783,0.0,0.5105776282281187,0.65579761464225,0.0,0.0,-1.2201823075708103,1,0.6331864991329827,1,0,0,1,1,0,1,0,0,0,0,0,1,0,1,0,0,1,0,0,1,0,1,0,0,1,0,1,1,0,0,1,1,0,1,0,0,1,1,0,0,0,1,1,0,0,0.5956098188389373,0.8251685538118056
0.4947334008832543,0.0,-1.2256836515613285,-1.9375899111105526,0.0,0.0,1.863452179595359,0,-0.751765915965896,1,0,1,0,0,1,1,0,1,0,0,0,0,0,0,1,1,0,0,0,0,1,1,0,1,0,1,0,1,0,1,0,1,0,1,0,1,0,0,1,0,0,1,0,1,0,-0.7592407330487339,-1.1895619411220886
-1.1474304596981904,0.0,-1.1984430935668735,-1.9375899111105526,0.0,0.0,0.9824137546907391,0,-0.5717388487069729,0,1,1,0,1,0,1,0,1,0,0,0,0,0,1,0,1,0,0,0,0,1,1,0,1,0,1,0,1,0,1,0,1,0,1,0,1,0,0,1,0,0,1,1,0,0,-2.2420913028969096,-0.9677015145660738
-1.03013304108523,0.0,-1.4591741486566596,1.0597702031126737,0.0,0.0,-1.2201823075708103,1,-1.0833506538009359,1,0,1,0,1,0,1,0,0,0,0,0,0,1,1,0,0,1,1,0,0,0,0,1,1,0,0,1,0,1,0,1,0,1,0,1,0,1,1,0,0,1,0,0,0,1,-1.7404990349218021,0.006191276625157464
-0.7955382038593094,0.0,1.462699988605746,-0.1642097988027183,0.0,0.0,0.10137532978611936,0,0.36858857702219333,1,0,1,0,0,1,1,0,0,1,0,0,0,0,0,1,0,1,1,0,0,0,0,1,0,1,0,1,0,1,1,0,0,1,0,1,0,1,0,0,1,1,0,0,1,0,2.76408218357727,-0.6315914015296445
-0.9128356224722697,0.0,0.6013794882096363,-1.9375899111105526,0.0,0.0,-0.7796630951185004,1,-0.3783144183031996,1,0,1,0,1,0,1,0,0,0,0,0,0,1,1,0,1,0,0,0,0,1,1,0,1,0,1,0,1,0,1,0,1,0,1,0,1,0,1,0,0,0,1,1,0,0,-3.533532045467958,-0.6577754310538871
-1.675268843456512,0.0,1.465294327462361,0.9410480977988882,0.0,0.0,0.10137532978611936,0,1.1414489634407334,0,1,1,0,1,0,1,0,0,0,0,1,0,0,1,0,0,1,0,0,1,0,0,1,1,0,0,1,0,1,1,0,1,0,1,0,1,0,0,1,0,0,1,0,1,0,1.2021598806809908,0.560158053795887
0.14284114504437329,0.0,-0.5284550838461042,0.28848538496648446,0.0,0.0,0.9824137546907391,0,-1.403212698884232,1,0,1,0,1,0,1,0,1,0,0,0,0,0,0,1,0,1,0,0,1,0,1,0,1,0,1,0,1,0,1,0,1,0,1,0,0,1,1,0,0,1,0,1,0,0,-1.439117355899962,0.8236743007500145
0.3187872729638138,0.0,-1.4591741486566596,0.33012629336122234,0.0,0.0,-0.7796630951185004,1,-1.2273723076080745,1,0,1,0,1,0,1,0,1,0,0,0,0,0,1,0,0,1,0,1,0,0,1,0,1,0,1,0,0,1,1,0,1,0,1,0,0,1,1,0,0,0,1,1,0,0,-3.6158757807807973,-0.4734350211618844
0.20148985435085345,0.0,-1.2645987344105505,0.19777251896391848,0.0,0.0,0.10137532978611936,1,0.34179385073249313,1,0,1,0,0,1,1,0,0,0,0,1,0,0,0,1,0,1,0,0,1,0,1,0,0,1,0,1,1,0,0,1,0,1,0,1,0,1,1,0,0,0,1,1,0,0,0.8129993284091173,1.0765417470815009
-1.6166201341500317,0.0,-1.108938403013663,0.9410480977988882,0.0,0.0,-0.7796630951185004,1,0.23042826959092672,0,1,1,0,1,0,1,0,1,0,0,0,0,0,1,0,0,1,0,0,1,0,1,0,0,1,1,0,1,0,1,0,1,0,1,0,0,1,1,0,0,0,1,1,0,0,-0.5155904776283041,0.5168262588755927
0.5533821101897345,0.0,0.6824525774788486,-1.9375899111105526,0.0,0.0,0.9824137546907391,0,0.7981415328539496,1,0,1,0,1,0,1,0,0,0,0,0,0,1,1,0,1,0,0,0,0,1,1,0,1,0,1,0,1,0,1,0,1,0,1,0,1,0,1,0,0,0,1,0,1,0,-3.5305918311516837,-0.6682107332415201
1.433112749786937,0.0,-1.2431954388434783,0.33012629336122234,0.0,0.0,-1.2201823075708103,1,0.2614096718633926,1,0,0,1,1,0,0,1,0,0,0,1,0,0,0,1,0,1,0,0,1,0,1,0,1,0,0,1,1,0,1,0,1,0,1,0,1,0,1,0,0,0,1,1,0,0,0.5111083145113331,0.22992924524947517
0.43608469157677415,0.0,-1.3839383218148307,-0.33606808855469933,0.0,0.0,-0.7796630951185004,1,-0.7743739662728306,1,0,1,0,0,1,1,0,1,0,0,0,0,0,0,1,0,1,0,0,1,0,1,0,0,1,1,0,1,0,1,0,1,0,1,0,1,0,1,0,0,0,1,1,0,0,-1.4283626200099986,0.7767104013458971
-0.5022946573269086,0.0,1.7402942462635285,0.24446373527230422,0.0,0.0,-1.2201823075708103,1,1.4939670811896015,1,0,1,0,0,1,1,0,0,0,1,0,0,0,0,1,0,1,0,0,1,0,0,1,0,1,0,1,1,0,1,0,1,0,1,0,0,1,0,1,0,1,0,1,0,0,2.736931740113232,-0.1847787876851427
-0.03310498287506721,0.0,0.28616731713093946,-0.43890985399893934,0.0,0.0,-1.2201823075708103,1,-0.07017506597164735,1,0,1,0,0,1,1,0,1,0,0,0,0,0,1,0,0,1,0,0,1,0,1,0,0,1,1,0,1,0,1,0,0,1,0,1,0,1,1,0,0,0,1,0,1,0,-0.6249652748996618,0.9538973845519219
0.025543726431412957,0.0,-0.43570746972212554,-0.869908696073317,0.0,0.0,-1.2201823075708103,1,-0.7936326757935526,1,0,1,0,1,0,1,0,1,0,0,0,0,0,0,1,0,1,0,0,1,0,0,1,0,1,1,0,1,0,1,0,0,1,0,1,0,1,1,0,0,0,1,1,0,0,1.8746092883687786,0.31942775030606924
0.9052743660286154,0.0,-0.5433725322716393,0.5414890984678798,0.0,0.0,-1.2201823075708103,1,-1.4450794587118887,1,0,1,0,1,0,1,0,0,0,0,0,0,1,1,0,0,1,1,0,0,0,1,0,1,0,1,0,1,0,1,0,1,0,1,0,0,1,1,0,0,0,1,1,0,0,-3.0808895258283764,0.07422214231419193
-1.5579714248435517,0.0,-1.225035066847175,1.2654537340011538,0.0,0.0,-1.2201823075708103,1,0.9630965665749164,0,1,1,0,1,0,1,0,1,0,0,0,0,0,1,0,0,1,0,1,0,0,0,1,1,0,1,0,0,1,1,0,1,0,1,0,0,1,1,0,0,1,0,1,0,0,-1.6989370285618823,0.08360747497267534
1.7263562963193377,0.0,1.7578060335456784,0.40720749028027037,0.0,0.0,-1.2201823075708103,1,-1.0213878492560042,1,0,0,1,1,0,1,0,1,0,0,0,0,0,0,1,0,1,0,0,1,0,1,0,1,0,0,1,1,0,0,1,1,0,1,0,1,0,1,0,0,0,1,1,0,0,-1.8918045349161516,1.3365935360089352
-1.3233765876176309,0.0,-0.029044853947757337,-1.9375899111105526,0.0,0.0,0.9824137546907391,0,0.23210293998403297,0,1,1,0,0,1,0,1,1,0,0,0,0,0,1,0,1,0,0,0,0,1,1,0,1,0,1,0,1,0,1,0,1,0,1,0,1,0,0,0,1,0,1,0,1,0,1.1621426292593062,-2.3331934439062456
-0.26769982010098786,0.0,1.2869335310700944,-0.09080483414810245,0.0,0.0,0.10137532978611936,0,-0.1631192727890449,1,0,1,0,1,0,1,0,1,0,0,0,0,0,1,0,0,1,0,1,0,0,1,0,1,0,1,0,1,0,1,0,1,0,1,0,0,1,1,0,0,1,0,0,1,0,-2.7809569077280387,0.05939312252378076
1.0225717846415758,0.0,1.4503768790368259,-0.6980504063213363,0.0,0.0,-1.2201823075708103,1,-0.936816994404138,1,0,0,1,1,0,1,0,0,0,1,0,0,0,1,0,0,1,0,0,1,0,0,1,0,1,1,0,1,0,1,0,1,0,1,0,0,1,1,0,0,0,1,0,1,0,1.6912602484251957,0.02166887755664414
-1.675268843456512,0.0,1.4244334904706781,1.1055362911451465,0.0,0.0,-0.7796630951185004,1,0.4833034989499723,0,1,1,0,0,1,1,0,0,0,0,0,0,1,1,0,0,1,0,1,0,0,1,0,1,0,1,0,1,0,1,0,1,0,0,1,0,1,1,0,0,1,0,0,1,0,-1.8362918584282657,-0.08919306570251638
0.9639230753350957,0.0,-1.228926575132097,-0.6980504063213363,0.0,0.0,-0.7796630951185004,1,0.27145769422203014,1,0,1,0,1,0,1,0,1,0,0,0,0,0,0,1,0,1,0,0,1,0,0,1,1,0,1,0,1,0,0,1,1,0,1,0,0,1,1,0,0,0,1,1,0,0,0.5526088599706518,0.6703220875145759
-0.03310498287506721,0.0,1.0268510606944614,-0.33606808855469933,0.0,0.0,0.10137532978611936,0,1.7543783273176252,1,0,1,0,1,0,1,0,1,0,0,0,0,0,0,1,0,1,0,0,1,0,0,1,0,1,1,0,0,1,1,0,1,0,1,0,0,1,0,1,0,0,1,1,0,0,2.6934235084580944,-0.18056376888627187
0.5533821101897345,0.0,1.3024995642097827,0.4772711516590301,0.0,0.0,0.10137532978611936,1,-0.14804723925108854,1,0,1,0,1,0,1,0,1,0,0,0,0,0,0,1,0,1,0,1,0,0,1,0,1,0,1,0,0,1,0,1,0,1,0,1,0,1,0,1,0,1,0,0,1,0,0.02510800405471386,0.5067849001258663
-0.5609433666333887,0.0,-0.3890093703030593,0.4772711516590301,0.0,0.0,0.9824137546907391,0,0.2756443702047958,1,0,1,0,0,1,1,0,1,0,0,0,0,0,0,1,0,1,0,0,1,0,1,0,0,1,0,1,1,0,0,1,0,1,0,1,1,0,0,0,1,0,1,1,0,0,2.933422928150435,0.07959894867547092
-0.5609433666333887,0.0,-1.108938403013663,-0.24535522255213305,0.0,0.0,-0.7796630951185004,1,0.698498644464127,1,0,1,0,0,1,1,0,0,0,0,0,1,0,1,0,0,1,0,0,1,0,1,0,1,0,0,1,0,1,0,1,0,1,0,1,0,1,0,1,0,1,0,1,0,0,0.40326912729858416,1.0725363001939898
1.7263562963193377,0.0,0.06045983660545281,0.4772711516590301,0.0,0.0,0.9824137546907391,0,1.068600801340611,1,0,0,1,1,0,1,0,1,0,0,0,0,0,1,0,0,1,0,0,1,0,0,1,0,1,1,0,1,0,1,0,1,0,1,0,0,1,0,1,0,1,0,1,0,0,0.7174201244831963,0.4858183158297689
0.8466256567221353,0.0,0.9853416389886248,0.7071612569928716,0.0,0.0,1.863452179595359,0,0.9589098905921508,1,0,1,0,1,0,1,0,1,0,0,0,0,0,0,1,0,1,0,0,1,0,1,0,1,0,0,1,0,1,1,0,1,0,1,0,0,1,1,0,0,0,1,0,1,0,1.1208821923772987,0.47287881852129005
-1.1474304596981904,0.0,1.176025544949812,1.2157481529951086,0.0,0.0,-1.2201823075708103,1,-0.1438605632683229,0,1,1,0,0,1,1,0,1,0,0,0,0,0,0,1,0,1,0,0,1,0,1,0,0,1,0,1,1,0,1,0,1,0,0,1,0,1,1,0,0,0,1,1,0,0,0.16291998391638868,0.8191226313808772
-0.3849972387139482,0.0,-0.618608359113468,0.6819075454764912,0.0,0.0,0.9824137546907391,0,-1.7356347719158252,1,0,1,0,1,0,1,0,0,0,0,0,1,0,1,0,0,1,0,1,0,0,1,0,1,0,0,1,0,1,1,0,1,0,1,0,0,1,1,0,0,1,0,1,0,0,-0.8039022938509331,-0.03660227583590744
-0.678240785246349,0.0,-1.166662442573342,0.0949307535196783,0.0,0.0,-1.2201823075708103,1,0.5142849012224382,1,0,1,0,1,0,1,0,1,0,0,0,0,0,1,0,0,1,0,0,1,0,0,1,1,0,1,0,1,0,0,1,0,1,0,1,0,1,1,0,0,1,0,1,0,0,0.2875572945109199,0.9283267432156055
-0.9128356224722697,0.0,1.482157530030357,-0.023791351794107286,0.0,0.0,0.9824137546907391,0,-0.6529603627726266,1,0,1,0,0,1,1,0,0,0,0,0,1,0,1,0,0,1,0,1,0,0,0,1,0,1,1,0,1,0,1,0,0,1,0,1,0,1,0,1,0,1,0,0,1,0,0.3126519587863128,0.10260437003943951
1.7263562963193377,0.0,-0.5174291437054914,-0.5576319593127251,0.0,0.0,-0.7796630951185004,1,-1.337900553553088,1,0,0,1,0,1,1,0,0,0,1,0,0,0,0,1,0,1,0,0,1,0,1,0,0,1,0,1,0,1,0,1,0,1,1,0,0,1,1,0,0,0,1,1,0,0,2.0438132415363492,0.8834337619200087
0.20148985435085345,0.0,0.3289739082650835,0.0949307535196783,0.0,0.0,-1.2201823075708103,1,-0.5591788207586759,1,0,1,0,1,0,1,0,0,0,0,0,1,0,0,1,0,1,0,0,1,0,0,1,1,0,1,0,1,0,0,1,0,1,0,1,0,1,1,0,0,1,0,1,0,0,0.1792796547380112,1.2749349868470687
0.14284114504437329,0.0,-0.49213433985349714,-1.9375899111105526,0.0,0.0,1.863452179595359,0,-0.77688597186249,1,0,1,0,1,0,1,0,1,0,0,0,0,0,1,0,1,0,0,0,0,1,1,0,1,0,1,0,1,0,1,0,1,0,1,0,1,0,0,0,1,0,1,1,0,0,-0.37830304754165806,-1.5011018355202732
0.7879769474156552,0.0,-0.8670163046343341,0.037855076107910814,0.0,0.0,0.10137532978611936,1,-0.018260283785353222,1,0,1,0,0,1,0,1,1,0,0,0,0,0,0,1,0,1,0,0,1,0,1,0,1,0,1,0,0,1,0,1,1,0,1,0,0,1,1,0,0,0,1,1,0,0,0.16480930788402956,0.951845744225869
-0.3849972387139482,0.0,0.30692202798385776,1.2654537340011538,0.0,0.0,0.10137532978611936,0,0.947187197840407,1,0,1,0,0,1,0,1,1,0,0,0,0,0,0,1,0,1,0,0,1,0,0,1,0,1,1,0,1,0,1,0,0,1,0,1,0,1,1,0,0,0,1,1,0,0,2.175886838410117,0.22645859087185605
1.0225717846415758,0.0,-0.3980895563012111,-0.43890985399893934,0.0,0.0,-1.2201823075708103,1,0.7345040579159117,1,0,0,1,1,0,1,0,0,0,0,0,1,0,0,1,0,1,0,0,1,0,1,0,0,1,1,0,1,0,1,0,1,0,1,0,0,1,1,0,0,0,1,1,0,0,0.050848334138014824,0.5899324293375444
0.37743598227029396,0.0,-0.4681367054298104,0.24446373527230422,0.0,0.0,0.10137532978611936,0,0.16344145386667622,1,0,1,0,1,0,1,0,1,0,0,0,0,0,1,0,0,1,0,0,1,0,1,0,1,0,0,1,1,0,0,1,0,1,0,1,0,1,1,0,0,0,1,0,1,0,0.4218260034804454,1.0010000213722365
-0.4436459480204284,0.0,0.28227580884601733,-0.023791351794107286,0.0,0.0,-0.7796630951185004,1,-1.5422103415120518,1,0,1,0,1,0,0,1,1,0,0,0,0,0,1,0,0,1,0,0,1,0,0,1,1,0,1,0,1,0,1,0,0,1,0,1,0,1,1,0,0,0,1,0,1,0,-2.1515863389599663,1.215079759998838
1.1398692032545361,0.0,0.5877592092124085,-0.6980504063213363,0.0,0.0,0.10137532978611936,1,1.2871452876409781,1,0,0,1,0,1,1,0,0,0,1,0,0,0,0,1,0,1,0,0,1,0,1,0,0,1,0,1,1,0,0,1,1,0,1,0,1,0,1,0,0,0,1,1,0,0,2.248409428494764,0.2780077472316663
-0.03310498287506721,0.0,-0.246320733189246,0.5414890984678798,0.0,0.0,-0.7796630951185004,1,1.1514969857993709,1,0,1,0,1,0,1,0,0,0,0,0,1,0,0,1,0,1,0,0,1,0,1,0,1,0,0,1,1,0,1,0,1,0,1,0,0,1,1,0,0,0,1,1,0,0,0.7197225764093264,0.4376289878044104
-0.8541869131657895,0.0,1.70721642584169,0.36963080871589915,0.0,0.0,0.10137532978611936,1,0.23963895675301117,1,0,1,0,1,0,1,0,0,0,0,0,0,1,0,1,0,1,1,0,0,0,1,0,1,0,1,0,0,1,0,1,0,1,0,1,0,1,1,0,0,0,1,1,0,0,-0.45537333979671035,0.6606308198520497
0.9639230753350957,0.0,-0.3267452377443043,0.4772711516590301,0.0,0.0,1.863452179595359,0,-1.1905295589597367,1,0,1,0,1,0,1,0,0,0,0,1,0,0,0,1,0,1,0,0,1,0,1,0,1,0,0,1,1,0,0,1,0,1,0,1,0,1,1,0,0,0,1,1,0,0,1.6955971188330397,0.6924589783659417
-0.3849972387139482,0.0,-1.4591741486566596,-0.43890985399893934,0.0,0.0,-0.7796630951185004,1,-0.6035575861759919,1,0,1,0,1,0,1,0,0,0,0,0,0,1,1,0,0,1,0,1,0,0,1,0,0,1,1,0,1,0,1,0,1,0,1,0,1,0,1,0,0,0,1,0,0,1,-3.619334275152028,-0.4683094883870474
0.6120308194962146,0.0,-0.08222880050836053,-1.9375899111105526,0.0,0.0,0.10137532978611936,0,1.0979075332199706,1,0,1,0,1,0,1,0,1,0,0,0,0,0,1,0,1,0,0,0,0,1,1,0,1,0,1,0,1,0,1,0,1,0,1,0,1,0,0,0,1,1,0,1,0,0,0.9653248807331655,-2.234756278701886
1.3158153311739766,0.0,-0.03228777751852587,0.6287713610382961,0.0,0.0,0.9824137546907391,0,0.5234955883845226,1,0,0,1,0,1,1,0,1,0,0,0,0,0,1,0,0,1,0,0,1,0,1,0,0,1,0,1,1,0,0,1,0,1,0,1,0,1,0,0,1,0,1,1,0,0,2.9113378513059334,-0.03313909607104937
1.2571666218674964,0.0,1.3939500089054544,0.6287713610382961,0.0,0.0,-0.7796630951185004,1,-0.7124111617278989,1,0,0,1,1,0,1,0,1,0,0,0,0,0,1,0,0,1,0,1,0,0,0,1,1,0,1,0,1,0,1,0,1,0,1,0,0,1,1,0,0,0,1,1,0,0,-2.131981231481476,0.11123191125367655
-0.03310498287506721,0.0,0.2498465731383325,1.1346027292456944,0.0,0.0,0.10137532978611936,0,0.2856923925634334,1,0,1,0,0,1,0,1,1,0,0,0,0,0,0,1,0,1,0,1,0,0,0,1,1,0,0,1,0,1,0,1,0,1,0,1,0,1,0,0,1,1,0,1,0,0,2.687448760565251,-0.3546256182384222
1.4917614590934172,0.0,1.2713674979304055,-0.869908696073317,0.0,0.0,-1.2201823075708103,1,0.7713468065642494,1,0,0,1,0,1,1,0,0,0,1,0,0,0,0,1,0,1,0,0,1,0,1,0,1,0,0,1,1,0,0,1,0,1,1,0,0,1,1,0,0,1,0,1,0,0,2.6396143194549637,0.30247132899423546
-1.1474304596981904,0.0,-1.3061081561163872,1.2654537340011538,0.0,0.0,0.9824137546907391,0,0.31499912444279293,0,1,1,0,0,1,1,0,1,0,0,0,0,0,1,0,0,1,0,1,0,0,0,1,0,1,1,0,0,1,1,0,1,0,1,0,0,1,0,0,1,1,0,0,1,0,1.1165751800677892,-0.9859117382479978
1.785005005625818,0.0,-1.193254415853644,-0.5576319593127251,0.0,0.0,-0.7796630951185004,1,0.6633305662088955,1,0,0,1,1,0,1,0,1,0,0,0,0,0,0,1,0,1,0,0,1,0,1,0,1,0,1,0,1,0,1,0,0,1,1,0,0,1,1,0,0,0,1,0,1,0,-0.39635652337764987,0.8140976641560644
-0.9714843317787499,0.0,0.8698935598692666,0.6287713610382961,0.0,0.0,-0.7796630951185004,1,0.8626163429885407,1,0,1,0,1,0,1,0,0,0,0,0,0,1,0,1,0,1,0,0,1,0,1,0,1,0,0,1,1,0,0,1,1,0,1,0,0,1,1,0,0,0,1,1,0,0,-0.29168159236331875,1.1297612729732291
-1.6166201341500317,0.0,0.3808606853973793,-1.9375899111105526,0.0,0.0,0.9824137546907391,0,1.1489849802097116,0,1,1,0,0,1,1,0,0,0,0,0,0,1,1,0,1,0,0,0,0,1,1,0,1,0,1,0,1,0,1,0,1,0,1,0,1,0,0,1,0,1,0,1,0,0,-1.736906570424092,-0.9510068850055511
0.5533821101897345,0.0,-1.2918392924050057,-1.9375899111105526,0.0,0.0,0.10137532978611936,1,0.8383336222885,1,0,1,0,1,0,1,0,1,0,0,0,0,0,0,1,1,0,0,0,0,1,1,0,1,0,1,0,1,0,1,0,1,0,1,0,1,0,0,1,0,1,0,1,0,0,0.2728317704495464,-1.8923350104130716
-1.675268843456512,0.0,-1.2801647675502392,0.6007621217270765,0.0,0.0,1.863452179595359,0,0.49000218052239736,0,1,1,0,1,0,1,0,0,0,0,0,1,0,1,0,0,1,0,0,1,0,1,0,1,0,1,0,1,0,1,0,1,0,1,0,1,0,1,0,0,0,1,1,0,0,-0.15341529630318954,0.22362782618768987
1.6090588777063775,0.0,1.0437142632624579,0.5414890984678798,0.0,0.0,0.9824137546907391,0,0.09729197333897888,1,0,0,1,0,1,1,0,1,0,0,0,0,0,1,0,0,1,0,0,1,0,1,0,1,0,1,0,1,0,1,0,1,0,1,0,0,1,0,0,1,0,1,1,0,0,0.8092973256074923,0.05279614671427808
-1.3820252969241111,0.0,-1.111532741870278,-1.9375899111105526,0.0,0.0,-0.7796630951185004,1,-0.1011564682441132,0,1,1,0,1,0,1,0,0,0,0,0,0,1,1,0,1,0,0,0,0,1,1,0,1,0,1,0,1,0,1,0,1,0,1,0,1,0,1,0,0,0,1,0,1,0,-4.061621554372741,-0.656235359931449
1.433112749786937,0.0,1.5087495033106584,0.4772711516590301,0.0,0.0,-1.2201823075708103,1,0.7931175216746308,1,0,0,1,0,1,1,0,0,0,0,0,0,1,0,1,0,1,0,0,1,0,1,0,1,0,1,0,1,0,1,0,1,0,1,0,0,1,1,0,0,0,1,1,0,0,-0.8392766358765776,0.7214472792108159
0.2601385636573336,0.0,-1.4591741486566596,0.28848538496648446,0.0,0.0,0.10137532978611936,1,0.44394874471197515,1,0,1,0,1,0,1,0,0,0,0,0,1,0,1,0,0,1,0,1,0,0,0,1,1,0,1,0,0,1,0,1,1,0,1,0,0,1,1,0,0,0,1,0,1,0,-1.7393320472854128,-0.4762058719661416
-1.4406740062305912,0.0,-1.4591741486566596,1.2654537340011538,0.0,0.0,-1.2201823075708103,1,-1.7465201294710158,0,1,1,0,1,0,1,0,0,0,0,0,0,1,1,0,0,1,0,1,0,0,1,0,1,0,0,1,1,0,0,1,0,1,0,1,0,1,1,0,0,0,1,1,0,0,-2.2852900417115625,-0.19897394206557698
0.8466256567221353,0.0,0.6850469163354633,-1.9375899111105526,0.0,0.0,-0.7796630951185004,1,0.14585741473906047,1,0,1,0,1,0,0,1,0,0,0,0,1,0,1,0,1,0,0,0,0,1,1,0,1,0,1,0,1,0,1,0,1,0,1,0,1,0,1,0,0,1,0,0,1,0,-1.3535199864073377,-1.0271761641673014
-0.6195920759398689,0.0,-0.9156601581958613,-1.0914725668313427,0.0,0.0,-1.2201823075708103,1,0.5938317448949856,1,0,1,0,1,0,1,0,1,0,0,0,0,0,1,0,0,1,0,0,1,0,0,1,0,1,0,1,1,0,0,1,0,1,0,1,0,1,1,0,0,0,1,1,0,0,0.027086685683720232,1.4272187807958596
-1.6166201341500317,0.0,-0.5991508176888573,-1.9375899111105526,0.0,0.0,1.863452179595359,0,0.9505365386266195,0,1,1,0,0,1,0,1,0,0,1,0,0,0,1,0,1,0,0,0,0,1,1,0,1,0,1,0,1,0,1,0,1,0,1,0,1,0,0,0,1,1,0,0,1,0,0.19765411095229346,-1.852370064777726
-1.0887817503917103,0.0,-0.9960846627509199,1.120206624171783,0.0,0.0,0.10137532978611936,1,-0.2167087253684453,0,1,1,0,1,0,0,1,0,0,0,0,0,1,1,0,0,1,0,1,0,0,1,0,1,0,1,0,1,0,1,0,1,0,0,1,0,1,1,0,0,0,1,1,0,0,-3.2594726869044526,0.031266674625302436
-1.675268843456512,0.0,-1.4591741486566596,1.2654537340011538,0.0,0.0,0.9824137546907391,0,-1.4768981961809076,0,1,1,0,0,1,0,1,0,0,0,0,1,0,1,0,0,1,0,1,0,0,1,0,0,1,1,0,0,1,1,0,1,0,1,0,0,1,1,0,0,1,0,0,0,1,-2.078738638214013,-0.7301704719167483
-0.20905111079450772,0.0,-0.7976177402198886,-1.9375899111105526,0.0,0.0,1.863452179595359,0,1.0727874773233765,1,0,1,0,1,0,1,0,1,0,0,0,0,0,1,0,1,0,0,0,0,1,1,0,1,0,1,0,1,0,1,0,1,0,1,0,1,0,1,0,0,0,1,0,1,0,-3.9079243793136813,-0.6552254484578128
-0.9128356224722697,0.0,1.5833367454383336,-1.9375899111105526,0.0,0.0,0.10137532978611936,0,0.3510045378945776,1,0,1,0,0,1,1,0,1,0,0,0,0,0,1,0,1,0,0,0,0,1,1,0,1,0,1,0,1,0,1,0,1,0,1,0,1,0,0,0,1,1,0,0,1,0,0.8044096314308414,-1.8912098299226554
-1.2060791690046706,0.0,0.08964614874236913,1.0438898632431284,0.0,0.0,0.10137532978611936,0,1.235230505454684,0,1,1,0,1,0,1,0,1,0,0,0,0,0,0,1,0,1,0,0,1,0,0,1,0,1,0,1,1,0,1,0,1,0,1,0,0,1,0,1,0,0,1,1,0,0,2.517499251133794,-0.05845742940231725
-0.09175369218154737,0.0,0.9178888287166403,-0.33606808855469933,0.0,0.0,-1.2201823075708103,1,0.28736706295653963,1,0,1,0,0,1,1,0,0,0,1,0,0,0,1,0,0,1,0,1,0,0,0,1,1,0,1,0,1,0,0,1,0,1,0,1,0,1,0,1,0,0,1,1,0,0,2.059522196026279,-0.5976527894990659
-1.6166201341500317,0.0,-1.1128299112985853,0.9591705620964788,0.0,0.0,-1.2201823075708103,1,-1.4559648162670793,0,1,1,0,0,1,1,0,1,0,0,0,0,0,1,0,0,1,0,0,1,0,0,1,1,0,1,0,1,0,1,0,1,0,0,1,0,1,1,0,0,1,0,1,0,0,-0.7984649499117825,0.6074077290111374
-0.7368894945528293,0.0,-1.4591741486566596,-0.24535522255213305,0.0,0.0,0.10137532978611936,0,-0.5926722286208012,1,0,1,0,1,0,1,0,1,0,0,0,0,0,1,0,0,1,0,1,0,0,1,0,0,1,0,1,0,1,1,0,1,0,1,0,0,1,1,0,0,1,0,1,0,0,-0.6524800469533152,-1.2138869783470994
-1.6166201341500317,0.0,-0.9883016461810755,0.9591705620964788,0.0,0.0,-1.2201823075708103,1,-1.799272246853863,0,1,1,0,0,1,1,0,0,0,0,0,1,0,0,1,0,1,0,0,1,0,1,0,1,0,1,0,1,0,0,1,1,0,1,0,0,1,1,0,0,0,1,1,0,0,0.026503408211819613,0.7829545976846464
-0.03310498287506721,0.0,0.5968393952105604,-1.9375899111105526,0.0,0.0,1.863452179595359,0,-1.8804937609195167,1,0,1,0,0,1,0,1,1,0,0,0,0,0,0,1,1,0,0,0,0,1,1,0,1,0,1,0,1,0,1,0,1,0,1,0,1,0,1,0,0,1,0,0,1,0,-0.925029930171563,-0.9533596252483496
0.37743598227029396,0.0,0.6454832487720878,-1.9375899111105526,0.0,0.0,-0.7796630951185004,1,0.7412027394883367,1,0,1,0,1,0,1,0,1,0,0,0,0,0,1,0,1,0,0,0,0,1,1,0,1,0,1,0,1,0,1,0,1,0,1,0,1,0,1,0,0,1,0,0,1,0,-3.537114431938994,-0.6678670535979538
-0.15040240148802755,0.0,-1.1407190540071943,0.6819075454764912,0.0,0.0,0.9824137546907391,0,-0.21335938458223278,1,0,1,0,0,1,0,1,1,0,0,0,0,0,0,1,0,1,0,0,1,0,0,1,0,1,0,1,0,1,0,1,0,1,0,1,0,1,0,0,1,1,0,1,0,0,2.842469282084625,0.396404278321746
-1.5579714248435517,0.0,0.049433896464840074,0.9591705620964788,0.0,0.0,-1.2201823075708103,1,-0.125439188944154,0,1,1,0,0,1,1,0,1,0,0,0,0,0,0,1,0,1,0,0,1,0,1,0,1,0,1,0,1,0,0,1,0,1,0,1,1,0,1,0,0,0,1,1,0,0,-1.0284128144115439,1.3973270352669365
1.0225717846415758,0.0,0.4204243529607548,0.7071612569928716,0.0,0.0,0.10137532978611936,1,-0.03249498212675645,1,0,0,1,1,0,1,0,1,0,0,0,0,0,0,1,0,1,0,0,1,0,1,0,0,1,1,0,1,0,0,1,0,1,0,1,0,1,1,0,0,0,1,1,0,0,1.215618285256198,1.0202755443953175
0.7879769474156552,0.0,-0.1490330260661914,0.5100492557245105,0.0,0.0,-0.7796630951185004,1,-0.5089387089654881,1,0,1,0,1,0,1,0,0,0,0,0,0,1,1,0,0,1,0,0,1,0,1,0,1,0,1,0,1,0,0,1,1,0,1,0,1,0,1,0,0,0,1,0,1,0,-0.8993170493903176,0.9070683580245418
0.2601385636573336,0.0,0.41264133639091033,-0.24535522255213305,0.0,0.0,0.10137532978611936,0,0.691799962891702,1,0,1,0,0,1,1,0,1,0,0,0,0,0,0,1,0,1,0,0,1,0,0,1,0,1,0,1,1,0,1,0,0,1,0,1,0,1,0,0,1,0,1,1,0,0,3.0148795173548666,-0.0530575465709189
-0.15040240148802755,0.0,-0.8722049823475637,-1.9375899111105526,0.0,0.0,0.9824137546907391,0,0.85173098543335,1,0,1,0,1,0,1,0,0,1,0,0,0,0,1,0,1,0,0,0,0,1,1,0,1,0,1,0,1,0,1,0,1,0,1,0,1,0,0,1,0,0,1,0,1,0,0.6999238193219166,-2.243747092458626
0.4947334008832543,0.0,1.7325112296936842,0.6819075454764912,0.0,0.0,0.9824137546907391,0,1.496479086779261,1,0,1,0,1,0,1,0,0,0,1,0,0,0,1,0,0,1,0,0,1,0,1,0,0,1,1,0,0,1,1,0,1,0,1,0,1,0,1,0,0,0,1,0,1,0,2.222243463652451,-0.20909187964152337
0.9639230753350957,0.0,0.7077473813308424,0.65579761464225,0.0,0.0,-1.2201823075708103,1,-0.04003099889573463,1,0,1,0,1,0,1,0,0,0,0,0,0,1,1,0,0,1,0,0,1,0,1,0,0,1,0,1,1,0,1,0,1,0,1,0,0,1,1,0,0,0,1,1,0,0,-2.136050399975174,1.1485748675928873
0.43608469157677415,0.0,1.7422400004059895,0.44303577337051536,0.0,0.0,1.863452179595359,0,0.06128655988719423,1,0,1,0,1,0,1,0,0,0,1,0,0,0,1,0,0,1,0,1,0,0,1,0,0,1,0,1,0,1,0,1,0,1,0,1,0,1,0,0,1,0,1,0,1,0,2.3288892449049694,-0.2329138523671085
0.43608469157677415,0.0,-0.30923345046215456,0.6819075454764912,0.0,0.0,0.10137532978611936,1,-1.6753466377639996,1,0,1,0,0,1,1,0,1,0,0,0,0,0,0,1,0,1,0,0,1,0,1,0,1,0,1,0,1,0,1,0,1,0,1,0,0,1,1,0,0,0,1,0,1,0,0.6205337950181279,0.2557061482126089
-1.03013304108523,0.0,-0.7593512420848204,0.9410480977988882,0.0,0.0,-0.7796630951185004,1,0.4581834430533784,1,0,1,0,0,1,1,0,0,0,1,0,0,0,0,1,0,1,1,0,0,0,1,0,1,0,1,0,1,0,1,0,1,0,1,0,0,1,1,0,0,0,1,1,0,0,0.8360712261693694,-0.8770031017624389
1.7263562963193377,0.0,-0.8670163046343341,0.33012629336122234,0.0,0.0,0.10137532978611936,0,0.22875359919782046,1,0,0,1,0,1,1,0,1,0,0,0,0,0,1,0,0,1,0,0,1,0,0,1,0,1,1,0,1,0,0,1,0,1,1,0,0,1,0,1,0,1,0,0,0,1,1.6081622512155167,0.6125486622265124
-0.678240785246349,0.0,-0.6406602393946939,-1.9375899111105526,0.0,0.0,1.863452179595359,0,1.5969593103656368,1,0,1,0,1,0,1,0,1,0,0,0,0,0,1,0,1,0,0,0,0,1,1,0,1,0,1,0,1,0,1,0,1,0,1,0,1,0,0,0,1,1,0,0,1,0,0.30822067684849497,-1.9063196420589357
0.37743598227029396,0.0,0.8789737458674185,0.7071612569928716,0.0,0.0,1.863452179595359,0,-1.1938788997459493,1,0,1,0,1,0,1,0,1,0,0,0,0,0,1,0,0,1,0,1,0,0,1,0,1,0,0,1,0,1,0,1,0,1,0,1,0,1,0,1,0,1,0,0,1,0,-2.2616711680069272,0.9070688319535981
0.3187872729638138,0.0,1.0949524556806,0.5100492557245105,0.0,0.0,-0.7796630951185004,1,-1.5949624588948992,1,0,1,0,1,0,1,0,0,0,0,0,0,1,1,0,0,1,0,0,1,0,1,0,1,0,1,0,1,0,1,0,1,0,1,0,0,1,1,0,0,1,0,1,0,0,-1.3472446122207014,0.6492149927956762
-0.7955382038593094,0.0,-0.8066979262180403,0.5716956836265287,0.0,0.0,0.10137532978611936,0,0.41799135361882805,1,0,1,0,1,0,1,0,0,0,0,1,0,0,1,0,0,1,0,1,0,0,1,0,1,0,0,1,1,0,1,0,1,0,1,0,0,1,1,0,0,1,0,1,0,0,0.17413538327460884,-0.6271443875680004
0.729328238109175,0.0,1.4134075503300652,0.19777251896391848,0.0,0.0,0.10137532978611936,0,-1.7130267216088906,1,0,1,0,1,0,1,0,0,0,1,0,0,0,0,1,0,1,0,1,0,0,0,1,1,0,1,0,0,1,1,0,0,1,0,1,0,1,0,0,1,1,0,0,1,0,1.7739215814747673,-0.24960022888371028
0.6706795288026948,0.0,1.4341622611829834,1.1346027292456944,0.0,0.0,0.9824137546907391,0,0.8500563150402437,1,0,1,0,0,1,0,1,1,0,0,0,0,0,0,1,0,1,0,1,0,0,0,1,0,1,0,1,0,1,0,1,0,1,0,1,0,1,0,0,1,0,1,1,0,0,2.9071149043604465,-0.39560313308397804
0.7879769474156552,0.0,-1.126450190295813,-0.6980504063213363,0.0,0.0,-0.7796630951185004,1,-1.1235427432354863,1,0,1,0,0,1,1,0,1,0,0,0,0,0,1,0,0,1,0,1,0,0,1,0,1,0,0,1,1,0,1,0,1,0,1,0,0,1,1,0,0,1,0,1,0,0,-1.5267011518304807,-0.1185533508511427
0.6120308194962146,0.0,1.3479004942005417,0.037855076107910814,0.0,0.0,-1.2201823075708103,1,-0.06933773077509421,1,0,1,0,0,1,1,0,1,0,0,0,0,0,1,0,0,1,0,0,1,0,1,0,0,1,1,0,0,1,0,1,0,1,0,1,0,1,1,0,0,0,1,1,0,0,0.30026081746361777,1.319403535218624
-1.03013304108523,0.0,-1.4591741486566596,1.2654537340011538,0.0,0.0,-1.2201823075708103,1,-0.789445999810787,1,0,1,0,1,0,1,0,0,0,0,0,0,1,1,0,0,1,1,0,0,0,0,1,1,0,1,0,1,0,1,0,1,0,1,0,0,1,1,0,0,1,0,0,0,1,-4.088823391316357,-0.42130470753243193
0.8466256567221353,0.0,0.26022392856479165,0.33012629336122234,0.0,0.0,-0.7796630951185004,1,0.5402422923155852,1,0,1,0,0,1,1,0,0,0,0,0,0,1,1,0,0,1,0,0,1,0,1,0,1,0,1,0,1,0,0,1,0,1,0,1,0,1,1,0,0,1,0,1,0,0,-0.07125275340084297,1.029717417280045
-1.1474304596981904,0.0,1.0022048415566214,0.6287713610382961,0.0,0.0,-1.2201823075708103,1,-0.7542779215555555,0,1,1,0,0,1,1,0,1,0,0,0,0,0,1,0,0,1,0,0,1,0,0,1,1,0,1,0,0,1,0,1,0,1,0,1,0,1,1,0,0,0,1,1,0,0,1.2136024399564393,1.0025630076733612
-0.3849972387139482,0.0,-1.1277473597241205,-0.43890985399893934,0.0,0.0,0.10137532978611936,1,-1.8001095820504163,1,0,1,0,1,0,1,0,1,0,0,0,0,0,1,0,0,1,0,0,1,0,1,0,1,0,1,0,1,0,1,0,0,1,0,1,0,1,1,0,0,1,0,1,0,0,-1.9899007724119688,1.0048509596795376
-1.03013304108523,0.0,0.1512616965869703,1.1055362911451465,0.0,0.0,0.10137532978611936,0,0.5184715772052038,1,0,1,0,0,1,1,0,1,0,0,0,0,0,0,1,0,1,0,0,1,0,1,0,1,0,1,0,0,1,1,0,0,1,0,1,1,0,1,0,0,0,1,1,0,0,1.506876220436785,0.4402150793192052
0.37743598227029396,0.0,1.146190648098742,-0.43890985399893934,0.0,0.0,-0.7796630951185004,1,-0.27532218912716444,1,0,1,0,1,0,1,0,1,0,0,0,0,0,0,1,0,1,0,0,1,0,1,0,0,1,0,1,1,0,1,0,1,0,1,0,0,1,1,0,0,0,1,1,0,0,1.9195193094196243,0.10153343477152392
-0.4436459480204284,0.0,-1.4591741486566596,0.5100492557245105,0.0,0.0,0.9824137546907391,0,-0.297930239434099,1,0,1,0,0,1,0,1,0,0,0,1,0,0,1,0,0,1,1,0,0,0,0,1,0,1,1,0,0,1,1,0,1,0,1,0,1,0,1,0,0,1,0,0,1,0,-1.2027525073984526,-0.9887129020556085
-1.1474304596981904,0.0,1.292122208783324,-1.9375899111105526,0.0,0.0,0.10137532978611936,0,0.9446751922507476,0,1,1,0,1,0,1,0,1,0,0,0,0,0,1,0,1,0,0,0,0,1,1,0,1,0,1,0,1,0,1,0,1,0,1,0,1,0,1,0,0,1,0,0,1,0,-3.4292265050228647,-0.6695220184530327
-0.20905111079450772,0.0,0.49241725623181515,-0.023791351794107286,0.0,0.0,0.10137532978611936,1,0.12157469403901967,1,0,1,0,0,1,1,0,1,0,0,0,0,0,1,0,0,1,0,0,1,0,0,1,0,1,0,1,1,0,0,1,0,1,0,1,0,1,0,1,0,0,1,1,0,0,2.5205345404753534,0.5437145439913801
0.9052743660286154,0.0,1.4374051847537517,0.6007621217270765,0.0,0.0,-0.7796630951185004,1,-0.822102072476359,1,0,1,0,0,1,1,0,0,0,0,0,0,1,1,0,0,1,0,0,1,0,1,0,1,0,0,1,1,0,0,1,1,0,1,0,0,1,1,0,0,0,1,1,0,0,-0.2817587655431356,1.003058877878286
0.9052743660286154,0.0,-1.3586435179628364,0.14806693795787343,0.0,0.0,0.10137532978611936,1,1.2302064942753652,1,0,1,0,1,0,1,0,0,0,0,1,0,0,1,0,0,1,0,0,1,0,1,0,0,1,1,0,1,0,1,0,1,0,1,0,0,1,1,0,0,0,1,0,1,0,0.6084734549561398,-0.05918659128159664
-0.7368894945528293,0.0,-1.4591741486566596,0.28848538496648446,0.0,0.0,0.9824137546907391,0,0.8961097508506659,1,0,1,0,0,1,0,1,1,0,0,0,0,0,1,0,0,1,0,1,0,0,1,0,0,1,0,1,0,1,0,1,1,0,1,0,0,1,0,0,1,1,0,0,1,0,-0.004735013569569269,-1.234162189233013
-0.678240785246349,0.0,0.5222521530828853,0.65579761464225,0.0,0.0,-1.2201823075708103,1,-1.9449685710541078,1,0,1,0,0,1,1,0,1,0,0,0,0,0,0,1,0,1,0,0,1,0,1,0,1,0,0,1,1,0,0,1,0,1,0,1,0,1,1,0,0,0,1,0,1,0,0.5397618790446811,1.307767346570954
-0.09175369218154737,0.0,0.2556838355657158,0.5414890984678798,0.0,0.0,-1.2201823075708103,1,1.1230275891165644,1,0,1,0,1,0,1,0,1,0,0,0,0,0,1,0,0,1,0,0,1,0,1,0,1,0,1,0,1,0,1,0,1,0,1,0,0,1,1,0,0,1,0,1,0,0,-1.8172989911656845,0.7025526251227937
-0.5022946573269086,0.0,-0.5025116952799563,0.65579761464225,0.0,0.0,-1.2201823075708103,1,-0.028308306143990793,1,0,1,0,0,1,1,0,0,0,0,0,0,1,1,0,0,1,0,0,1,0,1,0,1,0,1,0,1,0,1,0,1,0,1,0,1,0,1,0,0,0,1,1,0,0,-0.8966958917961976,0.5005959418615268
0.6120308194962146,0.0,1.5353414765909603,0.7071612569928716,0.0,0.0,0.10137532978611936,1,-1.9416192302678954,1,0,1,0,1,0,1,0,0,0,0,0,0,1,1,0,0,1,0,0,1,0,1,0,1,0,1,0,1,0,1,0,1,0,1,0,0,1,1,0,0,0,1,1,0,0,-2.2626810953860685,0.7891030314352903
0.6706795288026948,0.0,-0.3157192976036916,0.36963080871589915,0.0,0.0,0.10137532978611936,0,0.058774554297534844,1,0,1,0,1,0,1,0,0,0,0,1,0,0,1,0,0,1,0,0,1,0,1,0,0,1,0,1,1,0,1,0,1,0,1,0,0,1,1,0,0,0,1,0,1,0,1.1331596356304285,0.16153222497339492
-0.4436459480204284,0.0,-0.6458489171079235,0.40720749028027037,0.0,0.0,-1.2201823075708103,1,1.3717161424928443,1,0,1,0,1,0,1,0,1,0,0,0,0,0,1,0,0,1,0,0,1,0,1,0,1,0,1,0,1,0,1,0,0,1,0,1,0,1,1,0,0,0,1,1,0,0,-0.0772474757458267,0.6702063431716246
1.2571666218674964,0.0,-0.9863558920386145,0.14806693795787343,0.0,0.0,0.9824137546907391,0,-0.9677983966766038,1,0,0,1,0,1,1,0,0,0,0,0,0,1,1,0,0,1,0,0,1,0,1,0,1,0,0,1,1,0,1,0,1,0,1,0,0,1,0,0,1,0,1,1,0,0,-2.075974798290713,0.8243304362323775
-0.03310498287506721,0.0,1.5392329848758821,0.44303577337051536,0.0,0.0,-1.2201823075708103,1,1.1397742930476271,1,0,1,0,0,1,1,0,1,0,0,0,0,0,1,0,0,1,0,0,1,0,1,0,1,0,1,0,1,0,1,0,1,0,1,0,0,1,1,0,0,1,0,1,0,0,-1.6443181761182573,0.7221896028930593
-1.2060791690046706,0.0,0.1512616965869703,1.120206624171783,0.0,0.0,-1.2201823075708103,1,0.660818560619236,0,1,1,0,1,0,1,0,1,0,0,0,0,0,0,1,0,1,1,0,0,0,1,0,1,0,1,0,1,0,1,0,1,0,0,1,0,1,1,0,0,0,1,1,0,0,-2.2236886425137903,0.10632352596748583
-1.1474304596981904,0.0,1.5632306192995693,1.2654537340011538,0.0,0.0,-1.2201823075708103,1,-1.5723544085879646,0,1,1,0,1,0,1,0,0,0,0,0,0,1,1,0,0,1,0,0,1,0,1,0,1,0,1,0,1,0,0,1,1,0,1,0,0,1,1,0,0,0,1,1,0,0,-1.1360383426525635,0.9385033707695574
-0.20905111079450772,0.0,1.4957778090275848,0.28848538496648446,0.0,0.0,0.9824137546907391,0,1.2050864383787714,1,0,1,0,1,0,1,0,0,0,0,0,1,0,1,0,0,1,0,1,0,0,1,0,0,1,1,0,1,0,1,0,1,0,1,0,0,1,1,0,0,1,0,1,0,0,-0.5724791911206588,-0.11338004722177637
-1.675268843456512,0.0,1.0579831269738393,1.120206624171783,0.0,0.0,0.10137532978611936,0,-0.22591941253052975,0,1,1,0,1,0,1,0,1,0,0,0,0,0,1,0,0,1,0,0,1,0,1,0,1,0,1,0,1,0,1,0,1,0,0,1,0,1,1,0,0,0,1,0,1,0,-2.3028397670178316,0.8070538774202292
-0.32634852940746806,0.0,0.5832191162133327,-1.9375899111105526,0.0,0.0,0.10137532978611936,0,1.3156146843237846,1,0,1,0,0,1,0,1,0,0,1,0,0,0,1,0,1,0,0,0,0,1,1,0,1,0,1,0,1,0,1,0,1,0,1,0,1,0,0,1,0,1,0,0,1,0,0.9923561271631116,-2.1107858036010185
1.1985179125610164,0.0,0.599433734067175,0.5716956836265287,0.0,0.0,0.9824137546907391,0,-1.8897044480816012,1,0,0,1,1,0,1,0,0,0,0,0,0,1,0,1,0,1,0,1,0,0,1,0,0,1,1,0,1,0,1,0,1,0,1,0,0,1,1,0,0,0,1,0,1,0,-2.020758355951432,0.3166405896669985
1.081220493948056,0.0,-0.14968161078034498,-0.24535522255213305,0.0,0.0,0.9824137546907391,0,1.6279407126381025,1,0,0,1,0,1,1,0,1,0,0,0,0,0,0,1,0,1,0,0,1,0,1,0,1,0,0,1,0,1,0,1,0,1,0,1,0,1,0,0,1,1,0,1,0,0,2.708366118832448,0.196296455665852
-1.4993227155370714,0.0,-0.2242688529080203,-1.9375899111105526,0.0,0.0,0.9824137546907391,0,-0.042543004485394026,0,1,1,0,0,1,0,1,0,1,0,0,0,0,0,1,1,0,0,0,0,1,1,0,1,0,1,0,1,0,1,0,1,0,1,0,1,0,0,0,1,1,0,1,0,0,1.2987622127282972,-2.200453819682783
0.6706795288026948,0.0,0.19731121129188287,-1.9375899111105526,0.0,0.0,0.9824137546907391,0,0.002673096128475057,1,0,1,0,0,1,1,0,1,0,0,0,0,0,1,0,1,0,0,0,0,1,1,0,1,0,1,0,1,0,1,0,1,0,1,0,1,0,0,0,1,1,0,0,1,0,-0.8987020666401461,-1.196721566980536
-0.15040240148802755,0.0,-1.1018039711579724,0.36963080871589915,0.0,0.0,0.10137532978611936,0,-0.12878852973036653,1,0,1,0,0,1,0,1,1,0,0,0,0,0,1,0,0,1,1,0,0,0,1,0,0,1,0,1,0,1,0,1,1,0,1,0,0,1,0,1,0,0,1,1,0,0,1.4115173274103743,-0.556979306179628
-0.6195920759398689,0.0,-0.6432545782513086,-1.9375899111105526,0.0,0.0,1.863452179595359,0,1.0778114885026955,1,0,1,0,0,1,1,0,1,0,0,0,0,0,0,1,1,0,0,0,0,1,1,0,1,0,1,0,1,0,1,0,1,0,1,0,1,0,0,0,1,1,0,1,0,0,1.2242057285385557,-2.186070595529386
1.9023024242387783,0.0,0.610459674207788,0.7071612569928716,0.0,0.0,0.10137532978611936,1,-0.003188250247396861,1,0,0,1,1,0,1,0,0,0,0,0,0,1,1,0,0,1,1,0,0,0,1,0,1,0,1,0,1,0,1,0,0,1,1,0,0,1,1,0,0,0,1,1,0,0,-1.4922254032073423,0.9791443617413317
-0.15040240148802755,0.0,0.19860838072019024,-0.43890985399893934,0.0,0.0,0.9824137546907391,0,1.3725534776893975,1,0,1,0,1,0,1,0,0,0,0,0,0,1,0,1,0,1,0,0,1,0,1,0,0,1,1,0,1,0,1,0,1,0,1,0,0,1,1,0,0,1,0,1,0,0,-1.6924442075018005,0.9971990979361517
-0.3849972387139482,0.0,0.7349879393252978,0.36963080871589915,0.0,0.0,0.9824137546907391,0,-1.90812582240577,1,0,1,0,1,0,1,0,1,0,0,0,0,0,0,1,0,1,0,1,0,0,1,0,1,0,0,1,0,1,0,1,0,1,0,1,0,1,0,1,0,0,1,0,1,0,1.6239105325259573,0.0689134212240278
0.7879769474156552,0.0,0.41264133639091033,0.40720749028027037,0.0,0.0,0.10137532978611936,0,1.8129917910763444,1,0,1,0,0,1,0,1,0,1,0,0,0,0,0,1,0,1,0,0,1,0,0,1,0,1,0,1,0,1,0,1,0,1,0,1,0,1,0,0,1,0,1,0,1,0,3.284180513588159,0.46074867100608596
0.3187872729638138,0.0,-0.38382069258982987,0.28848538496648446,0.0,0.0,-0.7796630951185004,1,-0.7174351729072177,1,0,1,0,1,0,1,0,0,0,0,0,0,1,1,0,0,1,0,0,1,0,1,0,1,0,0,1,1,0,0,1,0,1,0,1,1,0,1,0,0,1,0,0,0,1,-0.506741090311738,1.2645762109956598
0.6120308194962146,0.0,-1.4591741486566596,-0.023791351794107286,0.0,0.0,0.9824137546907391,0,0.47827948777065354,1,0,1,0,0,1,1,0,0,1,0,0,0,0,1,0,0,1,0,1,0,0,0,1,1,0,0,1,1,0,0,1,0,1,0,1,0,1,0,1,0,0,1,1,0,0,0.5904789575920855,-1.4531138021183672
-0.09175369218154737,0.0,-1.4591741486566596,0.6007621217270765,0.0,0.0,1.863452179595359,0,-0.630352312465692,1,0,1,0,1,0,1,0,0,0,0,0,0,1,1,0,0,1,1,0,0,0,1,0,0,1,1,0,1,0,0,1,0,1,0,1,0,1,1,0,0,0,1,0,1,0,-2.4584507563892397,-0.058790749606667206
1.6677075870128577,0.0,0.49566017980258364,-0.43890985399893934,0.0,0.0,0.10137532978611936,1,-0.15139658003730105,1,0,0,1,1,0,1,0,1,0,0,0,0,0,1,0,0,1,0,1,0,0,1,0,1,0,1,0,1,0,1,0,1,0,1,0,1,0,1,0,0,1,0,1,0,0,-1.968231936879119,-0.06434621676566873
-0.09175369218154737,0.0,-1.252924209555784,0.19777251896391848,0.0,0.0,0.10137532978611936,0,1.5827246120242335,1,0,1,0,0,1,1,0,1,0,0,0,0,0,1,0,0,1,0,0,1,0,0,1,0,1,0,1,0,1,0,1,0,1,0,1,0,1,0,0,1,0,1,0,1,0,2.4191447971232325,0.41891978765967425
-1.4406740062305912,0.0,-0.3714975830209095,1.2654537340011538,0.0,0.0,0.10137532978611936,0,0.6549572142433642,0,1,1,0,1,0,0,1,0,0,0,0,0,1,1,0,0,1,1,0,0,0,1,0,1,0,1,0,0,1,0,1,0,1,0,1,0,1,1,0,0,0,1,0,1,0,-0.6344514275977553,0.4483882293910554
0.4947334008832543,0.0,-1.3832897371006772,0.6287713610382961,0.0,0.0,-1.2201823075708103,1,-0.24517812205125175,1,0,1,0,1,0,1,0,1,0,0,0,0,0,0,1,0,1,0,0,1,0,1,0,1,0,1,0,1,0,0,1,0,1,0,1,0,1,1,0,0,0,1,1,0,0,-2.5013471530021363,1.4604491946367621
1.1985179125610164,0.0,-1.0174879583179919,0.0949307535196783,0.0,0.0,0.9824137546907391,0,-1.7306107607365062,1,0,0,1,0,1,1,0,1,0,0,0,0,0,0,1,0,1,0,0,1,0,1,0,1,0,1,0,1,0,1,0,1,0,1,0,0,1,1,0,0,0,1,1,0,0,-0.9651860002964524,0.6502908540644434
1.6677075870128577,0.0,0.3399998484056962,-0.869908696073317,0.0,0.0,0.9824137546907391,0,-0.005700255837056255,1,0,0,1,0,1,1,0,1,0,0,0,0,0,0,1,0,1,0,0,1,0,1,0,0,1,0,1,0,1,0,1,0,1,0,1,0,1,0,0,1,1,0,0,1,0,3.1558401623953887,0.26287050930638284
-0.03310498287506721,0.0,-0.4927829245676508,-0.43890985399893934,0.0,0.0,-0.7796630951185004,1,-0.5189867313241256,1,0,1,0,0,1,1,0,1,0,0,0,0,0,1,0,0,1,0,1,0,0,1,0,1,0,1,0,1,0,1,0,1,0,1,0,0,1,1,0,0,0,1,0,1,0,-3.063250319450662,0.08034508161434746
-0.32634852940746806,0.0,0.7272049227554536,-1.9375899111105526,0.0,0.0,0.10137532978611936,0,0.06547323586995989,1,0,1,0,1,0,1,0,0,0,1,0,0,0,0,1,1,0,0,0,0,1,1,0,1,0,1,0,1,0,1,0,1,0,1,0,1,0,0,0,1,1,0,1,0,0,1.3322359334658567,-2.023475671354982
-0.5022946573269086,0.0,-0.5122404659922618,-1.9375899111105526,0.0,0.0,0.9824137546907391,0,-1.90812582240577,1,0,1,0,0,1,0,1,1,0,0,0,0,0,1,0,1,0,0,0,0,1,1,0,1,0,1,0,1,0,1,0,1,0,1,0,1,0,1,0,0,1,0,0,1,0,-1.101504464270772,-1.178138598448083
-0.7368894945528293,0.0,0.9639383434215529,0.65579761464225,0.0,0.0,-1.2201823075708103,1,1.0342700582819326,1,0,1,0,1,0,1,0,0,0,0,0,1,0,0,1,0,1,0,0,1,0,0,1,1,0,1,0,1,0,0,1,0,1,0,1,0,1,1,0,0,0,1,1,0,0,0.2379701921267619,1.285069860595441
-0.20905111079450772,0.0,0.7375822781819125,-1.9375899111105526,0.0,0.0,1.863452179595359,0,-0.009049596623268779,1,0,1,0,1,0,0,1,1,0,0,0,0,0,0,1,1,0,0,0,0,1,1,0,1,0,1,0,1,0,1,0,1,0,1,0,1,0,0,0,1,0,1,0,1,0,-2.1713192726369415,-0.6257915712758141
-0.20905111079450772,0.0,0.30757061269801134,0.44303577337051536,0.0,0.0,-0.7796630951185004,1,-1.837789665895307,1,0,1,0,0,1,0,1,1,0,0,0,0,0,1,0,0,1,0,1,0,0,1,0,1,0,1,0,0,1,1,0,0,1,0,1,0,1,1,0,0,1,0,0,1,0,-1.4172993628571924,0.3764063372309769
1.1398692032545361,0.0,-1.1815798909988773,-0.43890985399893934,0.0,0.0,-0.7796630951185004,1,-1.3881406653462758,1,0,0,1,1,0,1,0,0,0,0,0,1,0,0,1,0,1,0,0,1,0,1,0,0,1,1,0,1,0,1,0,0,1,1,0,0,1,1,0,0,1,0,1,0,0,0.08904829700364159,0.8539348905545202
-1.5579714248435517,0.0,1.6371692767130908,1.0597702031126737,0.0,0.0,-1.2201823075708103,1,-0.8455474579798468,0,1,1,0,1,0,1,0,1,0,0,0,0,0,0,1,0,1,0,0,1,0,1,0,0,1,0,1,1,0,0,1,0,1,0,1,0,1,1,0,0,0,1,1,0,0,2.171992457338931,0.757147897923562
-0.5022946573269086,0.0,-1.4591741486566596,0.44303577337051536,0.0,0.0,-1.2201823075708103,1,0.9178804659610473,1,0,1,0,0,1,1,0,0,0,1,0,0,0,1,0,0,1,0,1,0,0,0,1,0,1,0,1,1,0,1,0,1,0,1,0,0,1,0,1,0,0,1,1,0,0,-0.5727854765949136,-1.202453808142619
0.3187872729638138,0.0,0.5832191162133327,0.40720749028027037,0.0,0.0,-1.2201823075708103,1,-1.7749895261538222,1,0,1,0,0,1,1,0,0,0,0,0,1,0,0,1,0,1,0,0,1,0,1,0,1,0,1,0,1,0,0,1,0,1,0,1,0,1,1,0,0,0,1,1,0,0,0.7672822455332675,0.9657706965258402
1.0225717846415758,0.0,-1.4591741486566596,-0.1642097988027183,0.0,0.0,0.10137532978611936,0,-0.33979699926175555,1,0,0,1,0,1,1,0,0,0,1,0,0,0,1,0,0,1,1,0,0,0,1,0,0,1,0,1,1,0,0,1,0,1,0,1,0,1,0,0,1,0,1,1,0,0,-0.2608253949224983,-0.8942400730581445
0.2601385636573336,0.0,-1.0148936194613771,0.36963080871589915,0.0,0.0,0.10137532978611936,0,0.11487601246659462,1,0,1,0,0,1,0,1,0,1,0,0,0,0,0,1,0,1,0,1,0,0,0,1,0,1,0,1,0,1,1,0,1,0,1,0,0,1,0,0,1,0,1,1,0,0,2.164546417953229,-0.9175423100827249
0.43608469157677415,0.0,1.1688911130941215,0.28848538496648446,0.0,0.0,0.10137532978611936,1,-0.02495896535777827,1,0,1,0,0,1,1,0,0,1,0,0,0,0,0,1,0,1,0,0,1,0,1,0,1,0,1,0,1,0,0,1,0,1,0,1,0,1,0,0,1,0,1,1,0,0,2.953422465860936,-0.1876723119085823
-1.3820252969241111,0.0,1.2519099565057943,0.9410480977988882,0.0,0.0,-0.7796630951185004,1,-0.13799921689245095,0,1,1,0,0,1,1,0,0,0,0,1,0,0,1,0,0,1,0,0,1,0,1,0,1,0,0,1,1,0,0,1,0,1,0,1,1,0,0,1,0,0,1,1,0,0,1.6343532075273477,0.6662163290958132
1.7263562963193377,0.0,-1.3158369268286925,-0.023791351794107286,0.0,0.0,0.10137532978611936,0,-0.04170566928884089,1,0,0,1,1,0,1,0,1,0,0,0,0,0,0,1,0,1,0,0,1,0,0,1,1,0,1,0,0,1,1,0,0,1,0,1,0,1,0,0,1,1,0,1,0,0,1.9315683233105558,0.042093680547900386
0.9639230753350957,0.0,0.11169802902359482,-1.9375899111105526,0.0,0.0,1.863452179595359,0,-1.805133593229735,1,0,1,0,0,1,0,1,0,0,0,0,1,0,1,0,1,0,0,0,0,1,1,0,1,0,1,0,1,0,1,0,1,0,1,0,1,0,0,1,0,0,1,0,1,0,-0.6503043203818941,-1.3102327738487844
-0.9128356224722697,0.0,1.691650392702001,0.0949307535196783,0.0,0.0,-1.2201823075708103,1,-0.17232995995112935,1,0,1,0,0,1,1,0,1,0,0,0,0,0,1,0,0,1,0,0,1,0,1,0,0,1,0,1,1,0,0,1,0,1,0,1,0,1,1,0,0,0,1,1,0,0,2.8329389626716677,0.18491538785253353
1.6090588777063775,0.0,-0.6756838139589935,-0.5576319593127251,0.0,0.0,-1.2201823075708103,1,0.5293569347603945,1,0,0,1,1,0,1,0,1,0,0,0,0,0,0,1,0,1,0,0,1,0,1,0,0,1,1,0,1,0,1,0,1,0,1,0,0,1,1,0,0,0,1,1,0,0,0.09134227866659295,0.5960495167407792
0.3187872729638138,0.0,0.8206011215935858,0.14806693795787343,0.0,0.0,0.10137532978611936,1,1.3792521592618225,1,0,1,0,0,1,1,0,1,0,0,0,0,0,1,0,0,1,0,0,1,0,1,0,1,0,0,1,1,0,1,0,1,0,1,0,1,0,1,0,0,1,0,1,0,0,-2.107370690033549,0.9416886460834402
0.7879769474156552,0.0,0.9944218249867767,0.6007621217270765,0.0,0.0,-1.2201823075708103,1,-0.4453012340274501,1,0,1,0,0,1,1,0,1,0,0,0,0,0,0,1,0,1,1,0,0,0,1,0,0,1,1,0,1,0,0,1,0,1,0,1,0,1,1,0,0,0,1,1,0,0,0.7502422350824858,1.1743394186746645
-1.675268843456512,0.0,1.3809783146223802,1.2654537340011538,0.0,0.0,0.9824137546907391,0,0.031142492811281515,0,1,1,0,1,0,1,0,0,0,1,0,0,0,0,1,0,1,0,0,1,0,1,0,0,1,0,1,0,1,0,1,0,1,0,1,0,1,0,1,0,0,1,1,0,0,2.6211284757944386,0.7506396243373125
-0.7368894945528293,0.0,1.2104005347999578,-0.09080483414810245,0.0,0.0,-0.7796630951185004,1,-1.8746324145436448,1,0,1,0,1,0,1,0,1,0,0,0,0,0,1,0,0,1,1,0,0,0,1,0,1,0,1,0,1,0,1,0,1,0,1,0,1,0,1,0,0,1,0,1,0,0,-1.2172951244391876,-0.18765478417108364
-0.5022946573269086,0.0,1.4406481083245204,0.5716956836265287,0.0,0.0,-1.2201823075708103,1,-1.4643381682326106,1,0,1,0,1,0,1,0,0,0,0,0,1,0,0,1,0,1,1,0,0,0,1,0,1,0,1,0,1,0,0,1,0,1,0,1,0,1,1,0,0,0,1,1,0,0,0.43777462205668916,1.153885837174385
-1.3233765876176309,0.0,1.373195298052536,1.2654537340011538,0.0,0.0,-1.2201823075708103,1,-0.044217674878500285,0,1,1,0,0,1,1,0,1,0,0,0,0,0,1,0,0,1,0,0,1,0,1,0,1,0,1,0,1,0,0,1,1,0,0,1,1,0,1,0,0,0,1,1,0,0,-2.092919049238198,1.097526129659247
1.374464040480457,0.0,-1.1420162234355018,-0.023791351794107286,0.0,0.0,-1.2201823075708103,1,1.2302064942753652,1,0,0,1,0,1,1,0,1,0,0,0,0,0,0,1,0,1,0,0,1,0,1,0,1,0,1,0,1,0,0,1,0,1,1,0,0,1,1,0,0,0,1,1,0,0,-2.306541753783065,1.498800951250677
-1.5579714248435517,0.0,0.9710727752772436,1.2654537340011538,0.0,0.0,0.9824137546907391,0,0.737016063505571,0,1,1,0,0,1,0,1,1,0,0,0,0,0,0,1,0,1,0,0,1,0,1,0,0,1,0,1,1,0,1,0,0,1,0,1,0,1,0,1,0,0,1,1,0,0,2.7095802204233657,-0.07188329010062817
-1.2060791690046706,0.0,1.537935815447575,1.2028038281759472,0.0,0.0,-1.2201823075708103,1,-1.8871924424919417,0,1,1,0,1,0,1,0,1,0,0,0,0,0,1,0,0,1,0,0,1,0,1,0,1,0,1,0,1,0,1,0,1,0,0,1,0,1,1,0,0,0,1,1,0,0,-2.2715342728925987,0.7743726836179341
0.4947334008832543,0.0,1.0268510606944614,0.7071612569928716,0.0,0.0,0.9824137546907391,0,1.3800894944583757,1,0,1,0,1,0,1,0,0,0,1,0,0,0,1,0,0,1,1,0,0,0,0,1,0,1,1,0,1,0,0,1,0,1,0,1,0,1,0,1,0,0,1,0,1,0,2.335275108047911,-0.5798644000524661
0.20148985435085345,0.0,1.5839853301524875,-0.33606808855469933,0.0,0.0,-0.7796630951185004,1,-0.35486903279971194,1,0,1,0,0,1,1,0,1,0,0,0,0,0,1,0,0,1,0,0,1,0,1,0,1,0,0,1,0,1,1,0,0,1,0,1,0,1,1,0,0,1,0,0,1,0,-1.2911794140673474,1.3004532763449763
-1.4406740062305912,0.0,-0.5809904456925538,1.1055362911451465,0.0,0.0,-1.2201823075708103,1,-0.8815528714316314,0,1,1,0,0,1,1,0,1,0,0,0,0,0,1,0,0,1,1,0,0,0,1,0,1,0,0,1,1,0,1,0,1,0,1,0,0,1,1,0,0,0,1,1,0,0,-1.9882431965256657,0.06999744947599208
1.9023024242387783,0.0,-1.111532741870278,0.4772711516590301,0.0,0.0,-1.2201823075708103,1,-1.582402430946602,1,0,0,1,0,1,1,0,0,0,1,0,0,0,0,1,0,1,0,0,1,0,1,0,1,0,0,1,1,0,0,1,0,1,1,0,0,1,1,0,0,0,1,1,0,0,1.8080190891582397,0.5094040659340001
0.37743598227029396,0.0,-1.0051648487490716,0.5100492557245105,0.0,0.0,0.10137532978611936,1,0.200284202515014,1,0,1,0,0,1,1,0,1,0,0,0,0,0,1,0,0,1,0,0,1,0,1,0,0,1,1,0,1,0,1,0,0,1,0,1,0,1,1,0,0,0,1,1,0,0,-1.1031295259350467,0.971608286335154
0.08419243573789313,0.0,-1.0544572870247528,0.5716956836265287,0.0,0.0,-1.2201823075708103,1,-0.7316698712486209,1,0,1,0,1,0,1,0,0,0,0,1,0,0,1,0,0,1,0,0,1,0,1,0,0,1,0,1,1,0,0,1,1,0,1,0,0,1,1,0,0,1,0,1,0,0,0.7870208256436394,0.6122446663896625
0.3187872729638138,0.0,1.225317983225493,-0.869908696073317,0.0,0.0,-0.7796630951185004,1,-0.16981795436146996,1,0,1,0,1,0,1,0,1,0,0,0,0,0,1,0,0,1,0,0,1,0,1,0,1,0,1,0,1,0,1,0,1,0,1,0,0,1,1,0,0,1,0,1,0,0,-2.287857664125415,0.8011232549783098
-0.678240785246349,0.0,-1.4591741486566596,0.33012629336122234,0.0,0.0,-0.7796630951185004,1,-0.6889657762244112,1,0,1,0,1,0,1,0,1,0,0,0,0,0,1,0,0,1,0,1,0,0,1,0,1,0,1,0,1,0,1,0,1,0,1,0,0,1,1,0,0,1,0,1,0,0,-3.5823239894236996,-0.6930851839132648
-1.2647278783111506,0.0,-1.1245044361533518,1.2157481529951086,0.0,0.0,-0.7796630951185004,1,-0.5055893681792755,0,1,1,0,1,0,1,0,1,0,0,0,0,0,1,0,0,1,0,0,1,0,1,0,1,0,0,1,0,1,0,1,0,1,0,1,0,1,1,0,0,0,1,0,0,1,-0.7191073802410578,1.4144480425116401
-1.5579714248435517,0.0,-0.8391271619257251,1.0597702031126737,0.0,0.0,-1.2201823075708103,1,0.0763585934251506,0,1,1,0,0,1,1,0,0,0,0,0,0,1,0,1,0,1,0,0,1,0,1,0,1,0,0,1,1,0,0,1,0,1,0,1,0,1,1,0,0,1,0,1,0,0,-0.9245743651948553,1.5282304070955008
-1.2647278783111506,0.0,0.8270869687351229,0.7071612569928716,0.0,0.0,-1.2201823075708103,1,1.3340360586479536,0,1,1,0,1,0,1,0,1,0,0,0,0,0,1,0,0,1,0,0,1,0,1,0,1,0,0,1,1,0,1,0,1,0,1,0,0,1,1,0,0,0,1,1,0,0,-2.2533931094847297,0.9305809653790148
-0.6195920759398689,0.0,1.0690090671144516,0.24446373527230422,0.0,0.0,1.863452179595359,0,1.1221902539200113,1,0,1,0,0,1,0,1,0,1,0,0,0,0,0,1,0,1,0,0,1,0,1,0,0,1,0,1,1,0,0,1,0,1,0,1,0,1,0,1,0,0,1,1,0,0,3.012378706488377,0.24082746272641814
-1.2647278783111506,0.0,-0.8430186702106474,1.2654537340011538,0.0,0.0,0.10137532978611936,0,0.26643368304271137,0,1,1,0,0,1,1,0,0,1,0,0,0,0,0,1,0,1,1,0,0,0,0,1,0,1,0,1,0,1,0,1,0,1,0,1,0,1,0,0,1,1,0,0,1,0,2.556238549902268,-0.28286212591024745
-1.4406740062305912,0.0,-1.4591741486566596,1.1055362911451465,0.0,0.0,0.10137532978611936,1,0.9681205777542352,0,1,1,0,0,1,1,0,1,0,0,0,0,0,1,0,0,1,1,0,0,0,1,0,1,0,1,0,1,0,0,1,0,1,0,1,0,1,1,0,0,1,0,1,0,0,-3.1449629160510755,-0.10634801367367724
-0.8541869131657895,0.0,-0.7612969962272815,-0.5576319593127251,0.0,0.0,0.10137532978611936,1,1.4839190588309639,1,0,1,0,0,1,1,0,0,0,1,0,0,0,0,1,0,1,0,0,1,0,1,0,1,0,0,1,1,0,0,1,0,1,0,1,0,1,0,1,0,0,1,1,0,0,2.375697699239676,0.20979900730838946
0.6120308194962146,0.0,-0.03228777751852587,-0.33606808855469933,0.0,0.0,-1.2201823075708103,1,-0.125439188944154,1,0,1,0,0,1,1,0,0,0,0,0,0,1,0,1,0,1,0,0,1,0,0,1,0,1,0,1,1,0,1,0,1,0,1,0,0,1,1,0,0,1,0,1,0,0,-0.08251954091079604,1.0964420085630728
0.37743598227029396,0.0,-0.2605895969006273,0.44303577337051536,0.0,0.0,0.9824137546907391,0,-0.674731077883008,1,0,1,0,1,0,1,0,0,0,0,0,1,0,0,1,0,1,0,1,0,0,1,0,0,1,1,0,1,0,1,0,1,0,1,0,0,1,1,0,0,0,1,0,1,0,-0.3851775507322088,-0.09230125820452613
0.6706795288026948,0.0,1.1144099971052108,0.33012629336122234,0.0,0.0,-1.2201823075708103,1,-0.06431371959577543,1,0,1,0,1,0,1,0,0,0,0,0,0,1,1,0,0,1,0,0,1,0,0,1,1,0,0,1,0,1,1,0,0,1,0,1,0,1,1,0,0,0,1,1,0,0,-0.6683049501929684,1.3407395185747233
-0.7368894945528293,0.0,-1.4591741486566596,0.65579761464225,0.0,0.0,-1.2201823075708103,1,0.37110058261185275,1,0,1,0,1,0,1,0,1,0,0,0,0,0,1,0,0,1,1,0,0,0,1,0,1,0,1,0,1,0,1,0,1,0,1,0,0,1,1,0,0,0,1,0,0,1,-4.245315834599895,-0.5448160885838479
1.3158153311739766,0.0,0.8355185700191211,0.44303577337051536,0.0,0.0,0.10137532978611936,1,-1.8210429619642445,1,0,0,1,0,1,1,0,0,0,0,1,0,0,0,1,0,1,0,0,1,0,1,0,0,1,0,1,1,0,1,0,0,1,0,1,1,0,1,0,0,0,1,1,0,0,1.423371335176371,0.7530654472112552
-0.7368894945528293,0.0,0.6545634347702397,0.14806693795787343,0.0,0.0,0.10137532978611936,0,0.05375054311821605,1,0,1,0,0,1,0,1,0,1,0,0,0,0,0,1,0,1,0,1,0,0,0,1,0,1,0,1,0,1,1,0,0,1,0,1,0,1,0,0,1,0,1,1,0,0,2.6789294968894475,-0.6286191785205657
0.2601385636573336,0.0,1.2136434583707265,-0.43890985399893934,0.0,0.0,0.9824137546907391,0,-1.6694852913881277,1,0,1,0,1,0,1,0,1,0,0,0,0,0,0,1,0,1,0,0,1,0,1,0,1,0,1,0,1,0,0,1,1,0,1,0,0,1,1,0,0,1,0,1,0,0,1.506592985417015,0.24837653193000653
0.729328238109175,0.0,-0.8520988562087991,-0.6980504063213363,0.0,0.0,-0.7796630951185004,1,1.4026975447653103,1,0,1,0,1,0,1,0,0,0,1,0,0,0,0,1,0,1,0,0,1,0,1,0,0,1,0,1,0,1,0,1,0,1,0,1,1,0,1,0,0,0,1,1,0,0,2.685928225328085,0.3717955447252295
-1.1474304596981904,0.0,-1.4591741486566596,1.2654537340011538,0.0,0.0,1.863452179595359,0,-1.9365952190885765,0,1,1,0,1,0,1,0,0,0,0,0,0,1,1,0,0,1,0,1,0,0,1,0,1,0,1,0,1,0,1,0,1,0,1,0,0,1,1,0,0,1,0,1,0,0,-3.4646436336890822,-0.7003510834971974
-0.03310498287506721,0.0,-0.17821933820310773,-1.9375899111105526,0.0,0.0,0.10137532978611936,0,1.8138291262728976,1,0,1,0,0,1,0,1,0,1,0,0,0,0,1,0,1,0,0,0,0,1,1,0,1,0,1,0,1,0,1,0,1,0,1,0,1,0,0,0,1,0,1,1,0,0,1.0184032668323473,-2.257622394393597
-0.5609433666333887,0.0,0.981450130703703,-1.9375899111105526,0.0,0.0,0.9824137546907391,0,-0.2518768036236768,1,0,1,0,0,1,0,1,1,0,0,0,0,0,1,0,1,0,0,0,0,1,1,0,1,0,1,0,1,0,1,0,1,0,1,0,1,0,0,1,0,1,0,0,1,0,0.7014890691326156,-1.9372194670644372
-0.03310498287506721,0.0,1.2214264749405706,-1.9375899111105526,0.0,0.0,1.863452179595359,0,-1.3688819558255536,1,0,1,0,1,0,1,0,1,0,0,0,0,0,1,0,1,0,0,0,0,1,1,0,1,0,1,0,1,0,1,0,1,0,1,0,1,0,0,1,0,1,0,0,1,0,0.11551306425781493,-1.6127960566559352
-0.26769982010098786,0.0,-1.1011553864438188,0.24446373527230422,0.0,0.0,1.863452179595359,0,-0.8463847931763999,1,0,1,0,0,1,0,1,0,0,1,0,0,0,0,1,0,1,0,0,1,0,1,0,0,1,1,0,1,0,1,0,1,0,1,0,0,1,1,0,0,0,1,1,0,0,1.4484158066661017,-0.10906510139646614
-1.5579714248435517,0.0,0.8309784770200452,-1.9375899111105526,0.0,0.0,0.10137532978611936,1,0.7269680411469335,0,1,1,0,0,1,1,0,1,0,0,0,0,0,0,1,1,0,0,0,0,1,1,0,1,0,1,0,1,0,1,0,1,0,1,0,1,0,0,0,1,0,1,0,1,0,0.08682090441175735,-1.4069378341836771
0.8466256567221353,0.0,-1.2276294057037898,-1.9375899111105526,0.0,0.0,0.9824137546907391,0,0.8910857396713472,1,0,1,0,0,1,0,1,1,0,0,0,0,0,1,0,1,0,0,0,0,1,1,0,1,0,1,0,1,0,1,0,1,0,1,0,1,0,0,0,1,1,0,0,1,0,-2.8613566094993486,-0.8482089316352074
1.6677075870128577,0.0,-0.6218512826842366,0.44303577337051536,0.0,0.0,0.10137532978611936,1,-0.655472368362286,1,0,0,1,1,0,1,0,0,0,0,0,0,1,0,1,0,1,0,0,1,0,1,0,1,0,1,0,1,0,1,0,0,1,1,0,0,1,1,0,0,0,1,1,0,0,-0.3583452878984383,0.877622173482601
-0.6195920759398689,0.0,1.3829240687648414,-1.9375899111105526,0.0,0.0,0.10137532978611936,0,1.3390600698272723,1,0,1,0,1,0,1,0,0,0,0,0,0,1,1,0,1,0,0,0,0,1,1,0,1,0,1,0,1,0,1,0,1,0,1,0,1,0,0,0,1,1,0,0,1,0,-3.3913164559386026,-0.6479407905464406
-0.8541869131657895,0.0,0.7596341584631384,0.36963080871589915,0.0,0.0,-1.2201823075708103,1,-0.05510303243369099,1,0,1,0,1,0,1,0,1,0,0,0,0,0,0,1,0,1,0,0,1,0,1,0,1,0,1,0,0,1,1,0,0,1,0,1,0,1,1,0,0,0,1,1,0,0,0.7059543130195468,0.8314654963719382
1.6090588777063775,0.0,-1.186119983997953,0.44303577337051536,0.0,0.0,0.9824137546907391,0,0.8115388959987997,1,0,0,1,0,1,1,0,1,0,0,0,0,0,1,0,0,1,0,0,1,0,0,1,0,1,0,1,1,0,1,0,1,0,1,0,0,1,0,1,0,0,1,0,1,0,1.8883634726657885,-0.29576636744999885
-1.2647278783111506,0.0,-0.18275943120218363,0.9410480977988882,0.0,0.0,-1.2201823075708103,1,-1.6435279002949807,0,1,1,0,1,0,1,0,0,0,0,0,0,1,0,1,0,1,0,0,1,0,0,1,1,0,1,0,0,1,0,1,0,1,0,1,0,1,1,0,0,0,1,1,0,0,-0.04151877607602061,1.4683737660429315
-1.4406740062305912,0.0,-0.5602357348396354,1.2654537340011538,0.0,0.0,-1.2201823075708103,1,0.8935977452610065,0,1,1,0,1,0,1,0,1,0,0,0,0,0,1,0,0,1,0,0,1,0,0,1,1,0,1,0,1,0,1,0,1,0,0,1,0,1,1,0,0,0,1,0,1,0,-0.5596429709617443,0.5838208563609095
1.374464040480457,0.0,-0.4000353104436723,-0.09080483414810245,0.0,0.0,0.9824137546907391,0,0.4648821246258034,1,0,0,1,0,1,1,0,0,0,1,0,0,0,0,1,0,1,0,0,1,0,0,1,1,0,0,1,0,1,0,1,0,1,1,0,0,1,0,0,1,0,1,1,0,0,2.8139667037820555,0.475151292203586
-0.6195920759398689,0.0,-1.2924878771191595,-1.9375899111105526,0.0,0.0,0.9824137546907391,0,0.6465838622778328,1,0,1,0,0,1,0,1,1,0,0,0,0,0,0,1,1,0,0,0,0,1,1,0,1,0,1,0,1,0,1,0,1,0,1,0,1,0,0,0,1,0,1,1,0,0,0.8883943537958429,-2.1926899785566554
0.14284114504437329,0.0,0.7233134144705312,0.7071612569928716,0.0,0.0,-1.2201823075708103,1,0.12827337561144472,1,0,1,0,1,0,1,0,0,0,0,0,0,1,1,0,0,1,0,0,1,0,1,0,1,0,0,1,1,0,1,0,1,0,1,0,0,1,1,0,0,0,1,1,0,0,-1.1130141085376435,0.740687826951173
-1.5579714248435517,0.0,-0.4175470977258221,1.2157481529951086,0.0,0.0,0.9824137546907391,0,0.149206755525273,0,1,1,0,0,1,1,0,0,0,0,0,0,1,1,0,0,1,0,1,0,0,0,1,0,1,1,0,1,0,1,0,1,0,0,1,0,1,1,0,0,0,1,0,1,0,-2.873744620946148,0.30267520501605266
-1.5579714248435517,0.0,-0.5342923462734875,1.1346027292456944,0.0,0.0,-0.7796630951185004,1,-0.06012704361300977,0,1,1,0,1,0,1,0,1,0,0,0,0,0,1,0,0,1,0,1,0,0,0,1,1,0,1,0,1,0,1,0,1,0,1,0,0,1,1,0,0,0,1,1,0,0,-0.44133209414839736,-0.2944588052600863
0.9639230753350957,0.0,-0.9202002511949373,0.4772711516590301,0.0,0.0,-1.2201823075708103,1,-0.10283113863721946,1,0,1,0,1,0,1,0,0,0,0,1,0,0,0,1,0,1,0,0,1,0,1,0,1,0,1,0,1,0,1,0,0,1,0,1,0,1,1,0,0,0,1,1,0,0,0.6790455140269116,0.4970877352208579
-1.2060791690046706,0.0,-1.4591741486566596,1.0597702031126737,0.0,0.0,-1.2201823075708103,1,-0.11371649619241017,0,1,1,0,0,1,1,0,0,0,0,1,0,0,1,0,0,1,0,1,0,0,0,1,0,1,0,1,1,0,0,1,0,1,0,1,0,1,1,0,0,0,1,0,1,0,-0.767353935368812,-0.4042186486138121
1.785005005625818,0.0,1.7156480271256882,-0.1642097988027183,0.0,0.0,0.10137532978611936,1,-1.5865891069293678,1,0,0,1,0,1,1,0,0,0,0,1,0,0,0,1,0,1,0,0,1,0,1,0,1,0,1,0,1,0,0,1,1,0,1,0,0,1,1,0,0,0,1,0,1,0,1.462833351905594,0.39740958143105826
-1.3233765876176309,0.0,-0.8209667899294216,1.2654537340011538,0.0,0.0,0.10137532978611936,0,-0.6805924242588799,0,1,1,0,0,1,0,1,1,0,0,0,0,0,0,1,0,1,0,0,1,0,1,0,1,0,1,0,1,0,1,0,0,1,0,1,0,1,1,0,0,1,0,1,0,0,0.6119163434474717,0.5701962865811997
-0.4436459480204284,0.0,1.4387023541820594,-1.9375899111105526,0.0,0.0,0.9824137546907391,0,-0.4796319770861285,1,0,1,0,0,1,0,1,1,0,0,0,0,0,0,1,1,0,0,0,0,1,1,0,1,0,1,0,1,0,1,0,1,0,1,0,1,0,0,0,1,0,1,1,0,0,0.3665025688474437,-1.5132048226822854
-1.5579714248435517,0.0,-0.745082378373439,1.2654537340011538,0.0,0.0,0.10137532978611936,0,-0.5675521727242072,0,1,1,0,0,1,0,1,0,0,0,1,0,0,0,1,0,1,0,0,1,0,1,0,0,1,0,1,0,1,1,0,1,0,0,1,0,1,1,0,0,1,0,0,1,0,1.2020000682859198,0.43641559735354724
-1.675268843456512,0.0,1.7714263125429062,0.9410480977988882,0.0,0.0,0.10137532978611936,1,-1.3889780005428287,0,1,1,0,1,0,1,0,1,0,0,0,0,0,1,0,0,1,0,1,0,0,1,0,1,0,1,0,1,0,1,0,1,0,0,1,0,1,1,0,0,0,1,0,1,0,-2.1605077629721734,0.015513973004771631
-0.9714843317787499,0.0,0.5112262129422723,-1.9375899111105526,0.0,0.0,0.9824137546907391,0,-1.0532065867250233,1,0,1,0,0,1,0,1,1,0,0,0,0,0,1,0,1,0,0,0,0,1,1,0,1,0,1,0,1,0,1,0,1,0,1,0,1,0,1,0,0,1,0,1,0,0,-3.553317174924879,-0.659708386932502
1.8436537149322982,0.0,-1.4591741486566596,-0.023791351794107286,0.0,0.0,-1.2201823075708103,1,-0.8773661954488657,1,0,0,1,1,0,1,0,1,0,0,0,0,0,1,0,0,1,0,1,0,0,1,0,1,0,1,0,1,0,1,0,1,0,1,0,0,1,1,0,0,1,0,1,0,0,-3.9086285120283195,-0.6382891337427946
1.3158153311739766,0.0,-0.18275943120218363,1.1346027292456944,0.0,0.0,0.10137532978611936,0,0.022769140845750203,1,0,0,1,0,1,0,1,1,0,0,0,0,0,0,1,0,1,0,0,1,0,0,1,0,1,1,0,1,0,1,0,0,1,1,0,0,1,0,1,0,0,1,1,0,0,2.442069031722832,0.013323038092847279
0.4947334008832543,0.0,-1.2127119572782548,0.6007621217270765,0.0,0.0,0.10137532978611936,0,1.2260198182925997,1,0,1,0,1,0,1,0,1,0,0,0,0,0,1,0,0,1,0,0,1,0,1,0,1,0,1,0,1,0,1,0,1,0,1,0,1,0,1,0,0,1,0,0,1,0,0.032152453992181515,0.1689486411713323
1.7263562963193377,0.0,-1.4591741486566596,-0.24535522255213305,0.0,0.0,-1.2201823075708103,1,0.37863659938083094,1,0,0,1,1,0,1,0,1,0,0,0,0,0,1,0,0,1,1,0,0,0,0,1,1,0,1,0,1,0,0,1,1,0,1,0,0,1,1,0,0,0,1,1,0,0,-1.4041520872191373,-0.7767681905923443
1.1985179125610164,0.0,0.7713086833179049,0.28848538496648446,0.0,0.0,0.10137532978611936,1,0.9890539576680635,1,0,0,1,1,0,1,0,1,0,0,0,0,0,0,1,0,1,0,0,1,0,1,0,1,0,0,1,0,1,0,1,0,1,1,0,1,0,0,1,0,0,1,1,0,0,2.7837648853802923,0.39797753010659964
-1.5579714248435517,0.0,-0.8488559326380306,1.2654537340011538,0.0,0.0,-1.2201823075708103,1,1.3390600698272723,0,1,1,0,0,1,1,0,1,0,0,0,0,0,1,0,0,1,1,0,0,0,1,0,1,0,0,1,0,1,1,0,1,0,1,0,0,1,1,0,0,1,0,0,1,0,-0.9256573261276447,-0.0031146557258488676
-0.15040240148802755,0.0,1.294067962925785,0.65579761464225,0.0,0.0,0.9824137546907391,0,-1.5572823750500082,1,0,1,0,1,0,0,1,0,0,0,0,1,0,0,1,0,1,0,1,0,0,0,1,1,0,1,0,1,0,1,0,0,1,0,1,0,1,1,0,0,1,0,1,0,0,0.32472750630547614,0.08395947321968258
0.7879769474156552,0.0,1.4361080153254446,0.44303577337051536,0.0,0.0,0.10137532978611936,0,-0.9870571061973259,1,0,1,0,0,1,0,1,1,0,0,0,0,0,1,0,0,1,1,0,0,0,0,1,1,0,1,0,1,0,1,0,1,0,1,0,0,1,1,0,0,1,0,1,0,0,-1.4184897283605538,0.03939921420568821
-0.26769982010098786,0.0,-0.4473819945768921,0.4772711516590301,0.0,0.0,1.863452179595359,0,1.18331572326839,1,0,1,0,1,0,1,0,1,0,0,0,0,0,0,1,0,1,0,0,1,0,1,0,0,1,1,0,1,0,1,0,1,0,1,0,0,1,1,0,0,1,0,1,0,0,-0.2968978085821566,0.7184623456644922
1.7263562963193377,0.0,0.03581361746761238,0.7071612569928716,0.0,0.0,1.863452179595359,0,1.414420237517054,1,0,0,1,0,1,1,0,1,0,0,0,0,0,0,1,0,1,0,0,1,0,1,0,0,1,0,1,1,0,1,0,0,1,1,0,0,1,1,0,0,1,0,0,1,0,2.383122805991419,0.10069124813925169
-0.32634852940746806,0.0,-1.4591741486566596,0.037855076107910814,0.0,0.0,-1.2201823075708103,1,0.9279284883196849,1,0,1,0,0,1,0,1,1,0,0,0,0,0,1,0,0,1,0,1,0,0,1,0,1,0,1,0,0,1,0,1,1,0,1,0,1,0,1,0,0,1,0,1,0,0,-3.71152045591771,-0.150343581663465
1.3158153311739766,0.0,0.8102237661671269,0.5414890984678798,0.0,0.0,0.9824137546907391,0,1.0602274493750796,1,0,0,1,0,1,1,0,0,0,0,0,0,1,1,0,0,1,0,0,1,0,1,0,1,0,1,0,1,0,1,0,1,0,1,0,0,1,1,0,0,1,0,1,0,0,-1.7489718334590192,0.716015050354619
1.433112749786937,0.0,-1.3177826809711537,0.0949307535196783,0.0,0.0,0.10137532978611936,0,0.4799541581637598,1,0,0,1,1,0,1,0,1,0,0,0,0,0,1,0,0,1,0,0,1,0,1,0,1,0,0,1,1,0,1,0,1,0,1,0,0,1,0,0,1,0,1,1,0,0,-1.005867640210625,0.5638048990525627
1.6677075870128577,0.0,0.40096681153614383,0.40720749028027037,0.0,0.0,0.10137532978611936,0,0.4565087726602721,1,0,0,1,0,1,1,0,1,0,0,0,0,0,1,0,0,1,0,0,1,0,1,0,1,0,1,0,1,0,1,0,1,0,1,0,0,1,0,1,0,0,1,1,0,0,2.2703779985188097,-0.7380031077452519
-0.7368894945528293,0.0,-1.4591741486566596,-0.09080483414810245,0.0,0.0,0.10137532978611936,0,-1.4961569057016295,1,0,1,0,1,0,1,0,1,0,0,0,0,0,1,0,0,1,0,1,0,0,0,1,0,1,1,0,0,1,1,0,0,1,0,1,0,1,0,0,1,0,1,1,0,0,-0.7406421653976502,-0.7879697198009521
-1.4993227155370714,0.0,-0.48045981499873064,1.2654537340011538,0.0,0.0,1.863452179595359,0,0.25806033107718,0,1,1,0,0,1,1,0,1,0,0,0,0,0,0,1,0,1,0,0,1,0,1,0,0,1,0,1,1,0,0,1,0,1,0,1,0,1,0,0,1,0,1,1,0,0,2.9545009793950365,0.15425967615256903
-1.03013304108523,0.0,-0.3364740084566099,1.2654537340011538,0.0,0.0,0.10137532978611936,0,0.05961188949408797,1,0,1,0,0,1,1,0,0,0,1,0,0,0,0,1,0,1,1,0,0,0,0,1,1,0,1,0,0,1,0,1,0,1,0,1,0,1,0,1,0,1,0,0,1,0,1.5313237236129944,0.011194091227340618
-0.5022946573269086,0.0,0.20639139729003467,-0.43890985399893934,0.0,0.0,0.10137532978611936,0,0.7378533987021242,1,0,1,0,1,0,1,0,0,0,0,1,0,0,0,1,0,1,0,0,1,0,1,0,0,1,1,0,1,0,0,1,0,1,0,1,0,1,1,0,0,0,1,1,0,0,1.160192005076338,0.9714528961215696
-0.26769982010098786,0.0,1.4244334904706781,0.5414890984678798,0.0,0.0,0.9824137546907391,0,-1.2374203299667121,1,0,1,0,0,1,0,1,1,0,0,0,0,0,1,0,0,1,0,1,0,0,1,0,0,1,1,0,0,1,1,0,1,0,1,0,0,1,1,0,0,1,0,0,1,0,-0.6430356251635302,0.023339007659490853
0.6120308194962146,0.0,0.9062143038618738,0.19777251896391848,0.0,0.0,0.10137532978611936,0,0.5854583929294543,1,0,1,0,1,0,1,0,1,0,0,0,0,0,1,0,0,1,1,0,0,0,0,1,0,1,1,0,1,0,1,0,1,0,1,0,0,1,0,1,0,1,0,0,1,0,0.03843457670350294,-0.14611355903887485
1.7263562963193377,0.0,0.7297992616120683,0.6819075454764912,0.0,0.0,0.10137532978611936,0,0.793954856871184,1,0,0,1,0,1,1,0,1,0,0,0,0,0,0,1,0,1,0,0,1,0,0,1,0,1,0,1,0,1,1,0,1,0,1,0,0,1,1,0,0,0,1,0,1,0,2.6192595002880914,0.027237793063197565
-0.03310498287506721,0.0,-1.0239738054595289,-0.023791351794107286,0.0,0.0,0.10137532978611936,0,0.8935977452610065,1,0,1,0,1,0,1,0,0,0,0,1,0,0,0,1,0,1,0,0,1,0,1,0,0,1,0,1,1,0,1,0,0,1,0,1,0,1,1,0,0,0,1,0,1,0,1.4488078051840574,0.5076231236828167
-0.5609433666333887,0.0,-0.5589385654113279,-0.24535522255213305,0.0,0.0,1.863452179595359,0,1.1288889354924363,1,0,1,0,1,0,1,0,0,0,0,0,1,0,0,1,0,1,0,0,1,0,1,0,1,0,1,0,1,0,0,1,0,1,0,1,0,1,1,0,0,1,0,1,0,0,0.14956594310870713,1.093530482410889
-0.5022946573269086,0.0,0.0779716238876026,0.28848538496648446,0.0,0.0,0.10137532978611936,1,-1.2725884082219436,1,0,1,0,1,0,1,0,0,0,0,0,0,1,1,0,0,1,1,0,0,0,1,0,1,0,0,1,1,0,1,0,1,0,1,0,0,1,1,0,0,0,1,0,0,1,-2.840987358532458,0.21503376423768755
-1.03013304108523,0.0,0.9827473001320102,0.7071612569928716,0.0,0.0,0.9824137546907391,0,1.121352918723458,1,0,1,0,1,0,1,0,0,0,1,0,0,0,0,1,0,1,0,0,1,0,1,0,0,1,0,1,1,0,0,1,1,0,1,0,1,0,0,1,0,0,1,1,0,0,2.413898770544365,0.1896137360763836
-1.0887817503917103,0.0,0.5462497875065722,1.2654537340011538,0.0,0.0,0.10137532978611936,1,1.2578385557616185,0,1,1,0,1,0,1,0,0,0,0,0,0,1,1,0,0,1,0,1,0,0,1,0,1,0,1,0,1,0,1,0,1,0,0,1,0,1,1,0,0,1,0,1,0,0,-2.8803763521229233,0.06150655851999903
-1.675268843456512,0.0,-0.12957548464158045,1.1055362911451465,0.0,0.0,-1.2201823075708103,1,0.011883783290559499,0,1,1,0,0,1,1,0,0,0,0,0,0,1,1,0,0,1,0,0,1,0,1,0,1,0,0,1,1,0,1,0,1,0,1,0,0,1,1,0,0,1,0,1,0,0,-1.780873305324472,0.8991265640000431
-0.15040240148802755,0.0,0.7032072883317669,-0.6980504063213363,0.0,0.0,-0.7796630951185004,1,-0.3004422450237584,1,0,1,0,1,0,1,0,0,0,0,0,0,1,1,0,0,1,0,0,1,0,1,0,1,0,0,1,1,0,0,1,1,0,1,0,0,1,1,0,0,0,1,0,1,0,-2.079904037120705,1.2445415359737406
0.729328238109175,0.0,-1.4591741486566596,0.4772711516590301,0.0,0.0,1.863452179595359,0,-0.013236272606034435,1,0,1,0,1,0,1,0,0,0,0,0,1,0,1,0,0,1,0,1,0,0,1,0,0,1,0,1,1,0,1,0,1,0,1,0,1,0,1,0,0,1,0,0,1,0,-2.088653881039404,-0.7441241421656515
0.6706795288026948,0.0,0.454150758096747,1.2654537340011538,0.0,0.0,0.9824137546907391,0,1.5048524387447924,1,0,1,0,0,1,0,1,0,1,0,0,0,0,1,0,0,1,0,1,0,0,0,1,0,1,0,1,0,1,0,1,1,0,1,0,0,1,0,1,0,0,1,1,0,0,2.39995105746447,-0.6383932462555909
0.025543726431412957,0.0,0.22909186228541417,-1.9375899111105526,0.0,0.0,0.9824137546907391,0,-0.37496507751698704,1,0,1,0,1,0,1,0,1,0,0,0,0,0,1,0,1,0,0,0,0,1,1,0,1,0,1,0,1,0,1,0,1,0,1,0,1,0,0,0,1,1,0,0,1,0,0.18349385484733122,-1.6959553240991754
0.2601385636573336,0.0,-1.2555185484123987,-1.9375899111105526,0.0,0.0,-0.7796630951185004,1,-0.14553523366142915,1,0,1,0,1,0,1,0,1,0,0,0,0,0,1,0,1,0,0,0,0,1,1,0,1,0,1,0,1,0,1,0,1,0,1,0,1,0,1,0,0,1,0,0,0,1,-4.174284351627088,-0.6661750278254767
1.8436537149322982,0.0,1.401084440761145,0.4772711516590301,0.0,0.0,0.9824137546907391,0,-0.5499681335965915,1,0,0,1,0,1,1,0,1,0,0,0,0,0,0,1,0,1,0,0,1,0,1,0,0,1,1,0,1,0,0,1,0,1,1,0,0,1,1,0,0,0,1,1,0,0,1.7376080289712403,0.8078540459532523
0.3187872729638138,0.0,-0.4272758684381274,-1.9375899111105526,0.0,0.0,-0.7796630951185004,1,1.0970701980234174,1,0,1,0,1,0,1,0,1,0,0,0,0,0,1,0,1,0,0,0,0,1,1,0,1,0,1,0,1,0,1,0,1,0,1,0,1,0,1,0,0,1,0,1,0,0,-3.7440920762916186,-0.6298114496289472
0.20148985435085345,0.0,1.6481952168537033,0.5100492557245105,0.0,0.0,-0.7796630951185004,1,-0.5382454408448476,1,0,1,0,0,1,1,0,1,0,0,0,0,0,1,0,0,1,0,0,1,0,0,1,1,0,1,0,1,0,1,0,1,0,1,0,0,1,1,0,0,0,1,1,0,0,-0.30940878886275464,0.6223312768780188
1.4917614590934172,0.0,-0.5368866851301022,-0.6980504063213363,0.0,0.0,0.9824137546907391,0,-1.3948393469187008,1,0,0,1,1,0,1,0,0,0,0,0,0,1,1,0,0,1,0,0,1,0,1,0,0,1,1,0,1,0,0,1,1,0,1,0,0,1,0,1,0,0,1,1,0,0,-0.9739607496415319,1.0230591184925177
1.2571666218674964,0.0,0.004032966474081088,-1.0914725668313427,0.0,0.0,-1.2201823075708103,1,-0.8112167149211684,1,0,0,1,1,0,1,0,1,0,0,0,0,0,0,1,0,1,1,0,0,0,1,0,1,0,1,0,1,0,1,0,1,0,1,0,0,1,1,0,0,1,0,0,1,0,-2.8521559957689346,0.2178058393560399
-0.3849972387139482,0.0,-0.21713442105232966,0.33012629336122234,0.0,0.0,0.10137532978611936,1,-0.19410067506151074,1,0,1,0,0,1,1,0,0,0,0,0,0,1,1,0,0,1,0,0,1,0,1,0,1,0,1,0,1,0,1,0,1,0,1,0,1,0,1,0,0,1,0,1,0,0,-2.464813941743313,0.7752528718401974
-0.8541869131657895,0.0,-0.5167805589913377,0.7071612569928716,0.0,0.0,-1.2201823075708103,1,0.7185946891814021,1,0,1,0,1,0,1,0,1,0,0,0,0,0,0,1,0,1,0,0,1,0,1,0,1,0,1,0,0,1,0,1,0,1,0,1,1,0,1,0,0,0,1,1,0,0,0.09111547124798633,1.2534628189540575
0.025543726431412957,0.0,0.6571577736268543,-1.9375899111105526,0.0,0.0,1.863452179595359,0,0.31751113003245235,1,0,1,0,1,0,1,0,1,0,0,0,0,0,1,0,1,0,0,0,0,1,1,0,1,0,1,0,1,0,1,0,1,0,1,0,1,0,0,1,0,1,0,0,0,1,0.16353556598254096,-1.6654765040015518
-0.9128356224722697,0.0,1.3005538100673217,0.33012629336122234,0.0,0.0,0.10137532978611936,1,0.34765519710836507,1,0,1,0,1,0,1,0,0,0,0,0,1,0,1,0,0,1,0,0,1,0,1,0,1,0,1,0,1,0,1,0,0,1,0,1,0,1,1,0,0,1,0,1,0,0,0.12471740676495821,0.621377925885586
-1.6166201341500317,0.0,-1.1225586820108908,1.0438898632431284,0.0,0.0,-0.7796630951185004,1,0.5276822643672883,0,1,1,0,1,0,1,0,1,0,0,0,0,0,0,1,0,1,0,0,1,0,1,0,0,1,0,1,1,0,0,1,0,1,0,1,0,1,1,0,0,0,1,1,0,0,1.974556610266397,0.6573968992844504
0.14284114504437329,0.0,0.33027107769339087,0.5716956836265287,0.0,0.0,0.10137532978611936,0,0.6733785885675331,1,0,1,0,0,1,1,0,1,0,0,0,0,0,0,1,0,1,0,0,1,0,0,1,0,1,0,1,0,1,0,1,0,1,0,1,0,1,0,0,1,1,0,0,1,0,3.2521293927374413,0.44413353978513703
-1.0887817503917103,0.0,0.20833715143249584,1.0597702031126737,0.0,0.0,0.9824137546907391,0,-0.30881559698928973,0,1,1,0,1,0,1,0,1,0,0,0,0,0,0,1,0,1,0,0,1,0,0,1,1,0,1,0,1,0,1,0,1,0,1,0,0,1,0,1,0,1,0,1,0,0,1.2435137992169372,0.19819669907695878
-0.3849972387139482,0.0,0.09418624174144503,0.7071612569928716,0.0,0.0,-0.7796630951185004,1,-0.8045180333487433,1,0,1,0,0,1,1,0,0,0,1,0,0,0,0,1,0,1,0,0,1,0,1,0,1,0,1,0,1,0,1,0,0,1,0,1,0,1,0,1,0,0,1,0,0,1,1.8760360410317423,-0.06577015110196464
-0.9714843317787499,0.0,0.6208370296342473,0.4772711516590301,0.0,0.0,0.10137532978611936,1,-0.6110936029449701,1,0,1,0,0,1,1,0,1,0,0,0,0,0,0,1,0,1,0,0,1,0,1,0,0,1,0,1,1,0,0,1,0,1,0,1,0,1,1,0,0,0,1,0,1,0,0.2889389740415416,1.3796754901990311
-1.4993227155370714,0.0,0.7155303979006871,1.2157481529951086,0.0,0.0,0.10137532978611936,1,1.2896572932306376,0,1,1,0,1,0,1,0,1,0,0,0,0,0,1,0,0,1,0,1,0,0,1,0,0,1,1,0,0,1,1,0,1,0,1,0,0,1,0,1,0,0,1,0,1,0,0.2966047010904527,-0.2889528227632478
-0.20905111079450772,0.0,1.58268816072418,0.65579761464225,0.0,0.0,1.863452179595359,0,0.666679906995108,1,0,1,0,0,1,0,1,0,1,0,0,0,0,1,0,0,1,1,0,0,0,1,0,0,1,1,0,1,0,1,0,1,0,1,0,0,1,0,1,0,1,0,0,1,0,2.079418029348813,-1.38078675419494
-1.0887817503917103,0.0,-0.8475587632097232,-1.9375899111105526,0.0,0.0,1.863452179595359,0,-1.4450794587118887,0,1,1,0,1,0,1,0,1,0,0,0,0,0,1,0,1,0,0,0,0,1,1,0,1,0,1,0,1,0,1,0,1,0,1,0,1,0,0,0,1,1,0,0,1,0,-2.1334969598847477,-0.9379346792713691
0.3187872729638138,0.0,-1.3722637969600642,-0.1642097988027183,0.0,0.0,0.10137532978611936,1,-1.4635008330360575,1,0,1,0,1,0,1,0,0,0,0,0,0,1,1,0,0,1,0,0,1,0,1,0,1,0,1,0,1,0,0,1,0,1,0,1,0,1,1,0,0,0,1,1,0,0,-0.6737737029082277,1.0164577115031137
1.081220493948056,0.0,-0.8151295275020384,0.6287713610382961,0.0,0.0,-0.7796630951185004,1,1.2084357791649838,1,0,0,1,0,1,1,0,0,0,0,0,1,0,0,1,0,1,0,0,1,0,1,0,1,0,1,0,1,0,1,0,0,1,1,0,0,1,1,0,0,0,1,0,1,0,0.21342661645388014,0.7200102431496819
-1.675268843456512,0.0,-0.730164929947904,1.2157481529951086,0.0,0.0,-0.7796630951185004,1,1.0719501421268234,0,1,1,0,0,1,1,0,1,0,0,0,0,0,0,1,0,1,0,0,1,0,1,0,1,0,1,0,1,0,0,1,0,1,0,1,0,1,1,0,0,0,1,1,0,0,1.8107821600216722,0.4198525932860208
1.9023024242387783,0.0,0.6234313684908619,0.037855076107910814,0.0,0.0,1.863452179595359,0,-0.0015135798542905987,1,0,0,1,0,1,0,1,0,1,0,0,0,0,0,1,0,1,0,0,1,0,1,0,1,0,0,1,0,1,0,1,0,1,1,0,1,0,0,1,0,0,1,0,1,0,3.0369595780129552,0.2685340578183031
-1.03013304108523,0.0,-0.7969691555057348,1.120206624171783,0.0,0.0,-1.2201823075708103,1,0.42887671117401877,1,0,1,0,1,0,1,0,0,1,0,0,0,0,0,1,0,1,0,0,1,0,0,1,0,1,0,1,0,1,0,1,0,1,0,1,0,1,0,1,0,1,0,0,1,0,2.9747111575154856,0.4601051910385674
0.6120308194962146,0.0,0.4496106650976711,0.14806693795787343,0.0,0.0,-0.7796630951185004,1,-0.043380339681947155,1,0,1,0,0,1,1,0,0,0,1,0,0,0,0,1,0,1,0,0,1,0,0,1,0,1,1,0,0,1,0,1,0,1,0,1,0,1,0,1,0,1,0,1,0,0,2.4545811925386225,0.6777496817881429
-0.7955382038593094,0.0,1.0677118976861446,-1.9375899111105526,0.0,0.0,0.9824137546907391,0,0.5611756722294134,1,0,1,0,1,0,1,0,0,0,0,0,1,0,1,0,1,0,0,0,0,1,1,0,1,0,1,0,1,0,1,0,1,0,1,0,1,0,1,0,0,1,0,0,1,0,-1.1579558352312052,-1.0633155553747045
1.1985179125610164,0.0,0.08575464045744703,0.7071612569928716,0.0,0.0,-1.2201823075708103,1,-0.6470990163967547,1,0,0,1,1,0,1,0,1,0,0,0,0,0,0,1,0,1,0,0,1,0,1,0,1,0,1,0,1,0,1,0,1,0,1,0,0,1,1,0,0,0,1,0,1,0,-1.3369363144400492,0.7986179048956075
1.4917614590934172,0.0,0.9600468351366306,-0.24535522255213305,0.0,0.0,-1.2201823075708103,1,0.2027962081046734,1,0,0,1,0,1,1,0,1,0,0,0,0,0,1,0,0,1,0,0,1,0,1,0,1,0,1,0,1,0,1,0,1,0,1,0,0,1,1,0,0,0,1,1,0,0,-2.340923688724901,0.7644102226036384
-0.32634852940746806,0.0,-0.7133017273799079,0.6287713610382961,0.0,0.0,-1.2201823075708103,1,0.6641679014054486,1,0,1,0,0,1,1,0,0,0,0,0,1,0,0,1,0,1,0,0,1,0,1,0,0,1,1,0,1,0,1,0,1,0,1,0,0,1,1,0,0,0,1,1,0,0,-0.24551503623257226,0.7048140276357271
-1.2060791690046706,0.0,-1.1964973394244123,1.2157481529951086,0.0,0.0,0.10137532978611936,0,-0.06096437880956291,0,1,1,0,0,1,1,0,1,0,0,0,0,0,1,0,0,1,0,1,0,0,1,0,1,0,0,1,1,0,1,0,1,0,1,0,0,1,1,0,0,1,0,0,1,0,-0.8641442654082884,-0.2641023590495018
-0.9128356224722697,0.0,-0.29431600203661945,0.7071612569928716,0.0,0.0,-1.2201823075708103,1,-0.9209076256696286,1,0,1,0,0,1,1,0,1,0,0,0,0,0,0,1,0,1,0,0,1,0,1,0,1,0,1,0,1,0,1,0,1,0,1,0,0,1,1,0,0,0,1,1,0,0,0.17752389560345846,0.3850398146887701
-0.03310498287506721,0.0,0.34389135669061854,0.28848538496648446,0.0,0.0,0.10137532978611936,0,-0.02495896535777827,1,0,1,0,1,0,1,0,0,0,0,0,1,0,1,0,0,1,0,0,1,0,1,0,1,0,1,0,1,0,0,1,0,1,0,1,0,1,1,0,0,0,1,1,0,0,0.4431051571111764,1.0044937596505166
0.025543726431412957,0.0,-1.3703180428176032,0.44303577337051536,0.0,0.0,-1.2201823075708103,1,0.7110586724124239,1,0,1,0,1,0,1,0,1,0,0,0,0,0,1,0,0,1,0,1,0,0,0,1,0,1,0,1,0,1,0,1,1,0,1,0,0,1,0,1,0,1,0,0,1,0,0.1697755137276862,0.1450686223781552
-1.675268843456512,0.0,0.7466624641800643,1.2654537340011538,0.0,0.0,0.9824137546907391,0,1.165731684140774,0,1,1,0,1,0,1,0,0,0,0,0,1,0,1,0,0,1,1,0,0,0,1,0,1,0,1,0,0,1,1,0,0,1,0,1,0,1,0,1,0,1,0,0,1,0,-0.17264153669503202,0.018911929019913464
-0.03310498287506721,0.0,1.0112850275547731,0.7071612569928716,0.0,0.0,-1.2201823075708103,1,-1.9357578838920235,1,0,1,0,0,1,1,0,1,0,0,0,0,0,0,1,0,1,0,0,1,0,1,0,1,0,1,0,1,0,1,0,0,1,0,1,0,1,1,0,0,0,1,1,0,0,-1.092105176230088,1.0950956472242979
-0.9128356224722697,0.0,-1.3670751192468347,-1.9375899111105526,0.0,0.0,0.10137532978611936,0,0.30913777806692105,1,0,1,0,1,0,1,0,0,0,0,0,1,0,1,0,1,0,0,0,0,1,1,0,1,0,1,0,1,0,1,0,1,0,1,0,1,0,0,1,0,1,0,0,1,0,-1.5803905437449817,-1.2416710551596197
-1.2060791690046706,0.0,-0.863124796349412,-1.9375899111105526,0.0,0.0,1.863452179595359,0,1.1741050361063055,0,1,1,0,1,0,1,0,1,0,0,0,0,0,1,0,1,0,0,0,0,1,1,0,1,0,1,0,1,0,1,0,1,0,1,0,1,0,1,0,0,0,1,1,0,0,-1.4849001011062646,-1.099663349599746
-0.32634852940746806,0.0,0.368537575828459,-1.9375899111105526,0.0,0.0,0.9824137546907391,0,1.279609270872,1,0,1,0,1,0,1,0,0,0,0,0,0,1,1,0,1,0,0,0,0,1,1,0,1,0,1,0,1,0,1,0,1,0,1,0,1,0,1,0,0,0,1,0,1,0,-3.564186453619553,-0.6445898853464762
-0.8541869131657895,0.0,1.0826293461116794,0.40720749028027037,0.0,0.0,1.863452179595359,0,-0.2635994963754206,1,0,1,0,1,0,1,0,0,0,0,0,0,1,1,0,0,1,1,0,0,0,1,0,1,0,1,0,0,1,0,1,1,0,1,0,0,1,1,0,0,0,1,1,0,0,-0.5518637582909836,0.15617625636705232
-1.5579714248435517,0.0,-0.5044574494224173,1.2654537340011538,0.0,0.0,0.10137532978611936,0,-1.0063158157180478,0,1,1,0,1,0,0,1,0,0,0,1,0,0,0,1,0,1,0,0,1,0,1,0,1,0,1,0,0,1,0,1,0,1,0,1,0,1,0,0,1,1,0,0,1,0,1.7261818845795527,0.665258003413544
-1.4993227155370714,0.0,-0.13411557764065635,-1.9375899111105526,0.0,0.0,0.9824137546907391,0,0.9404885162679819,0,1,1,0,1,0,1,0,0,0,1,0,0,0,0,1,1,0,0,0,0,1,1,0,1,0,1,0,1,0,1,0,1,0,1,0,1,0,0,0,1,0,1,1,0,0,1.1540060996720893,-2.062001193803997
-1.03013304108523,0.0,-1.0382426691709103,1.2654537340011538,0.0,0.0,0.10137532978611936,0,1.3867881760308007,1,0,1,0,1,0,1,0,0,0,0,0,1,0,1,0,0,1,0,0,1,0,1,0,0,1,0,1,1,0,1,0,0,1,0,1,1,0,1,0,0,0,1,1,0,0,0.5232883891755026,0.7335154847376328
0.2601385636573336,0.0,-0.8553417797795676,0.36963080871589915,0.0,0.0,0.10137532978611936,0,-1.5840771013397084,1,0,1,0,0,1,0,1,1,0,0,0,0,0,0,1,0,1,0,1,0,0,1,0,0,1,1,0,1,0,1,0,0,1,0,1,0,1,1,0,0,1,0,1,0,0,0.48427029551420336,-0.16677555215306303
-1.2060791690046706,0.0,-0.043313717659138835,1.2157481529951086,0.0,0.0,-1.2201823075708103,1,-0.6211416253036076,0,1,1,0,0,1,1,0,0,0,0,0,1,0,0,1,0,1,0,0,1,0,1,0,1,0,0,1,0,1,0,1,0,1,0,1,0,1,1,0,0,0,1,1,0,0,1.0641969799169717,1.2281559627315815
0.08419243573789313,0.0,-0.269669782898779,-0.43890985399893934,0.0,0.0,0.10137532978611936,1,1.2042491031822182,1,0,1,0,1,0,1,0,1,0,0,0,0,0,1,0,0,1,0,0,1,0,1,0,1,0,0,1,1,0,0,1,0,1,0,1,0,1,1,0,0,1,0,1,0,0,-2.070150835680624,1.500326771359269
-1.1474304596981904,0.0,0.1797994240097331,1.2654537340011538,0.0,0.0,-1.2201823075708103,1,1.3164520195203377,0,1,1,0,0,1,0,1,1,0,0,0,0,0,0,1,0,1,0,1,0,0,0,1,1,0,0,1,0,1,0,1,1,0,1,0,0,1,1,0,0,1,0,1,0,0,1.1992041171124777,-0.07827371415200307
-1.1474304596981904,0.0,-0.7969691555057348,-1.9375899111105526,0.0,0.0,1.863452179595359,0,-0.35570636799626504,0,1,1,0,1,0,1,0,1,0,0,0,0,0,1,0,1,0,0,0,0,1,1,0,1,0,1,0,1,0,1,0,1,0,1,0,1,0,1,0,0,1,0,0,0,1,-3.8581491471795033,-0.6191077454461418
0.43608469157677415,0.0,1.039174170263382,0.6287713610382961,0.0,0.0,0.10137532978611936,0,-0.09194578108202876,1,0,1,0,0,1,1,0,0,1,0,0,0,0,0,1,0,1,0,0,1,0,0,1,0,1,0,1,0,1,0,1,0,1,0,1,0,1,0,0,1,0,1,1,0,0,3.2591667729936504,0.5125294333584551
0.8466256567221353,0.0,1.180565637948888,0.6819075454764912,0.0,0.0,-0.7796630951185004,1,-1.901427140833345,1,0,1,0,0,1,1,0,1,0,0,0,0,0,0,1,0,1,0,0,1,0,1,0,1,0,0,1,1,0,0,1,0,1,0,1,0,1,1,0,0,0,1,1,0,0,0.7343114576494884,1.2288423359955432
-0.7368894945528293,0.0,-1.1076412335853558,-1.9375899111105526,0.0,0.0,0.9824137546907391,0,1.2017370975925588,1,0,1,0,0,1,1,0,0,0,0,0,0,1,1,0,1,0,0,0,0,1,1,0,1,0,1,0,1,0,1,0,1,0,1,0,1,0,1,0,0,1,0,0,1,0,-3.4470990891418753,-0.7116063273464879
1.0225717846415758,0.0,-0.010884481951453974,-0.43890985399893934,0.0,0.0,-1.2201823075708103,1,-0.9602623799076258,1,0,0,1,0,1,1,0,1,0,0,0,0,0,0,1,0,1,0,0,1,0,1,0,1,0,0,1,1,0,0,1,0,1,0,1,0,1,1,0,0,0,1,1,0,0,1.3811780626241406,0.8392276139423241
0.7879769474156552,0.0,1.4166504739008339,0.6819075454764912,0.0,0.0,-0.7796630951185004,1,-0.22089540135121094,1,0,1,0,0,1,1,0,0,0,0,0,0,1,0,1,0,1,0,0,1,0,1,0,1,0,1,0,1,0,1,0,1,0,1,0,0,1,1,0,0,0,1,1,0,0,-1.1632213197997496,0.8265045048684566
1.6677075870128577,0.0,1.3628179426260767,0.4772711516590301,0.0,0.0,-1.2201823075708103,1,-0.30127958022031154,1,0,0,1,0,1,1,0,0,0,0,1,0,0,0,1,0,1,0,0,1,0,1,0,1,0,0,1,0,1,0,1,0,1,1,0,0,1,1,0,0,0,1,1,0,0,1.764464607027857,0.9566057467240834
-0.3849972387139482,0.0,-0.02515334566283524,0.33012629336122234,0.0,0.0,-1.2201823075708103,1,1.3792521592618225,1,0,1,0,1,0,1,0,0,0,0,0,0,1,1,0,0,1,0,1,0,0,1,0,1,0,1,0,1,0,1,0,1,0,1,0,1,0,1,0,0,1,0,1,0,0,-2.917018554860773,0.07063661338746338
-1.4993227155370714,0.0,-1.0434313468841399,1.2157481529951086,0.0,0.0,0.9824137546907391,0,1.8113171206832381,0,1,1,0,0,1,1,0,0,0,1,0,0,0,1,0,0,1,1,0,0,0,0,1,0,1,0,1,1,0,0,1,1,0,1,0,0,1,0,0,1,0,1,0,1,0,1.8321242914621445,-0.6640459306392161
-0.678240785246349,0.0,-1.3683722886751422,-1.9375899111105526,0.0,0.0,1.863452179595359,0,-1.6091971572363024,1,0,1,0,1,0,1,0,1,0,0,0,0,0,1,0,1,0,0,0,0,1,1,0,1,0,1,0,1,0,1,0,1,0,1,0,1,0,0,0,1,1,0,0,1,0,-0.41471492928834247,-1.7782673596515652
-1.2647278783111506,0.0,-0.3721461677350631,1.2654537340011538,0.0,0.0,0.9824137546907391,0,0.11236400687693524,0,1,1,0,1,0,1,0,1,0,0,0,0,0,0,1,0,1,0,0,1,0,0,1,1,0,1,0,1,0,1,0,0,1,0,1,0,1,1,0,0,0,1,1,0,0,1.3367270153379431,0.502699861894506
-0.678240785246349,0.0,-1.1614737648601126,-0.1642097988027183,0.0,0.0,0.9824137546907391,0,0.02025713525609081,1,0,1,0,0,1,1,0,1,0,0,0,0,0,0,1,0,1,0,0,1,0,0,1,1,0,0,1,0,1,0,1,0,1,0,1,0,1,1,0,0,0,1,1,0,0,2.4014957272905586,0.4663897666160267
0.025543726431412957,0.0,0.30757061269801134,0.44303577337051536,0.0,0.0,-0.7796630951185004,1,0.6499332030640453,1,0,1,0,0,1,1,0,0,0,0,0,1,0,1,0,0,1,0,1,0,0,0,1,1,0,1,0,0,1,1,0,1,0,1,0,0,1,1,0,0,0,1,1,0,0,0.2066836309545802,-0.31522803417348527
-1.4406740062305912,0.0,-1.4591741486566596,1.2157481529951086,0.0,0.0,-1.2201823075708103,1,0.49502619170171613,0,1,1,0,1,0,1,0,0,0,1,0,0,0,1,0,0,1,0,1,0,0,1,0,0,1,1,0,1,0,0,1,1,0,0,1,1,0,1,0,0,0,1,1,0,0,-0.13771126260936103,-1.6466757701049988
-0.9128356224722697,0.0,0.6370516474880896,0.5716956836265287,0.0,0.0,-1.2201823075708103,1,-1.211462938873565,1,0,1,0,0,1,1,0,1,0,0,0,0,0,1,0,0,1,1,0,0,0,1,0,0,1,1,0,1,0,0,1,1,0,1,0,0,1,1,0,0,0,1,1,0,0,-0.2635409532408609,0.8889663654552054
1.9023024242387783,0.0,0.9678298517064753,0.28848538496648446,0.0,0.0,0.9824137546907391,0,-1.5790530901603896,1,0,0,1,1,0,0,1,1,0,0,0,0,0,0,1,0,1,0,0,1,0,1,0,1,0,1,0,0,1,0,1,0,1,0,1,0,1,0,0,1,0,1,1,0,0,1.5653894262287722,0.8934075149438836
-1.5579714248435517,0.0,0.44312481795613406,-1.9375899111105526,0.0,0.0,0.10137532978611936,1,0.4397620687292095,0,1,1,0,1,0,1,0,1,0,0,0,0,0,1,0,1,0,0,0,0,1,1,0,1,0,1,0,1,0,1,0,1,0,1,0,1,0,1,0,0,1,0,0,1,0,-3.566181173347612,-0.6590764657149256
0.6706795288026948,0.0,-1.4591741486566596,0.24446373527230422,0.0,0.0,0.9824137546907391,0,1.2553265501719593,1,0,1,0,0,1,0,1,1,0,0,0,0,0,1,0,0,1,1,0,0,0,0,1,1,0,1,0,1,0,1,0,1,0,1,0,0,1,1,0,0,0,1,1,0,0,-2.0252334666362763,-0.9581338170805442
-0.32634852940746806,0.0,0.6052709964945583,-1.9375899111105526,0.0,0.0,0.9824137546907391,0,0.8651283485782001,1,0,1,0,0,1,0,1,1,0,0,0,0,0,0,1,1,0,0,0,0,1,1,0,1,0,1,0,1,0,1,0,1,0,1,0,1,0,1,0,0,1,0,0,1,0,0.28902604565664797,-1.4384606576503662
1.7263562963193377,0.0,-1.2107662031357935,0.40720749028027037,0.0,0.0,0.10137532978611936,0,-0.5332214296655289,1,0,0,1,0,1,1,0,1,0,0,0,0,0,0,1,0,1,0,0,1,0,1,0,1,0,1,0,1,0,0,1,0,1,1,0,0,1,1,0,0,0,1,1,0,0,0.23887499019358618,0.8855907159940146
0.08419243573789313,0.0,-0.7120045579516006,-1.9375899111105526,0.0,0.0,0.9824137546907391,0,-0.757627262341768,1,0,1,0,0,1,1,0,0,0,0,1,0,0,0,1,1,0,0,0,0,1,1,0,1,0,1,0,1,0,1,0,1,0,1,0,1,0,1,0,0,1,0,1,0,0,-0.22094865417431314,-1.4159199047960924
-0.26769982010098786,0.0,-0.664009289104227,-1.9375899111105526,0.0,0.0,1.863452179595359,0,-0.07603641234751926,1,0,1,0,0,1,0,1,1,0,0,0,0,0,1,0,1,0,0,0,0,1,1,0,1,0,1,0,1,0,1,0,1,0,1,0,1,0,0,0,1,1,0,1,0,0,0.5896732639101319,-2.0469331407442355
-0.4436459480204284,0.0,-1.1562850871468833,0.65579761464225,0.0,0.0,-1.2201823075708103,1,1.126376929902777,1,0,1,0,1,0,1,0,0,0,0,0,1,0,1,0,0,1,0,0,1,0,1,0,1,0,1,0,1,0,1,0,1,0,1,0,0,1,1,0,0,1,0,1,0,0,-0.3496040521533078,0.25558479671696216
-0.3849972387139482,0.0,0.33286541655000557,0.6819075454764912,0.0,0.0,1.863452179595359,0,1.0937208572372048,1,0,1,0,0,1,1,0,1,0,0,0,0,0,0,1,0,1,0,0,1,0,1,0,1,0,0,1,0,1,0,1,0,1,0,1,0,1,1,0,0,0,1,1,0,0,2.779378827974,0.3842149628730045
1.0225717846415758,0.0,0.6973700259043835,0.6007621217270765,0.0,0.0,0.10137532978611936,1,0.30243909649449596,1,0,0,1,0,1,1,0,1,0,0,0,0,0,0,1,0,1,0,0,1,0,1,0,0,1,0,1,1,0,0,1,0,1,0,1,0,1,1,0,0,0,1,1,0,0,2.02785258520184,0.8231234833904748
1.0225717846415758,0.0,-0.2320518694778645,-0.023791351794107286,0.0,0.0,0.10137532978611936,1,-0.03249498212675645,1,0,0,1,1,0,1,0,1,0,0,0,0,0,0,1,0,1,0,0,1,0,1,0,1,0,1,0,1,0,0,1,0,1,0,1,0,1,1,0,0,0,1,1,0,0,2.120669391736239,0.2938351944847464
0.8466256567221353,0.0,-1.0200822971746066,0.28848538496648446,0.0,0.0,0.9824137546907391,0,1.2703985837099154,1,0,1,0,1,0,1,0,1,0,0,0,0,0,1,0,0,1,0,1,0,0,1,0,1,0,1,0,0,1,1,0,0,1,0,1,0,1,0,1,0,1,0,1,0,0,0.764444960273055,-0.5530477497464127
-0.5022946573269086,0.0,-0.5401296087008708,-1.9375899111105526,0.0,0.0,1.863452179595359,0,0.22791626400126733,1,0,1,0,0,1,0,1,1,0,0,0,0,0,1,0,1,0,0,0,0,1,1,0,1,0,1,0,1,0,1,0,1,0,1,0,1,0,0,0,1,1,0,1,0,0,1.0626992347461113,-2.335887196216565
-0.32634852940746806,0.0,-1.2639501496963967,-1.9375899111105526,0.0,0.0,1.863452179595359,0,-0.6445870108070952,1,0,1,0,0,1,0,1,1,0,0,0,0,0,1,0,1,0,0,0,0,1,1,0,1,0,1,0,1,0,1,0,1,0,1,0,1,0,0,0,1,1,0,1,0,0,-0.4516586282462905,-1.6814105024501451
-0.9714843317787499,0.0,-0.7963205707915811,-1.9375899111105526,0.0,0.0,1.863452179595359,0,0.09645463814242573,1,0,1,0,1,0,1,0,0,0,0,0,0,1,1,0,1,0,0,0,0,1,1,0,1,0,1,0,1,0,1,0,1,0,1,0,1,0,1,0,0,0,1,0,1,0,-3.899939333093311,-0.6498916847126117
-1.675268843456512,0.0,1.207806195943343,0.9591705620964788,0.0,0.0,-1.2201823075708103,1,0.1408334035597417,0,1,1,0,1,0,1,0,1,0,0,0,0,0,1,0,0,1,0,0,1,0,1,0,1,0,1,0,1,0,1,0,1,0,0,1,1,0,1,0,0,1,0,1,0,0,-1.0439716103778065,0.6232741867378937
0.9052743660286154,0.0,-0.5375352698442559,-0.5576319593127251,0.0,0.0,0.10137532978611936,1,-1.5748664141776239,1,0,1,0,0,1,1,0,0,0,0,0,0,1,0,1,0,1,0,0,1,0,1,0,1,0,1,0,1,0,0,1,1,0,1,0,1,0,1,0,0,0,1,1,0,0,-0.315506924552043,0.9035152540440624
-1.6166201341500317,0.0,-0.7723229363678944,1.0597702031126737,0.0,0.0,-0.7796630951185004,1,0.4297140463705719,0,1,1,0,0,1,1,0,1,0,0,0,0,0,0,1,0,1,0,0,1,0,1,0,0,1,0,1,1,0,0,1,0,1,0,1,0,1,1,0,0,0,1,1,0,0,2.2372273898255877,0.5169156034509463
0.7879769474156552,0.0,-1.4591741486566596,0.0949307535196783,0.0,0.0,-0.7796630951185004,1,-1.1210307376458268,1,0,1,0,0,1,1,0,0,0,0,0,0,1,1,0,0,1,1,0,0,0,1,0,1,0,1,0,1,0,1,0,0,1,0,1,0,1,1,0,0,0,1,1,0,0,-3.2108465503653965,-0.4166255429878371
0.729328238109175,0.0,0.5248464919395,-0.023791351794107286,0.0,0.0,1.863452179595359,0,-1.9424565654644486,1,0,1,0,1,0,1,0,0,0,0,0,1,0,1,0,0,1,0,0,1,0,1,0,1,0,1,0,1,0,1,0,1,0,1,0,0,1,1,0,0,0,1,1,0,0,0.5059263282197257,0.12434406436668016
-0.5609433666333887,0.0,1.7714263125429062,-0.6980504063213363,0.0,0.0,0.10137532978611936,0,1.184990393661496,1,0,1,0,1,0,1,0,0,0,0,0,1,0,1,0,0,1,0,1,0,0,1,0,1,0,1,0,0,1,1,0,1,0,1,0,0,1,1,0,0,1,0,0,1,0,0.21076790040535331,-0.39696462660782095
-0.03310498287506721,0.0,-0.07768870750928462,-0.33606808855469933,0.0,0.0,1.863452179595359,0,-0.6688697315071361,1,0,1,0,1,0,1,0,0,0,0,0,0,1,0,1,0,1,0,1,0,0,1,0,0,1,1,0,1,0,1,0,1,0,1,0,1,0,1,0,0,1,0,0,1,0,-2.217620823512859,0.24957245455550975
0.08419243573789313,0.0,0.8938911942929537,-1.9375899111105526,0.0,0.0,0.10137532978611936,0,-1.2851484361702405,1,0,1,0,1,0,1,0,1,0,0,0,0,0,1,0,1,0,0,0,0,1,1,0,1,0,1,0,1,0,1,0,1,0,1,0,1,0,1,0,0,1,0,0,1,0,-3.4549824143987093,-0.6353932353892715
1.0225717846415758,0.0,1.7513201864041414,0.40720749028027037,0.0,0.0,-1.2201823075708103,1,1.1305636058855426,1,0,0,1,0,1,1,0,1,0,0,0,0,0,0,1,0,1,0,0,1,0,1,0,1,0,1,0,1,0,0,1,0,1,0,1,0,1,1,0,0,0,1,0,1,0,1.94984230183932,0.4807944504216484
1.6677075870128577,0.0,-0.651037594821153,0.4772711516590301,0.0,0.0,-0.7796630951185004,1,1.3583187793479943,1,0,0,1,0,1,1,0,1,0,0,0,0,0,1,0,0,1,0,0,1,0,1,0,1,0,1,0,1,0,1,0,1,0,1,0,0,1,1,0,0,0,1,1,0,0,-2.6047062009030473,0.7649027814963626
-0.5609433666333887,0.0,1.6825702067038493,-1.9375899111105526,0.0,0.0,0.9824137546907391,0,0.7060346612331052,1,0,1,0,0,1,0,1,0,1,0,0,0,0,1,0,1,0,0,0,0,1,1,0,1,0,1,0,1,0,1,0,1,0,1,0,1,0,0,0,1,1,0,1,0,0,1.4018073350433022,-2.32573380909655
-1.03013304108523,0.0,-1.0842921838758226,1.120206624171783,0.0,0.0,-0.7796630951185004,1,1.1632196785511149,1,0,1,0,1,0,1,0,0,0,0,0,0,1,1,0,0,1,0,0,1,0,1,0,1,0,1,0,1,0,0,1,1,0,1,0,1,0,1,0,0,0,1,1,0,0,-1.1331275091528195,0.8686782585665326
0.6120308194962146,0.0,-1.272381750980395,0.28848538496648446,0.0,0.0,-1.2201823075708103,1,-0.8296380892453372,1,0,1,0,1,0,1,0,0,0,0,0,0,1,1,0,0,1,0,1,0,0,1,0,1,0,1,0,1,0,0,1,1,0,1,0,0,1,1,0,0,0,1,0,1,0,-2.2435700414577684,0.1815667820060404
0.4947334008832543,0.0,1.606037210433713,-1.9375899111105526,0.0,0.0,-1.2201823075708103,1,-0.5926722286208012,1,0,1,0,1,0,1,0,0,0,0,0,0,1,1,0,1,0,0,0,0,1,1,0,1,0,1,0,1,0,1,0,1,0,1,0,1,0,1,0,0,1,0,0,1,0,-3.356661614061593,-0.6455697809290118
0.3187872729638138,0.0,-0.8028064179331181,0.19777251896391848,0.0,0.0,0.10137532978611936,0,-0.1413485576786635,1,0,1,0,1,0,1,0,0,0,0,0,1,0,0,1,0,1,0,0,1,0,0,1,1,0,1,0,1,0,0,1,0,1,0,1,0,1,1,0,0,0,1,1,0,0,0.42203945295379625,1.1635475865654754
1.0225717846415758,0.0,-1.4591741486566596,-0.6980504063213363,0.0,0.0,-1.2201823075708103,1,1.3775774888687162,1,0,0,1,1,0,1,0,0,0,0,0,0,1,1,0,0,1,0,1,0,0,1,0,1,0,0,1,1,0,1,0,1,0,1,0,0,1,1,0,0,0,1,1,0,0,-2.656902059087018,-0.7704704780796526
-0.678240785246349,0.0,0.27060128399125083,0.28848538496648446,0.0,0.0,0.9824137546907391,0,0.9111817843886223,1,0,1,0,1,0,0,1,0,1,0,0,0,0,0,1,0,1,0,0,1,0,0,1,0,1,0,1,0,1,0,1,0,1,0,1,0,1,0,0,1,0,1,1,0,0,3.153887601198126,0.45019487259910357
-1.3233765876176309,0.0,-0.5388324392725634,1.2157481529951086,0.0,0.0,-1.2201823075708103,1,-1.6024984756638772,0,1,1,0,1,0,1,0,1,0,0,0,0,0,1,0,0,1,0,0,1,0,1,0,1,0,1,0,1,0,1,0,1,0,0,1,0,1,1,0,0,0,1,1,0,0,-2.5758280819401915,0.7680381233570859
-1.03013304108523,0.0,-1.4591741486566596,1.2654537340011538,0.0,0.0,-1.2201823075708103,1,1.0091500023853386,1,0,1,0,0,1,1,0,1,0,0,0,0,0,1,0,0,1,1,0,0,0,0,1,1,0,0,1,1,0,0,1,0,1,0,1,1,0,0,1,0,0,1,1,0,0,-1.0390358149668664,-0.381921431528721
0.6120308194962146,0.0,-1.4591741486566596,0.5100492557245105,0.0,0.0,1.863452179595359,0,-0.25522614440988933,1,0,1,0,1,0,1,0,1,0,0,0,0,0,1,0,0,1,0,1,0,0,1,0,1,0,1,0,1,0,0,1,0,1,0,1,0,1,1,0,0,0,1,0,1,0,0.018949052854627908,-1.4755355998653135
-0.6195920759398689,0.0,-0.2988560950356954,-1.9375899111105526,0.0,0.0,0.10137532978611936,0,-0.789445999810787,1,0,1,0,1,0,0,1,1,0,0,0,0,0,1,0,1,0,0,0,0,1,1,0,1,0,1,0,1,0,1,0,1,0,1,0,1,0,1,0,0,0,1,0,1,0,-3.754734854509452,-0.6673720781893768
0.2601385636573336,0.0,1.542475908446651,0.24446373527230422,0.0,0.0,-0.7796630951185004,1,-0.553317474382804,1,0,1,0,1,0,1,0,1,0,0,0,0,0,0,1,0,1,0,0,1,0,1,0,1,0,1,0,1,0,0,1,0,1,0,1,1,0,1,0,0,0,1,0,1,0,1.1279428550546386,0.8712395363125083
-0.678240785246349,0.0,0.048136727036532476,0.5716956836265287,0.0,0.0,-1.2201823075708103,1,0.3911966273291279,1,0,1,0,0,1,1,0,1,0,0,0,0,0,0,1,0,1,0,0,1,0,1,0,1,0,0,1,1,0,1,0,0,1,0,1,0,1,1,0,0,0,1,1,0,0,1.0416750110487696,0.6310508817131443
1.3158153311739766,0.0,-0.36630890530767984,0.7071612569928716,0.0,0.0,0.10137532978611936,1,-0.8421981171936342,1,0,0,1,1,0,1,0,1,0,0,0,0,0,1,0,0,1,0,0,1,0,1,0,1,0,0,1,1,0,1,0,0,1,0,1,0,1,1,0,0,0,1,0,1,0,-0.17851004760325836,0.8569471695793092
-0.8541869131657895,0.0,-0.08222880050836053,0.0949307535196783,0.0,0.0,-1.2201823075708103,1,1.2662119077271499,1,0,1,0,0,1,1,0,1,0,0,0,0,0,0,1,0,1,0,0,1,0,1,0,1,0,1,0,1,0,1,0,1,0,1,0,0,1,1,0,0,0,1,1,0,0,-0.8216887505579051,0.7136890579480428
1.8436537149322982,0.0,-1.1705539508582645,0.5716956836265287,0.0,0.0,-0.7796630951185004,1,-0.8061927037418496,1,0,0,1,1,0,1,0,1,0,0,0,0,0,0,1,0,1,0,0,1,0,1,0,1,0,1,0,1,0,1,0,0,1,1,0,0,1,1,0,0,0,1,1,0,0,-0.2032468842957216,0.6740453691496303
0.6706795288026948,0.0,0.09029473345652293,0.14806693795787343,0.0,0.0,-1.2201823075708103,1,-1.4182847324221883,1,0,1,0,1,0,1,0,1,0,0,0,0,0,0,1,0,1,0,0,1,0,1,0,0,1,0,1,1,0,0,1,1,0,1,0,0,1,1,0,0,0,1,1,0,0,-0.152044843819406,1.1939371789212359
-0.9714843317787499,0.0,-0.033584946946833234,-1.9375899111105526,0.0,0.0,0.9824137546907391,0,0.6959866388744677,1,0,1,0,1,0,1,0,1,0,0,0,0,0,1,0,1,0,0,0,0,1,1,0,1,0,1,0,1,0,1,0,1,0,1,0,1,0,0,0,1,1,0,0,1,0,0.5423497642002946,-1.9414293426629132
0.8466256567221353,0.0,-1.4591741486566596,0.33012629336122234,0.0,0.0,0.10137532978611936,0,0.8894110692782409,1,0,1,0,1,0,1,0,1,0,0,0,0,0,1,0,0,1,1,0,0,0,0,1,0,1,1,0,0,1,0,1,0,1,0,1,0,1,0,0,1,0,1,1,0,0,0.7448507422339697,-1.3116587283243224
-0.678240785246349,0.0,0.17266499215404243,0.6007621217270765,0.0,0.0,0.9824137546907391,0,0.3401191803393869,1,0,1,0,0,1,0,1,1,0,0,0,0,0,0,1,0,1,1,0,0,0,1,0,0,1,0,1,0,1,0,1,0,1,0,1,0,1,0,0,1,1,0,1,0,0,2.5734434875691217,-0.37542621792042324
-0.7368894945528293,0.0,-1.2827591064068542,0.4772711516590301,0.0,0.0,1.863452179595359,0,-0.26946084275129256,1,0,1,0,0,1,1,0,1,0,0,0,0,0,0,1,0,1,0,0,1,0,1,0,1,0,0,1,1,0,0,1,0,1,0,1,0,1,0,0,1,1,0,1,0,0,2.2688025349322136,0.1927238538302755
-0.7368894945528293,0.0,-0.43246454615135704,-1.9375899111105526,0.0,0.0,0.9824137546907391,0,1.1808037176787305,1,0,1,0,1,0,1,0,1,0,0,0,0,0,1,0,1,0,0,0,0,1,1,0,1,0,1,0,1,0,1,0,1,0,1,0,1,0,1,0,0,1,0,0,1,0,-3.22610164747298,-0.7031047814329304
-0.7368894945528293,0.0,-0.2852358160384677,0.19777251896391848,0.0,0.0,-1.2201823075708103,1,-1.217324285249437,1,0,1,0,1,0,1,0,1,0,0,0,0,0,0,1,0,1,0,0,1,0,1,0,1,0,1,0,1,0,1,0,1,0,1,0,0,1,1,0,0,1,0,0,1,0,-0.7503831791760036,0.6847328549797523
0.6120308194962146,0.0,-1.0414855927416786,-0.6980504063213363,0.0,0.0,-1.2201823075708103,1,-1.7967602412642036,1,0,1,0,1,0,1,0,1,0,0,0,0,0,1,0,0,1,0,1,0,0,1,0,1,0,1,0,0,1,1,0,1,0,1,0,0,1,1,0,0,1,0,0,0,1,-3.118594296868991,0.22549950755200787
-1.5579714248435517,0.0,1.0826293461116794,1.2654537340011538,0.0,0.0,1.863452179595359,0,-0.8966249049695877,0,1,1,0,1,0,1,0,1,0,0,0,0,0,1,0,0,1,0,1,0,0,1,0,1,0,1,0,1,0,1,0,0,1,0,1,1,0,1,0,0,0,1,1,0,0,-2.432216161986599,0.31802463230084804
-0.26769982010098786,0.0,0.3866979478247626,0.14806693795787343,0.0,0.0,0.10137532978611936,0,0.9907286280611698,1,0,1,0,0,1,0,1,1,0,0,0,0,0,0,1,0,1,1,0,0,0,0,1,0,1,0,1,0,1,0,1,0,1,0,1,0,1,0,0,1,0,1,0,1,0,2.6324798083960017,-0.1658678931632355
0.9052743660286154,0.0,-1.2775704286936245,0.40720749028027037,0.0,0.0,0.9824137546907391,0,1.5366711762138112,1,0,1,0,0,1,1,0,1,0,0,0,0,0,0,1,0,1,0,0,1,0,1,0,0,1,0,1,0,1,1,0,1,0,1,0,1,0,1,0,0,1,0,1,0,0,1.8587980418854877,-0.021871753398356973
-1.0887817503917103,0.0,0.7187733214714553,-1.9375899111105526,0.0,0.0,-1.2201823075708103,1,0.4238526999947,0,1,1,0,1,0,1,0,1,0,0,0,0,0,1,0,1,0,0,0,0,1,1,0,1,0,1,0,1,0,1,0,1,0,1,0,1,0,1,0,0,1,0,0,1,0,-3.5031688693863012,-0.6505297802902621
0.6706795288026948,0.0,1.3303887069183917,-0.6980504063213363,0.0,0.0,-0.7796630951185004,1,-1.6853946601226373,1,0,1,0,1,0,1,0,1,0,0,0,0,0,1,0,0,1,1,0,0,0,0,1,0,1,0,1,0,1,0,1,0,1,0,1,1,0,0,1,0,1,0,1,0,0,1.3432716885643008,0.4200970335052618
-0.5022946573269086,0.0,-0.8722049823475637,0.44303577337051536,0.0,0.0,0.10137532978611936,1,0.46739413021546283,1,0,1,0,1,0,1,0,0,0,0,0,0,1,1,0,0,1,0,0,1,0,1,0,0,1,1,0,1,0,1,0,1,0,1,0,0,1,1,0,0,0,1,1,0,0,-2.551095086400696,0.9399035012855952
0.14284114504437329,0.0,-1.21011761842164,-1.0914725668313427,0.0,0.0,-0.7796630951185004,1,0.04370252075957848,1,0,1,0,1,0,1,0,1,0,0,0,0,0,1,0,0,1,0,0,1,0,1,0,1,0,0,1,1,0,1,0,1,0,1,0,0,1,1,0,0,1,0,1,0,0,-2.741451097156606,0.8610073143324154
0.6120308194962146,0.0,1.4451882013235964,0.037855076107910814,0.0,0.0,1.863452179595359,0,-0.06850039557854108,1,0,1,0,1,0,1,0,1,0,0,0,0,0,1,0,0,1,0,1,0,0,1,0,0,1,1,0,1,0,1,0,1,0,1,0,0,1,1,0,0,0,1,1,0,0,-0.4254193074829342,-0.2288440470003151
-1.03013304108523,0.0,0.018301830185462584,-1.9375899111105526,0.0,0.0,-0.7796630951185004,1,-0.4528372507964283,1,0,1,0,1,0,0,1,1,0,0,0,0,0,1,0,1,0,0,0,0,1,1,0,1,0,1,0,1,0,1,0,1,0,1,0,1,0,1,0,0,0,1,1,0,0,-0.8668416980409026,-1.2570907915892833
1.081220493948056,0.0,-1.1361789610081183,0.33012629336122234,0.0,0.0,0.10137532978611936,1,-0.6738937426864549,1,0,0,1,0,1,1,0,0,0,0,0,1,0,1,0,0,1,0,0,1,0,1,0,1,0,1,0,1,0,1,0,0,1,1,0,0,1,1,0,0,1,0,1,0,0,0.08507045101205614,0.45913530564886496
-0.15040240148802755,0.0,-1.0440799315982934,0.6007621217270765,0.0,0.0,-0.7796630951185004,1,-1.7959229060676505,1,0,1,0,1,0,1,0,1,0,0,0,0,0,1,0,0,1,0,0,1,0,1,0,1,0,1,0,1,0,0,1,1,0,1,0,1,0,1,0,0,0,1,0,1,0,-0.9883909142509228,0.8407178627903293
-0.09175369218154737,0.0,0.7414737864668348,0.40720749028027037,0.0,0.0,0.10137532978611936,0,-0.94267834078001,1,0,1,0,1,0,1,0,0,0,0,0,0,1,1,0,0,1,1,0,0,0,1,0,1,0,1,0,1,0,1,0,1,0,1,0,0,1,1,0,0,0,1,1,0,0,-1.595293723855429,-0.08741781879767886
-0.7955382038593094,0.0,0.862759128013576,0.5716956836265287,0.0,0.0,-1.2201823075708103,1,-0.6537976979691797,1,0,1,0,1,0,1,0,0,0,0,0,1,0,0,1,0,1,0,0,1,0,0,1,1,0,1,0,1,0,1,0,1,0,1,0,0,1,1,0,0,0,1,1,0,0,0.05521473237502868,0.6304246858318311
-1.675268843456512,0.0,-1.4591741486566596,1.120206624171783,0.0,0.0,1.863452179595359,0,-0.6805924242588799,0,1,1,0,1,0,1,0,1,0,0,0,0,0,1,0,0,1,1,0,0,0,1,0,1,0,1,0,1,0,1,0,1,0,1,0,0,1,1,0,0,0,1,0,1,0,-4.243516556264382,-0.5434890555595726
-0.03310498287506721,0.0,1.7389970768352212,0.44303577337051536,0.0,0.0,-1.2201823075708103,1,0.15255609631148553,1,0,1,0,0,1,1,0,1,0,0,0,0,0,0,1,0,1,0,0,1,0,0,1,0,1,0,1,0,1,0,1,1,0,1,0,1,0,1,0,0,0,1,1,0,0,2.8430050344526667,0.44484614566711694
0.7879769474156552,0.0,-0.8735021517758711,-1.9375899111105526,0.0,0.0,0.9824137546907391,0,-0.0391936636991815,1,0,1,0,0,1,1,0,0,1,0,0,0,0,0,1,1,0,0,0,0,1,1,0,1,0,1,0,1,0,1,0,1,0,1,0,1,0,0,0,1,1,0,1,0,0,1.1004293696702858,-2.167141443771247
-1.03013304108523,0.0,0.11234661373774862,1.2654537340011538,0.0,0.0,-1.2201823075708103,1,0.45567143746371896,1,0,1,0,1,0,1,0,1,0,0,0,0,0,0,1,0,1,0,0,1,0,1,0,0,1,1,0,0,1,0,1,0,1,0,1,0,1,0,1,0,0,1,0,1,0,2.821572120708954,0.30214474841206557
1.6677075870128577,0.0,1.7260253825521472,0.28848538496648446,0.0,0.0,-1.2201823075708103,1,1.1607076729614554,1,0,0,1,0,1,1,0,1,0,0,0,0,0,0,1,0,1,0,0,1,0,0,1,0,1,0,1,1,0,0,1,1,0,1,0,0,1,1,0,0,0,1,1,0,0,2.2848142452928397,0.536346491571251
0.9052743660286154,0.0,0.42820736953059924,-1.9375899111105526,0.0,0.0,0.10137532978611936,0,0.430551381567125,1,0,1,0,1,0,0,1,1,0,0,0,0,0,1,0,1,0,0,0,0,1,1,0,1,0,1,0,1,0,1,0,1,0,1,0,1,0,1,0,0,1,0,0,1,0,-3.5657423727594426,-0.6561783750951936
-0.4436459480204284,0.0,1.6806244525613883,0.4772711516590301,0.0,0.0,0.10137532978611936,0,0.5795970465535824,1,0,1,0,0,1,1,0,0,0,1,0,0,0,1,0,0,1,0,0,1,0,0,1,1,0,1,0,1,0,1,0,1,0,1,0,0,1,1,0,0,0,1,0,1,0,2.4365588994640555,-0.6442095298073796
-0.6195920759398689,0.0,-0.2748584606120085,0.6819075454764912,0.0,0.0,-1.2201823075708103,1,-1.8846804369022825,1,0,1,0,0,1,1,0,0,0,1,0,0,0,0,1,0,1,0,0,1,0,1,0,0,1,0,1,1,0,0,1,1,0,1,0,0,1,1,0,0,0,1,1,0,0,1.7974937075318822,0.449337642146815
0.2601385636573336,0.0,-0.9383606231912409,-1.9375899111105526,0.0,0.0,-1.2201823075708103,1,0.44729808549818767,1,0,1,0,0,1,0,1,1,0,0,0,0,0,1,0,1,0,0,0,0,1,1,0,1,0,1,0,1,0,1,0,1,0,1,0,1,0,1,0,0,1,0,1,0,0,-3.9546500948960297,-0.6449151162630414
-0.03310498287506721,0.0,1.208454780657497,0.6287713610382961,0.0,0.0,0.10137532978611936,0,0.13748406277352918,1,0,1,0,1,0,1,0,1,0,0,0,0,0,1,0,0,1,0,1,0,0,0,1,1,0,0,1,1,0,1,0,0,1,0,1,0,1,1,0,0,0,1,1,0,0,-0.46693238461461317,0.3885156749921843
0.8466256567221353,0.0,0.14672160358789466,-1.9375899111105526,0.0,0.0,1.863452179595359,0,-0.11036715540619764,1,0,1,0,0,1,0,1,0,0,0,1,0,0,0,1,1,0,0,0,0,1,1,0,1,0,1,0,1,0,1,0,1,0,1,0,1,0,1,0,0,0,1,1,0,0,0.12069848819516699,-1.4153735920924686
-1.4406740062305912,0.0,-0.15876179677849678,-1.9375899111105526,0.0,0.0,0.9824137546907391,0,-0.47125862512059713,0,1,1,0,0,1,0,1,0,0,0,0,0,1,1,0,1,0,0,0,0,1,1,0,1,0,1,0,1,0,1,0,1,0,1,0,1,0,0,0,1,1,0,0,1,0,-1.6356777817826622,-0.9957567938835168
1.4917614590934172,0.0,-0.3442570250264541,0.36963080871589915,0.0,0.0,-1.2201823075708103,1,-0.9703104022662633,1,0,0,1,1,0,1,0,0,0,0,0,1,0,0,1,0,1,0,1,0,0,1,0,1,0,1,0,0,1,1,0,1,0,1,0,0,1,1,0,0,1,0,0,1,0,-0.38050275529532446,-0.12565209647322062
-1.2060791690046706,0.0,0.2725470381337118,0.7071612569928716,0.0,0.0,0.10137532978611936,0,0.883549722902369,0,1,1,0,0,1,0,1,0,0,1,0,0,0,0,1,0,1,0,1,0,0,0,1,0,1,1,0,1,0,1,0,1,0,1,0,1,0,1,0,0,1,0,1,0,0,1.919596974465881,-0.985025572701861
-0.5022946573269086,0.0,0.021544753756230883,-1.9375899111105526,0.0,0.0,1.863452179595359,0,0.5226582531879694,1,0,1,0,0,1,0,1,1,0,0,0,0,0,0,1,1,0,0,0,0,1,1,0,1,0,1,0,1,0,1,0,1,0,1,0,1,0,0,0,1,1,0,0,1,0,-1.4053587265031084,-0.8386411958640624
-1.5579714248435517,0.0,-1.4591741486566596,0.7071612569928716,0.0,0.0,0.9824137546907391,0,-0.246852792444358,0,1,1,0,0,1,1,0,0,1,0,0,0,0,1,0,0,1,0,1,0,0,0,1,1,0,0,1,0,1,0,1,0,1,0,1,0,1,0,0,1,1,0,1,0,0,0.7540542277000619,-1.347185907808283
0.9052743660286154,0.0,0.04229946460914921,0.28848538496648446,0.0,0.0,0.9824137546907391,0,-0.07184973636475361,1,0,1,0,1,0,1,0,1,0,0,0,0,0,0,1,0,1,0,0,1,0,0,1,0,1,0,1,1,0,0,1,0,1,0,1,0,1,0,0,1,0,1,0,1,0,3.0706350835024128,0.345150877529005
1.6090588777063775,0.0,1.5638792040137228,0.6007621217270765,0.0,0.0,-0.7796630951185004,1,0.3233724764083243,1,0,0,1,0,1,1,0,0,0,0,1,0,0,0,1,0,1,0,0,1,0,1,0,1,0,1,0,1,0,0,1,1,0,1,0,0,1,1,0,0,0,1,1,0,0,1.68303013038859,0.2791669910067925
0.3187872729638138,0.0,-0.3371225931707635,0.6007621217270765,0.0,0.0,0.9824137546907391,0,0.40961800165329676,1,0,1,0,1,0,1,0,0,0,0,1,0,0,1,0,0,1,0,0,1,0,0,1,1,0,1,0,1,0,1,0,1,0,1,0,0,1,1,0,0,1,0,1,0,0,0.6912392700545166,0.19446985723338195
1.1985179125610164,0.0,-1.4591741486566596,0.65579761464225,0.0,0.0,0.9824137546907391,0,-1.5078795984533735,1,0,0,1,0,1,1,0,1,0,0,0,0,0,1,0,0,1,1,0,0,0,1,0,1,0,0,1,0,1,1,0,1,0,1,0,0,1,0,0,1,1,0,0,1,0,-1.4398796612625997,-1.0663669027540938
-0.9128356224722697,0.0,1.2220750596547247,0.19777251896391848,0.0,0.0,0.10137532978611936,0,1.4412149638067542,1,0,1,0,0,1,1,0,0,0,1,0,0,0,0,1,0,1,0,0,1,0,1,0,0,1,0,1,0,1,0,1,0,1,0,1,0,1,0,1,0,0,1,0,1,0,3.021388867211902,0.35878550796674985
-1.3820252969241111,0.0,-0.09455191007728085,-1.9375899111105526,0.0,0.0,-1.2201823075708103,1,0.0009984257353687946,0,1,1,0,1,0,1,0,0,0,0,0,1,0,1,0,1,0,0,0,0,1,1,0,1,0,1,0,1,0,1,0,1,0,1,0,1,0,1,0,0,1,0,1,0,0,-1.1030799520902026,-1.1417677306019618
1.2571666218674964,0.0,1.7111079341266122,-0.6980504063213363,0.0,0.0,0.10137532978611936,1,0.32002313562211177,1,0,0,1,0,1,1,0,0,1,0,0,0,0,0,1,0,1,0,0,1,0,1,0,0,1,0,1,0,1,0,1,0,1,1,0,0,1,0,0,1,0,1,1,0,0,3.1497482948677282,0.2870824601831765
-1.03013304108523,0.0,0.18758244057957751,1.120206624171783,0.0,0.0,0.10137532978611936,1,-0.09529512186824128,1,0,1,0,1,0,1,0,0,0,0,0,0,1,0,1,0,1,0,1,0,0,1,0,1,0,0,1,1,0,1,0,1,0,1,0,0,1,1,0,0,1,0,1,0,0,-2.7397095509369946,0.32828533289998235
-0.20905111079450772,0.0,-1.4591741486566596,0.36963080871589915,0.0,0.0,0.10137532978611936,0,1.1054435499889488,1,0,1,0,1,0,1,0,1,0,0,0,0,0,1,0,0,1,1,0,0,0,0,1,1,0,1,0,1,0,1,0,1,0,1,0,0,1,0,1,0,0,1,1,0,0,-0.678769959985409,-1.6570351611362553
0.08419243573789313,0.0,0.8095751814529729,0.44303577337051536,0.0,0.0,1.863452179595359,0,1.1397742930476271,1,0,1,0,1,0,1,0,0,0,0,0,1,0,1,0,0,1,0,0,1,0,1,0,0,1,0,1,1,0,1,0,0,1,0,1,0,1,1,0,0,0,1,0,1,0,0.6942537782119921,0.8748245009362167
-0.09175369218154737,0.0,0.1558017895860462,-0.023791351794107286,0.0,0.0,-1.2201823075708103,1,0.2756443702047958,1,0,1,0,1,0,1,0,1,0,0,0,0,0,1,0,0,1,0,1,0,0,1,0,1,0,1,0,1,0,1,0,1,0,1,0,1,0,1,0,0,1,0,0,0,1,-2.4362790719749534,-0.017269552291204124
1.2571666218674964,0.0,-0.2618867663289346,-0.869908696073317,0.0,0.0,-1.2201823075708103,1,0.4380873983361032,1,0,0,1,1,0,1,0,1,0,0,0,0,0,0,1,0,1,0,0,1,0,1,0,0,1,1,0,1,0,0,1,1,0,1,0,0,1,1,0,0,0,1,1,0,0,0.946857546922052,0.6471095123169265
-0.9714843317787499,0.0,-0.65752344196269,0.0949307535196783,0.0,0.0,0.10137532978611936,0,0.679239934943405,1,0,1,0,1,0,1,0,0,0,0,1,0,0,0,1,0,1,0,0,1,0,1,0,0,1,1,0,1,0,0,1,0,1,0,1,0,1,0,1,0,1,0,1,0,0,1.1739796471234663,0.8934668328559953
-1.675268843456512,0.0,-1.1874171534262605,1.2157481529951086,0.0,0.0,0.10137532978611936,0,-1.3437618999289598,0,1,1,0,0,1,0,1,0,0,0,0,1,0,0,1,0,1,0,0,1,0,1,0,0,1,0,1,1,0,0,1,0,1,0,1,0,1,1,0,0,0,1,1,0,0,0.31071430450368703,1.3172357706537081
1.081220493948056,0.0,-1.3910727536705214,-0.24535522255213305,0.0,0.0,-1.2201823075708103,1,-0.8874142178075033,1,0,0,1,0,1,1,0,1,0,0,0,0,0,1,0,0,1,0,0,1,0,1,0,0,1,1,0,1,0,1,0,1,0,1,0,0,1,1,0,0,0,1,1,0,0,-0.3386054900142721,0.39100452778890327
1.2571666218674964,0.0,-0.7236790828063671,0.40720749028027037,0.0,0.0,-1.2201823075708103,1,-0.8187527316901465,1,0,0,1,1,0,1,0,1,0,0,0,0,0,0,1,0,1,0,0,1,0,1,0,1,0,1,0,1,0,1,0,1,0,1,0,0,1,1,0,0,0,1,1,0,0,-2.525489125988089,0.9141140740235643
1.785005005625818,0.0,-1.0888322768748986,0.4772711516590301,0.0,0.0,-0.7796630951185004,1,-0.5374081056482946,1,0,0,1,1,0,1,0,0,0,0,0,1,0,1,0,0,1,0,0,1,0,1,0,1,0,1,0,1,0,1,0,1,0,1,0,0,1,1,0,0,1,0,0,1,0,0.07624531009725867,0.20698090830457266
-0.03310498287506721,0.0,-0.4071697422993629,1.1346027292456944,0.0,0.0,0.10137532978611936,0,-1.1520121399182928,1,0,1,0,0,1,0,1,1,0,0,0,0,0,1,0,0,1,0,1,0,0,0,1,0,1,0,1,0,1,0,1,1,0,1,0,0,1,1,0,0,0,1,1,0,0,-0.6893097799444201,0.6783086799302085
0.7879769474156552,0.0,-0.9286318524789354,-0.869908696073317,0.0,0.0,-0.7796630951185004,1,0.44478607990852825,1,0,1,0,0,1,1,0,0,1,0,0,0,0,0,1,0,1,0,0,1,0,1,0,0,1,0,1,1,0,0,1,0,1,0,1,0,1,0,1,0,1,0,1,0,0,2.650968704282825,0.17706243741556746
-0.6195920759398689,0.0,-0.25475233447324397,0.6007621217270765,0.0,0.0,0.9824137546907391,0,0.9656085721645759,1,0,1,0,1,0,1,0,0,0,0,0,0,1,1,0,0,1,0,1,0,0,1,0,1,0,1,0,1,0,1,0,1,0,1,0,1,0,1,0,0,0,1,1,0,0,-2.984649529390502,0.03930829779496756
1.6090588777063775,0.0,-0.5751531832651704,0.6287713610382961,0.0,0.0,-0.7796630951185004,1,-1.0456705699560451,1,0,0,1,0,1,1,0,0,0,0,0,0,1,1,0,0,1,0,0,1,0,1,0,1,0,1,0,1,0,0,1,0,1,1,0,0,1,1,0,0,0,1,1,0,0,-0.4569310786944436,1.078068328277462
-0.26769982010098786,0.0,-1.2905421229766982,0.4772711516590301,0.0,0.0,-1.2201823075708103,1,1.234393170258131,1,0,1,0,1,0,1,0,1,0,0,0,0,0,1,0,0,1,0,0,1,0,1,0,1,0,1,0,1,0,0,1,0,1,0,1,0,1,1,0,0,1,0,1,0,0,-0.9225859786076264,1.0688186463399605
0.43608469157677415,0.0,-1.1141270807268928,-0.5576319593127251,0.0,0.0,0.10137532978611936,0,1.3038919915720408,1,0,1,0,0,1,1,0,1,0,0,0,0,0,0,1,0,1,0,1,0,0,0,1,0,1,0,1,0,1,0,1,0,1,0,1,1,0,0,0,1,0,1,0,1,0,2.5211369864191973,-0.29243393115216243
-1.4993227155370714,0.0,-1.1913086617111828,-1.9375899111105526,0.0,0.0,0.10137532978611936,0,-0.5198240665206787,0,1,1,0,1,0,1,0,0,0,0,0,1,0,1,0,1,0,0,0,0,1,1,0,1,0,1,0,1,0,1,0,1,0,1,0,1,0,1,0,0,1,0,0,1,0,-1.6638569722231464,-1.1380914942286364
0.43608469157677415,0.0,-1.4591741486566596,0.44303577337051536,0.0,0.0,-0.7796630951185004,1,0.1600921130804637,1,0,1,0,0,1,1,0,0,0,0,0,0,1,1,0,0,1,0,1,0,0,1,0,1,0,1,0,1,0,1,0,1,0,1,0,0,1,1,0,0,0,1,1,0,0,-4.306103952628703,-0.5883857427937536
-0.20905111079450772,0.0,-0.7891861389358905,0.36963080871589915,0.0,0.0,-1.2201823075708103,1,0.3083004428703679,1,0,1,0,1,0,1,0,0,0,0,0,1,0,0,1,0,1,0,0,1,0,0,1,1,0,1,0,1,0,0,1,0,1,0,1,0,1,1,0,0,0,1,1,0,0,0.8986890004735646,1.049255468551361
0.8466256567221353,0.0,0.5261436613678073,-0.33606808855469933,0.0,0.0,-0.7796630951185004,1,-0.9577503743179663,1,0,1,0,1,0,1,0,1,0,0,0,0,0,1,0,0,1,0,0,1,0,1,0,1,0,0,1,1,0,1,0,1,0,1,0,0,1,1,0,0,0,1,1,0,0,0.38844190548938906,0.45482000544791995
-1.3820252969241111,0.0,-0.4117098352984388,1.120206624171783,0.0,0.0,0.9824137546907391,0,0.9957526392404885,0,1,1,0,0,1,1,0,0,1,0,0,0,0,0,1,0,1,0,0,1,0,0,1,0,1,1,0,1,0,1,0,1,0,0,1,0,1,0,0,1,0,1,1,0,0,2.5928454991372822,-0.5026579894391592
1.4917614590934172,0.0,0.21028290557495677,-0.43890985399893934,0.0,0.0,-1.2201823075708103,1,-1.0967480169457862,1,0,0,1,1,0,1,0,1,0,0,0,0,0,1,0,0,1,0,1,0,0,0,1,0,1,1,0,1,0,1,0,1,0,1,0,0,1,1,0,0,1,0,0,1,0,-2.166871467896976,0.2744214317714519
1.4917614590934172,0.0,-0.36047164288029654,0.36963080871589915,0.0,0.0,-1.2201823075708103,1,0.6206264711846858,1,0,0,1,0,1,1,0,1,0,0,0,0,0,1,0,0,1,0,0,1,0,0,1,0,1,1,0,0,1,0,1,0,1,0,1,0,1,0,1,0,0,1,0,1,0,2.5393055480696303,0.41606307316181007
-0.678240785246349,0.0,-0.7509196408008223,0.65579761464225,0.0,0.0,0.10137532978611936,0,1.3800894944583757,1,0,1,0,0,1,1,0,1,0,0,0,0,0,0,1,0,1,0,1,0,0,0,1,0,1,0,1,0,1,0,1,0,1,0,1,0,1,0,0,1,0,1,0,1,0,2.6057129549734004,-0.32476873528426853
0.5533821101897345,0.0,-0.2372405471910942,0.36963080871589915,0.0,0.0,-0.7796630951185004,1,-0.09948179785100694,1,0,1,0,0,1,1,0,0,0,0,0,0,1,1,0,0,1,0,0,1,0,1,0,1,0,1,0,1,0,1,0,1,0,1,0,0,1,1,0,0,0,1,1,0,0,-2.4848781374645483,0.8121359068068611
-1.3233765876176309,0.0,-1.1465563164345776,0.9410480977988882,0.0,0.0,-0.7796630951185004,1,-0.5256854128965507,0,1,1,0,0,1,1,0,0,0,0,1,0,0,0,1,0,1,0,0,1,0,1,0,1,0,1,0,1,0,1,0,0,1,0,1,0,1,1,0,0,0,1,1,0,0,0.8625664412232017,0.3747714457476108
-1.03013304108523,0.0,-1.0804006755909006,-1.9375899111105526,0.0,0.0,0.9824137546907391,0,0.13246005159421037,1,0,1,0,0,1,0,1,0,0,0,0,0,1,1,0,1,0,0,0,0,1,1,0,1,0,1,0,1,0,1,0,1,0,1,0,1,0,1,0,0,1,0,0,1,0,-2.296771532846788,-0.9032800908953238
-0.09175369218154737,0.0,-0.36630890530767984,-1.9375899111105526,0.0,0.0,0.9824137546907391,0,0.9505365386266195,1,0,1,0,0,1,0,1,1,0,0,0,0,0,0,1,1,0,0,0,0,1,1,0,1,0,1,0,1,0,1,0,1,0,1,0,1,0,0,0,1,0,1,0,1,0,0.5744609211596515,-1.7702785330950737
0.9052743660286154,0.0,-0.2871815701809288,-1.9375899111105526,0.0,0.0,0.10137532978611936,0,0.6315118287398765,1,0,1,0,1,0,1,0,0,0,1,0,0,0,0,1,1,0,0,0,0,1,1,0,1,0,1,0,1,0,1,0,1,0,1,0,1,0,0,0,1,1,0,0,1,0,0.599452579717104,-1.777429576870224
-1.3233765876176309,0.0,0.3828064395398402,1.2654537340011538,0.0,0.0,0.10137532978611936,0,0.5268449291707351,0,1,1,0,1,0,1,0,0,1,0,0,0,0,0,1,0,1,0,0,1,0,0,1,0,1,0,1,0,1,0,1,0,1,0,1,0,1,0,0,1,0,1,0,1,0,3.183699441110283,0.38640204846796217
-0.03310498287506721,0.0,-0.3643631511652189,-0.43890985399893934,0.0,0.0,-0.7796630951185004,1,-1.3194791792289189,1,0,1,0,0,1,1,0,1,0,0,0,0,0,1,0,0,1,0,0,1,0,1,0,0,1,0,1,1,0,0,1,0,1,0,1,0,1,1,0,0,1,0,1,0,0,-0.10251172087152874,1.3993785602086026
-1.3233765876176309,0.0,-0.012830236093914909,1.1055362911451465,0.0,0.0,-1.2201823075708103,1,-0.05426569723713786,0,1,1,0,1,0,1,0,1,0,0,0,0,0,0,1,0,1,0,0,1,0,1,0,1,0,1,0,1,0,0,1,1,0,1,0,1,0,1,0,0,0,1,0,0,1,-2.0898920407562165,1.1916146604766882
1.1985179125610164,0.0,1.1954830863744228,-1.0914725668313427,0.0,0.0,-1.2201823075708103,1,-0.44278922843779067,1,0,0,1,1,0,1,0,1,0,0,0,0,0,1,0,0,1,0,1,0,0,1,0,1,0,1,0,1,0,1,0,1,0,1,0,0,1,1,0,0,0,1,1,0,0,-0.1496475433103726,-0.4691393595146805
1.1985179125610164,0.0,-0.4765683067138084,0.33012629336122234,0.0,0.0,0.10137532978611936,0,0.00518510171813445,1,0,0,1,0,1,1,0,1,0,0,0,0,0,1,0,0,1,0,0,1,0,0,1,0,1,0,1,0,1,0,1,1,0,1,0,0,1,0,1,0,0,1,0,1,0,1.7627149804993016,0.5689591516452778
0.6706795288026948,0.0,0.7382308628960665,-0.43890985399893934,0.0,0.0,0.9824137546907391,0,0.9430005218576413,1,0,1,0,1,0,1,0,1,0,0,0,0,0,1,0,0,1,0,0,1,0,1,0,0,1,0,1,0,1,1,0,0,1,0,1,0,1,0,1,0,0,1,0,1,0,2.346871466939264,0.20093463173534884
1.8436537149322982,0.0,0.21676875271649385,0.19777251896391848,0.0,0.0,-1.2201823075708103,1,-0.28955688746856767,1,0,0,1,0,1,1,0,0,0,0,1,0,0,0,1,0,1,0,0,1,0,1,0,0,1,1,0,1,0,1,0,1,0,1,0,0,1,1,0,0,0,1,0,1,0,1.2906842301702937,0.16030476569533575
0.9052743660286154,0.0,0.29459891841493746,-1.0914725668313427,0.0,0.0,1.863452179595359,0,-0.15139658003730105,1,0,1,0,1,0,1,0,1,0,0,0,0,0,0,1,0,1,0,1,0,0,1,0,1,0,0,1,0,1,1,0,0,1,0,1,0,1,0,0,1,1,0,1,0,0,1.7249692084739707,-0.47173948545778444
-1.03013304108523,0.0,0.11104944430944126,1.0597702031126737,0.0,0.0,0.10137532978611936,0,-0.5014026921965099,1,0,1,0,1,0,1,0,0,0,0,1,0,0,0,1,0,1,0,0,1,0,0,1,1,0,0,1,1,0,1,0,1,0,1,0,0,1,1,0,0,0,1,0,1,0,1.2275620711589397,0.3770668740446811
0.5533821101897345,0.0,-0.4869456621402676,0.037855076107910814,0.0,0.0,-1.2201823075708103,1,1.3198013603065504,1,0,1,0,1,0,1,0,0,0,1,0,0,0,1,0,0,1,0,0,1,0,0,1,0,1,0,1,1,0,0,1,0,1,0,1,0,1,0,1,0,0,1,1,0,0,2.517099373003816,0.443896464274832
0.8466256567221353,0.0,1.668301342992468,-1.9375899111105526,0.0,0.0,-0.7796630951185004,1,1.062739454964739,1,0,1,0,1,0,1,0,0,0,0,0,0,1,1,0,1,0,0,0,0,1,1,0,1,0,1,0,1,0,1,0,1,0,1,0,1,0,1,0,0,1,0,0,0,1,-1.5876033453074254,-0.9337819073268517
0.5533821101897345,0.0,-0.6808724916722231,-1.9375899111105526,0.0,0.0,-0.7796630951185004,1,0.321697806015218,1,0,1,0,1,0,1,0,1,0,0,0,0,0,1,0,1,0,0,0,0,1,1,0,1,0,1,0,1,0,1,0,1,0,1,0,1,0,1,0,0,1,0,1,0,0,-3.8447100570054746,-0.6420722210228844
-0.32634852940746806,0.0,-1.057700210595521,-0.1642097988027183,0.0,0.0,0.10137532978611936,0,1.5056897739413453,1,0,1,0,0,1,1,0,1,0,0,0,0,0,0,1,0,1,0,0,1,0,0,1,0,1,0,1,0,1,0,1,0,1,0,1,0,1,0,0,1,0,1,1,0,0,2.939754093955702,0.44649040523504957
-0.20905111079450772,0.0,1.5327471377343456,-1.9375899111105526,0.0,0.0,0.10137532978611936,1,-1.7406587830951439,1,0,1,0,0,1,1,0,0,0,0,0,0,1,1,0,1,0,0,0,0,1,1,0,1,0,1,0,1,0,1,0,1,0,1,0,1,0,0,1,0,0,1,0,1,0,-1.5900430161781793,-0.9577103311901177
0.9639230753350957,0.0,-0.1801650923455689,-0.5576319593127251,0.0,0.0,0.9824137546907391,0,-1.9215231855506203,1,0,1,0,1,0,1,0,0,0,0,0,1,0,0,1,0,1,0,0,1,0,1,0,1,0,1,0,1,0,1,0,1,0,1,0,0,1,0,1,0,0,1,0,1,0,0.6060413998089902,0.3109062610654175
-1.6166201341500317,0.0,-0.9954360780367661,1.0597702031126737,0.0,0.0,-1.2201823075708103,1,-0.35821837358592445,0,1,1,0,1,0,1,0,0,0,0,0,0,1,1,0,0,1,0,0,1,0,1,0,1,0,1,0,1,0,0,1,0,1,0,1,0,1,1,0,0,0,1,1,0,0,-2.322677722795159,1.3717239381079382
-0.9714843317787499,0.0,0.3374055095490815,-1.9375899111105526,0.0,0.0,0.10137532978611936,0,0.8910857396713472,1,0,1,0,0,1,0,1,0,0,1,0,0,0,1,0,1,0,0,0,0,1,1,0,1,0,1,0,1,0,1,0,1,0,1,0,1,0,0,1,0,1,0,0,1,0,0.6852190593654768,-2.017149568738633
1.785005005625818,0.0,1.3933014241913002,0.6287713610382961,0.0,0.0,0.10137532978611936,1,1.0217100303336355,1,0,0,1,1,0,1,0,1,0,0,0,0,0,0,1,0,1,0,0,1,0,1,0,1,0,0,1,1,0,0,1,0,1,1,0,0,1,1,0,0,1,0,1,0,0,0.08947520213958901,1.4221570408010704
-0.3849972387139482,0.0,0.1512616965869703,0.7071612569928716,0.0,0.0,-1.2201823075708103,1,-0.94267834078001,1,0,1,0,0,1,1,0,0,0,0,0,1,0,1,0,0,1,0,1,0,0,1,0,1,0,1,0,1,0,1,0,1,0,1,0,0,1,1,0,0,0,1,1,0,0,-0.8066017224317804,-0.3462828234788321
1.0225717846415758,0.0,-0.6367687311097716,-0.09080483414810245,0.0,0.0,-1.2201823075708103,1,-1.7230747439675282,1,0,0,1,1,0,1,0,1,0,0,0,0,0,1,0,0,1,0,0,1,0,1,0,0,1,0,1,1,0,0,1,0,1,0,1,0,1,1,0,0,0,1,0,1,0,-0.7962440715812457,1.4790943872498068
-1.2060791690046706,0.0,0.5670044983594902,1.2654537340011538,0.0,0.0,-1.2201823075708103,1,1.0191980247439762,0,1,1,0,0,1,1,0,0,0,1,0,0,0,0,1,0,1,0,0,1,0,0,1,1,0,0,1,1,0,1,0,0,1,0,1,0,1,1,0,0,1,0,1,0,0,2.318369636892792,0.18376786119162788
-0.678240785246349,0.0,-1.3631836109619124,0.5716956836265287,0.0,0.0,0.10137532978611936,0,-1.6251065259708117,1,0,1,0,1,0,1,0,0,0,0,0,1,0,1,0,0,1,0,1,0,0,1,0,0,1,1,0,1,0,0,1,1,0,1,0,1,0,1,0,0,0,1,0,1,0,-1.0684873652818412,0.06639871627943625
1.081220493948056,0.0,-1.4591741486566596,0.5414890984678798,0.0,0.0,-1.2201823075708103,1,0.9363018402852162,1,0,0,1,0,1,1,0,0,0,1,0,0,0,1,0,0,1,0,1,0,0,1,0,0,1,0,1,1,0,1,0,0,1,1,0,0,1,1,0,0,0,1,1,0,0,0.07792727229445763,-1.5025533709894687
-0.03310498287506721,0.0,-0.9850587226103071,0.33012629336122234,0.0,0.0,-1.2201823075708103,1,0.008534442504346974,1,0,1,0,1,0,1,0,0,0,0,0,0,1,1,0,0,1,0,1,0,0,1,0,1,0,1,0,0,1,1,0,1,0,1,0,0,1,1,0,0,0,1,1,0,0,-1.8324321165147373,-0.02196782564033003
0.9639230753350957,0.0,-1.2198463891339453,-1.9375899111105526,0.0,0.0,1.863452179595359,0,-0.30462892100652406,1,0,1,0,1,0,1,0,0,0,0,0,0,1,0,1,1,0,0,0,0,1,1,0,1,0,1,0,1,0,1,0,1,0,1,0,1,0,1,0,0,1,0,0,1,0,-2.761438036089731,-0.6770335686075188
0.14284114504437329,0.0,1.2713674979304055,0.037855076107910814,0.0,0.0,0.10137532978611936,1,0.22624159360816107,1,0,1,0,0,1,1,0,1,0,0,0,0,0,0,1,0,1,0,1,0,0,1,0,1,0,1,0,1,0,0,1,0,1,0,1,0,1,0,1,0,0,1,0,1,0,2.0009125917898847,-0.5344821173763137
0.9052743660286154,0.0,1.5119924268814273,1.120206624171783,0.0,0.0,0.9824137546907391,0,1.4772203772585388,1,0,1,0,0,1,0,1,1,0,0,0,0,0,0,1,0,1,0,1,0,0,0,1,0,1,0,1,0,1,1,0,1,0,1,0,0,1,0,0,1,1,0,0,1,0,2.597567055071249,-0.8621079353774622
-1.4993227155370714,0.0,0.03840795632422711,1.120206624171783,0.0,0.0,0.10137532978611936,1,-1.4718741850015888,0,1,1,0,0,1,1,0,0,0,0,1,0,0,0,1,0,1,0,0,1,0,1,0,1,0,0,1,1,0,0,1,0,1,0,1,1,0,1,0,0,0,1,1,0,0,1.630622520618937,0.7609075343170897
-0.32634852940746806,0.0,-0.6782781528156083,-0.5576319593127251,0.0,0.0,-1.2201823075708103,1,0.13664672757697605,1,0,1,0,0,1,1,0,1,0,0,0,0,0,1,0,0,1,1,0,0,0,0,1,1,0,1,0,1,0,0,1,0,1,0,1,0,1,1,0,0,0,1,1,0,0,-2.1473209444568164,1.511816403818675
-0.09175369218154737,0.0,0.4716625453788968,0.037855076107910814,0.0,0.0,0.9824137546907391,0,0.41464201283261554,1,0,1,0,0,1,1,0,1,0,0,0,0,0,0,1,0,1,0,0,1,0,1,0,1,0,0,1,1,0,0,1,1,0,1,0,0,1,1,0,0,1,0,0,1,0,1.337386358986072,0.49558567670299336
0.08419243573789313,0.0,0.2362262941411048,0.4772711516590301,0.0,0.0,-1.2201823075708103,1,-1.0557185923146826,1,0,1,0,1,0,1,0,1,0,0,0,0,0,1,0,0,1,0,1,0,0,1,0,1,0,1,0,1,0,1,0,0,1,0,1,0,1,1,0,0,0,1,1,0,0,-2.692588193420736,0.3835989091237591
0.2601385636573336,0.0,1.1656481895233528,-0.6980504063213363,0.0,0.0,0.9824137546907391,0,0.7202693595745084,1,0,1,0,0,1,1,0,0,0,1,0,0,0,0,1,0,1,0,0,1,0,0,1,0,1,0,1,1,0,0,1,0,1,0,1,0,1,0,1,0,0,1,0,1,0,2.842774698859229,0.5138515491904251
1.1985179125610164,0.0,-1.4591741486566596,0.0949307535196783,0.0,0.0,0.10137532978611936,0,-0.2543888092133362,1,0,0,1,1,0,1,0,0,1,0,0,0,0,1,0,0,1,1,0,0,0,1,0,0,1,0,1,1,0,0,1,1,0,1,0,0,1,0,1,0,0,1,0,1,0,0.37893392419969874,-1.7858519275060458
-1.4406740062305912,0.0,-1.4591741486566596,1.2654537340011538,0.0,0.0,-0.7796630951185004,1,-0.0015135798542905987,0,1,1,0,0,1,1,0,0,0,1,0,0,0,1,0,0,1,0,1,0,0,1,0,0,1,1,0,1,0,1,0,0,1,0,1,0,1,1,0,0,0,1,1,0,0,0.004815704123085565,-1.6445284606945454
0.6120308194962146,0.0,-0.13541274706896372,-0.023791351794107286,0.0,0.0,-1.2201823075708103,1,0.44478607990852825,1,0,1,0,1,0,1,0,0,0,0,0,1,0,0,1,0,1,0,0,1,0,1,0,1,0,1,0,1,0,1,0,0,1,0,1,1,0,1,0,0,0,1,1,0,0,0.5464577300815356,0.684699799757164
-1.5579714248435517,0.0,0.6565091889127004,-1.9375899111105526,0.0,0.0,0.10137532978611936,0,0.3350951691600681,0,1,1,0,1,0,1,0,0,0,0,0,1,0,1,0,1,0,0,0,0,1,1,0,1,0,1,0,1,0,1,0,1,0,1,0,1,0,0,0,1,1,0,0,1,0,-0.9597104224416607,-1.1878852967668851
-0.20905111079450772,0.0,0.850436018444656,0.0949307535196783,0.0,0.0,-1.2201823075708103,1,-1.6083598220397493,1,0,1,0,0,1,1,0,1,0,0,0,0,0,1,0,0,1,0,0,1,0,0,1,0,1,1,0,1,0,1,0,1,0,1,0,1,0,1,0,0,0,1,1,0,0,1.5396454541543496,0.07231509563277704
-0.678240785246349,0.0,0.7635256667480608,0.40720749028027037,0.0,0.0,0.9824137546907391,0,0.1274360404148916,1,0,1,0,1,0,1,0,1,0,0,0,0,0,1,0,0,1,0,0,1,0,0,1,0,1,1,0,1,0,0,1,0,1,0,1,0,1,0,1,0,0,1,0,1,0,2.462421973229619,0.34855954537037726
0.43608469157677415,0.0,-0.3903065397313667,0.037855076107910814,0.0,0.0,-0.7796630951185004,1,0.5670370186052854,1,0,1,0,1,0,1,0,0,0,0,0,0,1,0,1,0,1,0,0,1,0,1,0,1,0,1,0,1,0,1,0,1,0,1,0,0,1,1,0,0,0,1,1,0,0,-0.4548722524212268,0.592407008416759
1.1985179125610164,0.0,1.5093980880248126,-0.09080483414810245,0.0,0.0,-1.2201823075708103,1,1.1372622874579676,1,0,0,1,1,0,1,0,1,0,0,0,0,0,0,1,0,1,0,0,1,0,1,0,0,1,1,0,1,0,1,0,1,0,1,0,0,1,1,0,0,0,1,1,0,0,2.21346011855012,-0.2616973109385059
1.5504101683998974,0.0,-1.21011761842164,0.0949307535196783,0.0,0.0,0.10137532978611936,1,-0.47125862512059713,1,0,0,1,1,0,1,0,1,0,0,0,0,0,0,1,0,1,0,0,1,0,1,0,1,0,1,0,1,0,1,0,1,0,1,0,1,0,1,0,0,0,1,1,0,0,-2.645757092902003,0.9385496157712784
-1.2647278783111506,0.0,-0.3371225931707635,-1.9375899111105526,0.0,0.0,0.10137532978611936,0,-1.6125464980225148,0,1,1,0,1,0,0,1,1,0,0,0,0,0,1,0,1,0,0,0,0,1,1,0,1,0,1,0,1,0,1,0,1,0,1,0,1,0,0,1,0,1,0,0,1,0,-0.5296300628711097,-1.3980106296047674
1.2571666218674964,0.0,-0.4071697422993629,0.037855076107910814,0.0,0.0,-1.2201823075708103,1,-1.1235427432354863,1,0,0,1,1,0,1,0,1,0,0,0,0,0,0,1,0,1,0,0,1,0,1,0,0,1,0,1,1,0,0,1,0,1,1,0,0,1,1,0,0,0,1,1,0,0,1.9291729195781864,0.7287454627013709
1.3158153311739766,0.0,0.8173581980228175,0.6819075454764912,0.0,0.0,-0.7796630951185004,1,-1.8804937609195167,1,0,0,1,1,0,1,0,0,0,0,1,0,0,0,1,0,1,0,0,1,0,1,0,1,0,1,0,1,0,0,1,0,1,1,0,1,0,1,0,0,0,1,1,0,0,1.7136007074836823,0.605118102945221
-1.2647278783111506,0.0,-1.0129478653189161,-1.9375899111105526,0.0,0.0,1.863452179595359,0,1.3331987234514004,0,1,1,0,1,0,1,0,0,0,0,0,0,1,1,0,1,0,0,0,0,1,1,0,1,0,1,0,1,0,1,0,1,0,1,0,1,0,1,0,0,0,1,1,0,0,-2.954155855262541,-0.7933972014641768
0.729328238109175,0.0,0.33481117069246674,-0.24535522255213305,0.0,0.0,0.10137532978611936,0,-1.8989151352436857,1,0,1,0,0,1,1,0,0,0,0,0,1,0,0,1,0,1,0,0,1,0,1,0,1,0,1,0,1,0,0,1,0,1,0,1,1,0,1,0,0,0,1,1,0,0,0.912239006545648,0.8828955635816904
0.7879769474156552,0.0,-1.1653652731450348,0.65579761464225,0.0,0.0,0.10137532978611936,0,-0.17232995995112935,1,0,1,0,1,0,1,0,1,0,0,0,0,0,0,1,0,1,0,0,1,0,1,0,1,0,1,0,1,0,1,0,1,0,1,0,0,1,1,0,0,0,1,1,0,0,-2.6844940891984397,0.9105815279391863
0.3187872729638138,0.0,-1.10310114058628,0.14806693795787343,0.0,0.0,1.863452179595359,0,0.09477996774931947,1,0,1,0,1,0,1,0,1,0,0,0,0,0,0,1,0,1,0,1,0,0,1,0,1,0,0,1,0,1,0,1,1,0,1,0,0,1,1,0,0,0,1,0,1,0,-0.19722060734898525,0.21460683192040964
-0.5609433666333887,0.0,1.2538557106482555,-0.1642097988027183,0.0,0.0,-1.2201823075708103,1,1.203411767985665,1,0,1,0,1,0,1,0,1,0,0,0,0,0,0,1,0,1,0,0,1,0,1,0,1,0,1,0,0,1,0,1,0,1,0,1,0,1,1,0,0,0,1,1,0,0,2.53085380149809,0.34910548771273664
1.6090588777063775,0.0,-0.8397757466398789,0.65579761464225,0.0,0.0,-1.2201823075708103,1,-1.3052444808875157,1,0,0,1,1,0,1,0,1,0,0,0,0,0,1,0,0,1,0,0,1,0,1,0,1,0,1,0,1,0,1,0,1,0,1,0,0,1,1,0,0,0,1,1,0,0,-2.180697008063114,0.7245809894165905
-0.7955382038593094,0.0,0.184339517008809,1.1762436376404322,0.0,0.0,-1.2201823075708103,1,1.2394171814374497,1,0,1,0,1,0,0,1,1,0,0,0,0,0,0,1,0,1,0,0,1,0,0,1,1,0,1,0,1,0,1,0,1,0,1,0,1,0,1,0,0,0,1,1,0,0,0.001817872476861799,0.6420812260354749
0.4947334008832543,0.0,1.0287968148369226,-1.9375899111105526,0.0,0.0,0.10137532978611936,0,0.6909626276951488,1,0,1,0,0,1,1,0,0,0,1,0,0,0,1,0,1,0,0,0,0,1,1,0,1,0,1,0,1,0,1,0,1,0,1,0,1,0,0,0,1,0,1,1,0,0,1.1168928015604518,-2.1680814994450968
0.6706795288026948,0.0,-1.197145924138566,-0.43890985399893934,0.0,0.0,-0.7796630951185004,1,1.0610647845716328,1,0,1,0,1,0,1,0,1,0,0,0,0,0,1,0,0,1,0,0,1,0,1,0,1,0,1,0,1,0,0,1,1,0,1,0,0,1,1,0,0,0,1,1,0,0,-2.6180868328641607,1.0386483147859864
-0.678240785246349,0.0,-0.586827708119937,0.037855076107910814,0.0,0.0,0.10137532978611936,1,-1.2968711289219843,1,0,1,0,0,1,1,0,1,0,0,0,0,0,1,0,0,1,0,0,1,0,1,0,1,0,1,0,1,0,0,1,1,0,1,0,0,1,1,0,0,1,0,1,0,0,1.0862279373042034,0.11800582979788198
1.374464040480457,0.0,-1.4591741486566596,0.0949307535196783,0.0,0.0,-1.2201823075708103,1,-1.1712708494390147,1,0,0,1,0,1,1,0,1,0,0,0,0,0,1,0,0,1,1,0,0,0,0,1,1,0,1,0,1,0,1,0,1,0,1,0,1,0,1,0,0,1,0,0,1,0,-1.3862674815882856,-1.2397378712352554
-0.9128356224722697,0.0,-0.5498583794131763,-1.0914725668313427,0.0,0.0,-1.2201823075708103,1,-1.2658897266495186,1,0,1,0,1,0,1,0,1,0,0,0,0,0,0,1,0,1,0,0,1,0,1,0,1,0,1,0,1,0,1,0,1,0,1,0,0,1,1,0,0,0,1,1,0,0,-2.487784091691129,0.9068218492727356
0.43608469157677415,0.0,-1.2587614719831672,-1.9375899111105526,0.0,0.0,-0.7796630951185004,1,-0.04086833409228776,1,0,1,0,0,1,0,1,0,0,0,0,0,1,1,0,1,0,0,0,0,1,1,0,1,0,1,0,1,0,1,0,1,0,1,0,1,0,1,0,0,0,1,0,1,0,-4.146820816648868,-0.6468549481328253
0.37743598227029396,0.0,-1.3028652325456187,0.44303577337051536,0.0,0.0,-1.2201823075708103,1,-1.7255867495571875,1,0,1,0,0,1,1,0,1,0,0,0,0,0,0,1,0,1,0,0,1,0,1,0,1,0,0,1,0,1,0,1,0,1,0,1,0,1,1,0,0,0,1,1,0,0,1.6012235626566547,0.7259817828896319
-0.9714843317787499,0.0,0.8024407495972822,-0.24535522255213305,0.0,0.0,-0.7796630951185004,1,0.08891862137344755,1,0,1,0,0,1,1,0,1,0,0,0,0,0,0,1,0,1,0,0,1,0,0,1,0,1,0,1,0,1,0,1,0,1,0,1,0,1,0,1,0,0,1,1,0,0,3.3520665935267235,0.5047499596820504
0.4947334008832543,0.0,1.5191268587371178,0.33012629336122234,0.0,0.0,0.10137532978611936,0,-0.31551427856171477,1,0,1,0,1,0,1,0,1,0,0,0,0,0,1,0,0,1,0,0,1,0,1,0,0,1,1,0,1,0,0,1,0,1,0,1,0,1,1,0,0,0,1,1,0,0,1.576461803262639,0.667650120302672
-0.03310498287506721,0.0,0.816709613308664,0.037855076107910814,0.0,0.0,0.10137532978611936,0,0.8575923318092219,1,0,1,0,0,1,1,0,1,0,0,0,0,0,0,1,0,1,0,1,0,0,0,1,1,0,0,1,0,1,0,1,0,1,0,1,0,1,0,0,1,1,0,1,0,0,2.7605431442014745,-0.5026877099536238
0.7879769474156552,0.0,-1.4591741486566596,0.7071612569928716,0.0,0.0,-1.2201823075708103,1,-0.674731077883008,1,0,1,0,0,1,0,1,1,0,0,0,0,0,1,0,0,1,1,0,0,0,0,1,1,0,1,0,0,1,1,0,1,0,1,0,0,1,1,0,0,0,1,1,0,0,-2.4699798576704457,-0.6193740463649917
-0.5609433666333887,0.0,0.8893511012938778,0.4772711516590301,0.0,0.0,1.863452179595359,0,0.9304404939093444,1,0,1,0,0,1,0,1,1,0,0,0,0,0,1,0,0,1,0,0,1,0,1,0,0,1,0,1,0,1,0,1,0,1,0,1,0,1,0,1,0,0,1,1,0,0,2.410932126937108,0.5285464897650552
-0.03310498287506721,0.0,0.16877348386912033,0.7071612569928716,0.0,0.0,0.9824137546907391,0,1.5634659025035114,1,0,1,0,0,1,1,0,0,0,1,0,0,0,0,1,0,1,0,1,0,0,0,1,0,1,0,1,1,0,1,0,0,1,0,1,0,1,0,1,0,1,0,1,0,0,1.7152394377823355,-0.38433224993896126
-1.4993227155370714,0.0,0.1836909322946552,1.2654537340011538,0.0,0.0,0.10137532978611936,0,1.0091500023853386,0,1,1,0,1,0,1,0,1,0,0,0,0,0,1,0,0,1,0,1,0,0,0,1,1,0,1,0,1,0,1,0,1,0,1,0,1,0,0,1,0,0,1,1,0,0,0.8767850400967165,-0.8756903536296818
-0.26769982010098786,0.0,1.543773077874958,-1.9375899111105526,0.0,0.0,1.863452179595359,0,-0.6127682733380763,1,0,1,0,0,1,0,1,1,0,0,0,0,0,1,0,1,0,0,0,0,1,1,0,1,0,1,0,1,0,1,0,1,0,1,0,1,0,0,0,1,0,1,0,1,0,-0.3238742111860515,-1.3582079560728733
-1.0887817503917103,0.0,-1.047322855169062,1.2654537340011538,0.0,0.0,1.863452179595359,0,-0.9100222681144379,0,1,1,0,1,0,0,1,0,0,0,0,0,1,1,0,0,1,0,1,0,0,1,0,0,1,1,0,1,0,1,0,1,0,1,0,0,1,1,0,0,0,1,1,0,0,-3.152074347214896,0.18660778607875478
-1.4993227155370714,0.0,-0.17173349106157068,-1.9375899111105526,0.0,0.0,-0.7796630951185004,1,-0.49805335141029733,0,1,1,0,1,0,1,0,1,0,0,0,0,0,1,0,1,0,0,0,0,1,1,0,1,0,1,0,1,0,1,0,1,0,1,0,1,0,1,0,0,1,0,0,1,0,-3.6758986674642133,-0.6330230119219245
0.025543726431412957,0.0,0.14866735773035558,-1.9375899111105526,0.0,0.0,1.863452179595359,0,0.9270911531231318,1,0,1,0,1,0,1,0,1,0,0,0,0,0,1,0,1,0,0,0,0,1,1,0,1,0,1,0,1,0,1,0,1,0,1,0,1,0,1,0,0,1,0,0,1,0,-1.1001810741462368,-1.1525747290449058
0.14284114504437329,0.0,-1.0084077723198401,-0.023791351794107286,0.0,0.0,-1.2201823075708103,1,0.6574692198330235,1,0,1,0,1,0,1,0,0,0,0,0,0,1,1,0,0,1,0,1,0,0,1,0,1,0,0,1,1,0,1,0,1,0,1,0,0,1,1,0,0,1,0,0,1,0,-3.1121202716452596,0.2165747600028737
0.6120308194962146,0.0,-0.2982075103215418,0.44303577337051536,0.0,0.0,0.10137532978611936,0,-0.02495896535777827,1,0,1,0,1,0,1,0,0,1,0,0,0,0,0,1,0,1,0,0,1,0,0,1,0,1,0,1,0,1,0,1,0,1,0,1,0,1,0,0,1,0,1,1,0,0,3.1731772216135106,0.542187467235986
0.14284114504437329,0.0,-1.3638321956760662,-1.9375899111105526,0.0,0.0,1.863452179595359,0,-1.3370632183565347,1,0,1,0,1,0,1,0,0,0,0,0,0,1,1,0,1,0,0,0,0,1,1,0,1,0,1,0,1,0,1,0,1,0,1,0,1,0,1,0,0,1,0,1,0,0,-4.237316610079032,-0.6421414799444944
0.6120308194962146,0.0,-0.3805777690190613,0.037855076107910814,0.0,0.0,-1.2201823075708103,1,-1.4835968777533326,1,0,1,0,1,0,1,0,1,0,0,0,0,0,0,1,0,1,0,0,1,0,1,0,1,0,1,0,0,1,1,0,1,0,1,0,0,1,1,0,0,0,1,0,1,0,1.0351032452043567,0.2306083237383066
-1.5579714248435517,0.0,1.3796811451940731,-1.9375899111105526,0.0,0.0,0.10137532978611936,0,0.06379856547685363,0,1,1,0,1,0,1,0,1,0,0,0,0,0,0,1,1,0,0,0,0,1,1,0,1,0,1,0,1,0,1,0,1,0,1,0,1,0,0,1,0,1,0,0,1,0,-0.23048538739069743,-1.193293746502909
-1.3233765876176309,0.0,-1.4591741486566596,1.2654537340011538,0.0,0.0,0.9824137546907391,0,0.321697806015218,0,1,1,0,0,1,0,1,0,1,0,0,0,0,1,0,0,1,0,1,0,0,0,1,0,1,0,1,1,0,1,0,1,0,1,0,0,1,0,0,1,1,0,0,1,0,0.2998510541463775,-1.9847057993191803
-0.5609433666333887,0.0,-0.23983488604770892,-1.9375899111105526,0.0,0.0,0.9824137546907391,0,-1.185505547780418,1,0,1,0,1,0,1,0,0,0,0,0,1,0,1,0,1,0,0,0,0,1,1,0,1,0,1,0,1,0,1,0,1,0,1,0,1,0,0,1,0,1,0,0,0,1,-0.957563590314067,-1.1996551052544089
-1.2060791690046706,0.0,-0.43116737672304967,-1.9375899111105526,0.0,0.0,0.9824137546907391,0,-0.31635161375826787,0,1,1,0,0,1,0,1,1,0,0,0,0,0,1,0,1,0,0,0,0,1,1,0,1,0,1,0,1,0,1,0,1,0,1,0,1,0,1,0,0,0,1,1,0,0,-0.5412600838640738,-1.4309745813906158
1.5504101683998974,0.0,1.0936552862522924,0.5100492557245105,0.0,0.0,-1.2201823075708103,1,1.2846332820513187,1,0,0,1,0,1,1,0,1,0,0,0,0,0,0,1,0,1,0,0,1,0,1,0,0,1,0,1,1,0,0,1,0,1,1,0,0,1,1,0,0,0,1,1,0,0,2.535816926514713,0.4816306696277827
-0.32634852940746806,0.0,-0.18146226177387625,-1.9375899111105526,0.0,0.0,0.9824137546907391,0,1.7309329418141377,1,0,1,0,0,1,0,1,1,0,0,0,0,0,1,0,1,0,0,0,0,1,1,0,1,0,1,0,1,0,1,0,1,0,1,0,1,0,0,0,1,1,0,0,1,0,0.5934536682340519,-1.9602941484774727
1.785005005625818,0.0,-1.3761553052449864,0.14806693795787343,0.0,0.0,0.10137532978611936,1,-0.9661237262834976,1,0,0,1,0,1,1,0,0,0,0,0,1,0,0,1,0,1,0,0,1,0,1,0,1,0,0,1,1,0,0,1,0,1,1,0,0,1,1,0,0,0,1,1,0,0,-0.29778234903963463,1.2143003621348833
0.9052743660286154,0.0,-1.4591741486566596,-0.023791351794107286,0.0,0.0,0.10137532978611936,0,-1.0347852124008543,1,0,1,0,1,0,1,0,1,0,0,0,0,0,1,0,0,1,1,0,0,0,1,0,1,0,1,0,1,0,1,0,1,0,1,0,0,1,1,0,0,0,1,0,0,1,-2.0793469585496873,-1.1287115406108827
1.081220493948056,0.0,0.24141497185433428,0.4772711516590301,0.0,0.0,-1.2201823075708103,1,1.0058006615991262,1,0,0,1,1,0,1,0,0,0,0,0,0,1,1,0,0,1,1,0,0,0,0,1,1,0,0,1,1,0,1,0,1,0,1,0,0,1,1,0,0,0,1,1,0,0,-2.700978734920162,0.3705122458673884
-0.9714843317787499,0.0,-0.6711437209599176,0.6007621217270765,0.0,0.0,0.10137532978611936,1,0.8760137061333908,1,0,1,0,1,0,0,1,1,0,0,0,0,0,0,1,0,1,1,0,0,0,1,0,1,0,0,1,1,0,0,1,0,1,0,1,0,1,1,0,0,0,1,1,0,0,-0.20529828710540332,1.350489911850854
0.4947334008832543,0.0,0.987287393131086,0.6287713610382961,0.0,0.0,-1.2201823075708103,1,-1.6795333137467654,1,0,1,0,1,0,1,0,0,0,0,0,0,1,1,0,0,1,0,0,1,0,1,0,1,0,1,0,1,0,1,0,1,0,1,0,0,1,1,0,0,0,1,0,1,0,-1.7578089402899333,0.7108288910298957
-0.32634852940746806,0.0,0.873785068154189,0.5716956836265287,0.0,0.0,-1.2201823075708103,1,0.4004073144912123,1,0,1,0,1,0,1,0,0,0,1,0,0,0,0,1,0,1,0,0,1,0,1,0,0,1,0,1,1,0,0,1,0,1,0,1,1,0,1,0,0,0,1,1,0,0,2.357319942527681,0.6790119876889091
0.4947334008832543,0.0,1.1338675385298214,-1.9375899111105526,0.0,0.0,0.9824137546907391,0,1.5073644443344516,1,0,1,0,0,1,1,0,1,0,0,0,0,0,0,1,1,0,0,0,0,1,1,0,1,0,1,0,1,0,1,0,1,0,1,0,1,0,0,0,1,1,0,0,1,0,1.5872910928525845,-2.213655552020412
0.37743598227029396,0.0,-1.4591741486566596,0.6287713610382961,0.0,0.0,0.10137532978611936,0,-0.3716157367307745,1,0,1,0,0,1,1,0,1,0,0,0,0,0,1,0,0,1,0,1,0,0,0,1,1,0,1,0,0,1,1,0,1,0,1,0,0,1,0,1,0,1,0,0,1,0,-2.0854508936921983,-0.804806097829547
-0.6195920759398689,0.0,-0.7807545376518924,-0.869908696073317,0.0,0.0,1.863452179595359,0,1.1565209969786898,1,0,1,0,0,1,1,0,1,0,0,0,0,0,0,1,0,1,0,0,1,0,1,0,0,1,0,1,1,0,0,1,0,1,0,1,1,0,0,0,1,0,1,1,0,0,2.845238561782998,0.13095708436095868
-1.03013304108523,0.0,1.1786198838064268,1.2028038281759472,0.0,0.0,0.10137532978611936,1,0.003510431325028188,1,0,1,0,1,0,1,0,0,0,0,0,0,1,1,0,0,1,0,0,1,0,1,0,1,0,0,1,0,1,1,0,1,0,1,0,0,1,1,0,0,1,0,0,1,0,-1.2311128797476105,0.9689064482810353
-1.3233765876176309,0.0,-1.221143558562253,1.2654537340011538,0.0,0.0,0.9824137546907391,0,0.8818750525092627,0,1,1,0,0,1,1,0,1,0,0,0,0,0,1,0,0,1,0,1,0,0,0,1,1,0,1,0,1,0,1,0,0,1,0,1,1,0,1,0,0,0,1,1,0,0,-0.016555093395180354,-0.2100083529852623
0.37743598227029396,0.0,1.0975467945372148,0.037855076107910814,0.0,0.0,0.10137532978611936,0,0.7713468065642494,1,0,1,0,1,0,1,0,0,0,1,0,0,0,0,1,0,1,0,0,1,0,0,1,0,1,0,1,1,0,1,0,0,1,0,1,1,0,1,0,0,0,1,1,0,0,2.6454723670530482,0.2302573648109431
1.7263562963193377,0.0,-0.1970282949135649,0.65579761464225,0.0,0.0,0.10137532978611936,1,-0.2225700717443172,1,0,0,1,1,0,1,0,0,0,1,0,0,0,0,1,0,1,0,0,1,0,1,0,0,1,0,1,0,1,0,1,0,1,1,0,0,1,0,1,0,0,1,1,0,0,2.6149747879946275,0.6498050528142792
1.1398692032545361,0.0,-1.4591741486566596,-0.6980504063213363,0.0,0.0,-1.2201823075708103,1,-0.9058355921316722,1,0,0,1,1,0,1,0,0,0,0,0,1,0,1,0,0,1,0,1,0,0,1,0,1,0,1,0,1,0,1,0,0,1,1,0,0,1,1,0,0,0,1,1,0,0,-2.302391004567347,-0.6881561074655757
-1.6166201341500317,0.0,1.6481952168537033,1.2654537340011538,0.0,0.0,1.863452179595359,0,0.6557945494399173,0,1,1,0,0,1,0,1,1,0,0,0,0,0,1,0,0,1,0,0,1,0,1,0,1,0,1,0,1,0,0,1,1,0,1,0,0,1,1,0,0,0,1,1,0,0,-0.7227036210765229,0.9150382845097661
0.20148985435085345,0.0,0.15904471315681476,0.0949307535196783,0.0,0.0,0.10137532978611936,0,0.3133244540496867,1,0,1,0,0,1,0,1,0,1,0,0,0,0,0,1,0,1,0,0,1,0,0,1,0,1,0,1,0,1,0,1,0,1,0,1,0,1,0,0,1,1,0,1,0,0,3.197000745973591,0.40421122986632485
-0.15040240148802755,0.0,1.7831008373976727,0.6287713610382961,0.0,0.0,0.10137532978611936,0,0.9388138458748756,1,0,1,0,1,0,0,1,1,0,0,0,0,0,1,0,0,1,1,0,0,0,0,1,0,1,1,0,0,1,1,0,1,0,1,0,1,0,0,0,1,1,0,0,1,0,1.279406352193851,-0.43814422914866097
1.1985179125610164,0.0,0.501497442229967,0.7071612569928716,0.0,0.0,-1.2201823075708103,1,-1.0540439219215765,1,0,0,1,1,0,1,0,0,0,0,0,0,1,1,0,0,1,0,0,1,0,1,0,1,0,1,0,1,0,0,1,0,1,1,0,0,1,1,0,0,0,1,1,0,0,-2.0403719749389864,1.3547729912729867
0.37743598227029396,0.0,-1.4591741486566596,0.28848538496648446,0.0,0.0,0.9824137546907391,0,-0.050916356450925335,1,0,1,0,1,0,0,1,1,0,0,0,0,0,1,0,0,1,0,1,0,0,0,1,1,0,1,0,0,1,1,0,1,0,1,0,1,0,0,1,0,0,1,0,1,0,-2.0640188621500575,-0.7031560882604122
0.5533821101897345,0.0,1.3083368266371662,0.5414890984678798,0.0,0.0,-1.2201823075708103,1,1.0593901141785265,1,0,1,0,0,1,1,0,0,1,0,0,0,0,0,1,0,1,0,1,0,0,0,1,1,0,0,1,0,1,1,0,1,0,1,0,0,1,0,0,1,1,0,0,1,0,2.455775225733229,-1.010378031753104
-1.4993227155370714,0.0,0.516414890655502,1.2654537340011538,0.0,0.0,0.10137532978611936,0,-1.1160067264665081,0,1,1,0,0,1,0,1,0,0,0,0,0,1,0,1,0,1,0,0,1,0,1,0,1,0,0,1,1,0,0,1,1,0,1,0,0,1,0,1,0,0,1,1,0,0,-0.08696231375245783,1.0673926487125265
-1.1474304596981904,0.0,-0.6244456215408515,-1.9375899111105526,0.0,0.0,0.10137532978611936,0,0.8977844212437722,0,1,1,0,0,1,1,0,1,0,0,0,0,0,1,0,1,0,0,0,0,1,1,0,1,0,1,0,1,0,1,0,1,0,1,0,1,0,0,0,1,1,0,1,0,0,1.0382690794138583,-2.358753998065208
-0.5609433666333887,0.0,-0.569315920837787,-1.9375899111105526,0.0,0.0,0.10137532978611936,0,1.612031343903593,1,0,1,0,0,1,1,0,1,0,0,0,0,0,0,1,1,0,0,0,0,1,1,0,1,0,1,0,1,0,1,0,1,0,1,0,1,0,0,0,1,1,0,0,1,0,1.2341973877680927,-2.210898834597609
-0.32634852940746806,0.0,-0.2288089459070962,-0.869908696073317,0.0,0.0,-0.7796630951185004,1,1.0543661029992077,1,0,1,0,1,0,1,0,1,0,0,0,0,0,0,1,0,1,0,0,1,0,1,0,1,0,1,0,0,1,0,1,0,1,0,1,0,1,0,1,0,0,1,1,0,0,2.181800119729979,0.4575934370798489
-1.3233765876176309,0.0,0.9957189944150843,-1.9375899111105526,0.0,0.0,0.10137532978611936,1,-0.1338125409096853,0,1,1,0,0,1,1,0,0,0,1,0,0,0,1,0,1,0,0,0,0,1,1,0,1,0,1,0,1,0,1,0,1,0,1,0,1,0,0,1,0,1,0,1,0,0,0.7820864435681405,-1.935273647093199
-1.3233765876176309,0.0,1.6877588844170792,1.1055362911451465,0.0,0.0,0.9824137546907391,0,1.0392940694612514,0,1,1,0,1,0,1,0,0,1,0,0,0,0,0,1,0,1,0,0,1,0,0,1,0,1,0,1,0,1,0,1,0,1,0,1,1,0,0,0,1,0,1,1,0,0,3.3348706581876195,0.4695150204233005
0.6706795288026948,0.0,-0.9409549620478556,0.7071612569928716,0.0,0.0,0.10137532978611936,1,-1.4635008330360575,1,0,1,0,1,0,1,0,0,0,0,0,0,1,0,1,0,1,0,0,1,0,1,0,1,0,1,0,1,0,0,1,0,1,0,1,0,1,1,0,0,0,1,1,0,0,-2.2543838046994433,1.454690839063322
0.6120308194962146,0.0,-0.08806606293574379,-0.5576319593127251,0.0,0.0,0.9824137546907391,0,-0.9937557877697509,1,0,1,0,1,0,1,0,1,0,0,0,0,0,0,1,0,1,0,0,1,0,1,0,1,0,0,1,0,1,1,0,0,1,0,1,0,1,1,0,0,0,1,1,0,0,0.6302541932221657,1.0116913622391626
0.08419243573789313,0.0,-0.4168985130116683,0.14806693795787343,0.0,0.0,-1.2201823075708103,1,-1.4969942408981827,1,0,1,0,1,0,1,0,0,0,0,0,1,0,0,1,0,1,0,0,1,0,0,1,0,1,0,1,1,0,1,0,0,1,0,1,0,1,1,0,0,0,1,1,0,0,0.2699518630175086,1.2480319332869467
-0.20905111079450772,0.0,-1.4591741486566596,0.5716956836265287,0.0,0.0,-1.2201823075708103,1,0.46320745423269716,1,0,1,0,0,1,1,0,1,0,0,0,0,0,1,0,0,1,1,0,0,0,1,0,0,1,1,0,1,0,0,1,0,1,0,1,1,0,0,0,1,1,0,1,0,0,0.5660897554180732,-1.6614882687284243
-0.20905111079450772,0.0,0.43988189438536573,-0.6980504063213363,0.0,0.0,1.863452179595359,0,-1.6611119394225964,1,0,1,0,1,0,1,0,0,0,0,0,0,1,1,0,0,1,1,0,0,0,1,0,0,1,1,0,1,0,1,0,1,0,1,0,0,1,1,0,0,1,0,0,1,0,-2.1937499044743416,0.10251382166370497
-0.6195920759398689,0.0,1.5126410115955808,0.14806693795787343,0.0,0.0,0.9824137546907391,0,1.0811608292889079,1,0,1,0,1,0,1,0,1,0,0,0,0,0,0,1,0,1,0,0,1,0,1,0,0,1,0,1,1,0,0,1,0,1,0,1,0,1,0,0,1,0,1,1,0,0,2.948523740496758,0.27164375798885376
1.1985179125610164,0.0,-0.4668395360015029,0.6819075454764912,0.0,0.0,0.10137532978611936,0,0.10566532530451019,1,0,0,1,0,1,1,0,0,0,1,0,0,0,0,1,0,1,0,0,1,0,0,1,0,1,0,1,1,0,0,1,0,1,1,0,0,1,0,1,0,0,1,0,1,0,2.8093211820802524,0.38625604275289127
-0.8541869131657895,0.0,-1.3891269995280602,0.24446373527230422,0.0,0.0,0.9824137546907391,0,-0.48549332346200036,1,0,1,0,0,1,0,1,0,0,0,1,0,0,0,1,0,1,0,0,1,0,1,0,0,1,1,0,1,0,0,1,1,0,1,0,0,1,1,0,0,0,1,1,0,0,0.9596206739049812,0.30060085346202314
0.08419243573789313,0.0,1.7000819939859992,0.037855076107910814,0.0,0.0,0.10137532978611936,0,1.0334327230853795,1,0,1,0,0,1,0,1,0,0,0,0,1,0,0,1,0,1,0,0,1,0,1,0,1,0,0,1,1,0,0,1,1,0,1,0,0,1,1,0,0,0,1,1,0,0,0.6870590584593793,0.8994502191822664
1.6677075870128577,0.0,-0.09844341836220295,0.24446373527230422,0.0,0.0,-1.2201823075708103,1,-0.07603641234751926,1,0,0,1,1,0,1,0,1,0,0,0,0,0,0,1,0,1,0,0,1,0,1,0,1,0,1,0,0,1,0,1,0,1,1,0,0,1,1,0,0,1,0,1,0,0,1.3438021692440631,0.8289991178883446
1.6090588777063775,0.0,1.6144688117177113,-1.0914725668313427,0.0,0.0,-1.2201823075708103,1,-0.713248496924452,1,0,0,1,1,0,1,0,0,0,0,1,0,0,0,1,0,1,0,0,1,0,1,0,1,0,1,0,0,1,0,1,0,1,1,0,0,1,1,0,0,0,1,1,0,0,1.9529403582338833,0.6696596032499718
-0.678240785246349,0.0,-0.8430186702106474,1.1055362911451465,0.0,0.0,1.863452179595359,0,0.5243329235810757,1,0,1,0,0,1,0,1,1,0,0,0,0,0,0,1,0,1,0,0,1,0,1,0,0,1,1,0,0,1,1,0,1,0,1,0,0,1,0,1,0,1,0,1,0,0,1.7973195612307986,-0.0761577728190632
-0.3849972387139482,0.0,-1.2393039305585563,-1.9375899111105526,0.0,0.0,0.10137532978611936,0,-1.6368292187225557,1,0,1,0,1,0,1,0,0,0,0,0,0,1,0,1,1,0,0,0,0,1,1,0,1,0,1,0,1,0,1,0,1,0,1,0,1,0,1,0,0,0,1,0,1,0,-3.950940083242252,-0.5173974731357623
0.9052743660286154,0.0,-0.6043394954020868,-0.09080483414810245,0.0,0.0,0.10137532978611936,0,-0.9133716089006504,1,0,1,0,0,1,0,1,1,0,0,0,0,0,1,0,0,1,1,0,0,0,1,0,1,0,0,1,1,0,1,0,1,0,1,0,0,1,1,0,0,0,1,1,0,0,-0.2144783619980788,-0.404966173846592
0.37743598227029396,0.0,-1.4591741486566596,0.6819075454764912,0.0,0.0,-1.2201823075708103,1,0.35267920828768384,1,0,1,0,1,0,1,0,0,0,0,0,0,1,1,0,0,1,1,0,0,0,1,0,1,0,1,0,1,0,1,0,0,1,0,1,0,1,1,0,0,1,0,1,0,0,-3.900808761079532,-0.2512236151808532
-1.03013304108523,0.0,-0.37603767601998545,-1.9375899111105526,0.0,0.0,0.10137532978611936,0,1.0912088516475456,1,0,1,0,1,0,1,0,1,0,0,0,0,0,1,0,1,0,0,0,0,1,1,0,1,0,1,0,1,0,1,0,1,0,1,0,1,0,1,0,0,0,1,0,0,1,-3.249485069405527,-0.6883790669767659
0.729328238109175,0.0,0.9224289217157163,-1.9375899111105526,0.0,0.0,0.10137532978611936,0,0.2488496439150956,1,0,1,0,0,1,0,1,1,0,0,0,0,0,1,0,1,0,0,0,0,1,1,0,1,0,1,0,1,0,1,0,1,0,1,0,1,0,0,1,0,1,0,0,1,0,0.21680014076586318,-1.6592967990584142
-1.1474304596981904,0.0,1.1312731996732066,1.2157481529951086,0.0,0.0,-1.2201823075708103,1,-1.0691159554595326,0,1,1,0,1,0,1,0,1,0,0,0,0,0,1,0,0,1,1,0,0,0,1,0,1,0,1,0,1,0,1,0,1,0,0,1,0,1,1,0,0,0,1,0,0,1,-2.7968127885827894,0.06426741814751656
-0.03310498287506721,0.0,0.664292205482545,0.6007621217270765,0.0,0.0,-1.2201823075708103,1,-0.4327412060791531,1,0,1,0,1,0,1,0,1,0,0,0,0,0,1,0,0,1,0,1,0,0,1,0,1,0,1,0,1,0,0,1,1,0,1,0,0,1,1,0,0,0,1,0,1,0,-2.6545846416536625,0.34728899892821485
0.9639230753350957,0.0,1.3608721884836155,0.24446373527230422,0.0,0.0,-1.2201823075708103,1,0.17181480583220754,1,0,1,0,1,0,0,1,0,0,0,0,0,1,1,0,0,1,0,1,0,0,0,1,0,1,1,0,0,1,1,0,1,0,1,0,1,0,1,0,0,0,1,1,0,0,-2.4395869898599267,0.4857780563026065
-1.2060791690046706,0.0,0.777794530459442,1.120206624171783,0.0,0.0,-1.2201823075708103,1,-0.9510516927455412,0,1,1,0,1,0,1,0,1,0,0,0,0,0,0,1,0,1,0,0,1,0,1,0,1,0,1,0,1,0,1,0,1,0,0,1,0,1,1,0,0,1,0,0,1,0,-1.3550268536679342,0.8162754380944084
-0.20905111079450772,0.0,-1.3391859765382257,0.0949307535196783,0.0,0.0,1.863452179595359,0,1.3198013603065504,1,0,1,0,1,0,1,0,1,0,0,0,0,0,0,1,0,1,0,0,1,0,1,0,1,0,0,1,0,1,0,1,0,1,0,1,0,1,0,0,1,1,0,1,0,0,2.415223056420206,0.10155542776076583
-0.4436459480204284,0.0,0.7745516068886733,-1.9375899111105526,0.0,0.0,0.10137532978611936,0,-1.2910097825461124,1,0,1,0,0,1,0,1,0,0,0,1,0,0,1,0,1,0,0,0,0,1,1,0,1,0,1,0,1,0,1,0,1,0,1,0,1,0,0,0,1,1,0,0,1,0,-0.21347428122523504,-1.4433805002329838
1.7263562963193377,0.0,0.9963675791292378,0.36963080871589915,0.0,0.0,-0.7796630951185004,1,0.6490958678674923,1,0,0,1,0,1,1,0,1,0,0,0,0,0,1,0,0,1,0,0,1,0,1,0,1,0,1,0,1,0,1,0,1,0,1,0,1,0,1,0,0,0,1,1,0,0,0.04989636277373676,0.357578014825401
0.7879769474156552,0.0,1.2512613717916408,-0.43890985399893934,0.0,0.0,0.9824137546907391,0,-1.9047764816195576,1,0,1,0,1,0,1,0,1,0,0,0,0,0,1,0,0,1,0,1,0,0,1,0,0,1,1,0,0,1,1,0,0,1,0,1,1,0,0,1,0,0,1,1,0,0,0.3995095030667149,0.07520095239917274
-0.20905111079450772,0.0,0.6772638997656187,0.28848538496648446,0.0,0.0,0.10137532978611936,0,0.1358093923804229,1,0,1,0,0,1,1,0,1,0,0,0,0,0,0,1,0,1,0,0,1,0,1,0,0,1,1,0,0,1,1,0,0,1,0,1,0,1,0,1,0,1,0,1,0,0,2.3752790581253267,0.3013929413802878
0.9639230753350957,0.0,-0.5745045985510167,-0.1642097988027183,0.0,0.0,-0.7796630951185004,1,0.6884506221054895,1,0,1,0,0,1,1,0,0,0,0,0,1,0,0,1,0,1,0,0,1,0,1,0,0,1,1,0,1,0,1,0,0,1,0,1,0,1,1,0,0,0,1,1,0,0,0.2203135956466489,0.9394065575649996
-0.9128356224722697,0.0,-0.4655423665731956,-1.9375899111105526,0.0,0.0,1.863452179595359,0,1.579375271238021,1,0,1,0,1,0,1,0,0,1,0,0,0,0,1,0,1,0,0,0,0,1,1,0,1,0,1,0,1,0,1,0,1,0,1,0,1,0,0,0,1,1,0,1,0,0,0.9136022631476813,-2.2365497004737325
-0.5609433666333887,0.0,-1.4591741486566596,-0.6980504063213363,0.0,0.0,-0.7796630951185004,1,-1.0674412850664265,1,0,1,0,1,0,1,0,0,0,1,0,0,0,1,0,0,1,1,0,0,0,1,0,0,1,0,1,1,0,0,1,0,1,0,1,0,1,0,1,0,0,1,0,1,0,-0.15861181612874867,-0.9591648922444348
-0.9714843317787499,0.0,-0.297558925607388,-0.1642097988027183,0.0,0.0,-0.7796630951185004,1,-0.2384794404788267,1,0,1,0,0,1,1,0,1,0,0,0,0,0,0,1,0,1,0,0,1,0,1,0,1,0,0,1,1,0,0,1,1,0,1,0,0,1,1,0,0,1,0,1,0,0,0.442452190712144,0.7942161949184858
1.1398692032545361,0.0,-0.3332310848858414,0.6819075454764912,0.0,0.0,0.10137532978611936,1,0.9237418123369192,1,0,0,1,0,1,1,0,1,0,0,0,0,0,0,1,0,1,0,0,1,0,1,0,1,0,1,0,1,0,1,0,1,0,1,0,1,0,1,0,0,0,1,1,0,0,-2.3457777620187557,0.8902007402044791
0.4947334008832543,0.0,1.008690688698158,0.14806693795787343,0.0,0.0,0.10137532978611936,0,-1.1042840337147644,1,0,1,0,1,0,1,0,0,0,0,0,0,1,1,0,0,1,1,0,0,0,0,1,1,0,1,0,1,0,1,0,1,0,1,0,0,1,1,0,0,0,1,0,1,0,-2.6976772788104153,0.2215209088883869
1.1985179125610164,0.0,-0.7775116140811239,0.40720749028027037,0.0,0.0,0.9824137546907391,0,1.03092071749572,1,0,0,1,1,0,1,0,1,0,0,0,0,0,1,0,0,1,0,1,0,0,1,0,0,1,0,1,1,0,1,0,1,0,1,0,0,1,0,1,0,0,1,1,0,0,-0.5935029503552479,-0.09741700132428373
0.7879769474156552,0.0,0.7648228361763679,-1.9375899111105526,0.0,0.0,0.10137532978611936,0,0.9932406336508292,1,0,1,0,0,1,1,0,0,1,0,0,0,0,0,1,1,0,0,0,0,1,1,0,1,0,1,0,1,0,1,0,1,0,1,0,1,0,0,0,1,1,0,0,1,0,1.499038768250034,-2.1940450029949883
-0.8541869131657895,0.0,-0.24502356376093862,-0.09080483414810245,0.0,0.0,0.10137532978611936,0,1.388462846423907,1,0,1,0,1,0,0,1,1,0,0,0,0,0,0,1,0,1,0,0,1,0,1,0,0,1,1,0,1,0,0,1,1,0,1,0,0,1,1,0,0,0,1,1,0,0,1.6581004035073093,0.269780607468685
-0.9128356224722697,0.0,1.5807424065817188,-0.023791351794107286,0.0,0.0,0.10137532978611936,0,0.7746961473504619,1,0,1,0,0,1,1,0,1,0,0,0,0,0,1,0,0,1,0,0,1,0,1,0,0,1,1,0,1,0,0,1,0,1,0,1,0,1,0,1,0,0,1,0,1,0,2.9624015304497697,-0.0943450302062844
0.2601385636573336,0.0,1.6423579544263203,0.0949307535196783,0.0,0.0,-1.2201823075708103,1,-0.5893228878345886,1,0,1,0,1,0,1,0,1,0,0,0,0,0,0,1,0,1,0,0,1,0,1,0,1,0,1,0,1,0,1,0,1,0,1,0,0,1,1,0,0,0,1,1,0,0,-1.0341352960626358,0.7583730830141233
-0.9714843317787499,0.0,1.0047991804132361,0.5414890984678798,0.0,0.0,0.10137532978611936,0,1.1339129466717552,1,0,1,0,1,0,1,0,1,0,0,0,0,0,0,1,0,1,0,0,1,0,0,1,1,0,1,0,0,1,0,1,0,1,0,1,0,1,1,0,0,0,1,0,1,0,2.644646567309112,0.46523519030569815
1.785005005625818,0.0,0.6422403252013191,-0.33606808855469933,0.0,0.0,-0.7796630951185004,1,1.0987448684165237,1,0,0,1,1,0,1,0,1,0,0,0,0,0,0,1,0,1,0,0,1,0,1,0,1,0,1,0,1,0,1,0,1,0,1,0,0,1,1,0,0,1,0,0,1,0,-0.5476021595222932,0.6267764735319407
1.0225717846415758,0.0,0.3977238879653753,-0.33606808855469933,0.0,0.0,-1.2201823075708103,1,1.037619399068145,1,0,0,1,1,0,1,0,0,0,0,0,1,0,1,0,0,1,1,0,0,0,1,0,0,1,0,1,0,1,1,0,1,0,1,0,1,0,1,0,0,0,1,0,1,0,0.1331127635800444,0.7848588350330935
0.8466256567221353,0.0,0.21547158328818647,0.6007621217270765,0.0,0.0,-0.7796630951185004,1,-0.2719728483409519,1,0,1,0,1,0,1,0,0,1,0,0,0,0,1,0,0,1,1,0,0,0,1,0,0,1,0,1,1,0,0,1,0,1,0,1,0,1,1,0,0,1,0,1,0,0,2.7983354745605666,0.07974176907415051
0.9639230753350957,0.0,0.8867567624372631,-0.5576319593127251,0.0,0.0,0.10137532978611936,1,0.30997511326347416,1,0,1,0,1,0,1,0,0,0,0,1,0,0,0,1,0,1,0,0,1,0,1,0,1,0,1,0,1,0,1,0,1,0,1,0,0,1,1,0,0,1,0,1,0,0,1.5231067388119117,-0.07451680338224773
0.20148985435085345,0.0,-0.3351768390283026,0.14806693795787343,0.0,0.0,0.10137532978611936,1,-0.6638457203278173,1,0,1,0,1,0,1,0,0,0,0,0,0,1,1,0,0,1,0,0,1,0,1,0,1,0,1,0,1,0,1,0,0,1,0,1,0,1,1,0,0,0,1,1,0,0,-1.6998601829778868,1.0252553818500663
-0.03310498287506721,0.0,0.14672160358789466,-1.0914725668313427,0.0,0.0,0.10137532978611936,1,-0.11120449060275077,1,0,1,0,1,0,1,0,0,0,0,0,0,1,0,1,0,1,0,0,1,0,1,0,1,0,1,0,1,0,1,0,0,1,0,1,0,1,1,0,0,0,1,1,0,0,-0.325979614650114,0.9823384628028768
-1.03013304108523,0.0,0.7440681253234496,1.2654537340011538,0.0,0.0,0.10137532978611936,0,1.3080786675548064,1,0,1,0,0,1,1,0,1,0,0,0,0,0,0,1,0,1,0,1,0,0,0,1,1,0,0,1,1,0,0,1,0,1,0,1,0,1,0,1,0,0,1,1,0,0,1.7566056928242648,-0.014212082920844676
1.7263562963193377,0.0,-1.4591741486566596,-0.43890985399893934,0.0,0.0,0.10137532978611936,0,1.6580847797140152,1,0,0,1,0,1,1,0,1,0,0,0,0,0,1,0,0,1,1,0,0,0,0,1,1,0,0,1,0,1,0,1,0,1,1,0,0,1,0,0,1,0,1,0,1,0,0.5562211685764816,-0.9905709282192665
1.433112749786937,0.0,1.6644098347075458,-0.09080483414810245,0.0,0.0,1.863452179595359,0,0.9513738738231726,1,0,0,1,0,1,1,0,1,0,0,0,0,0,0,1,0,1,0,1,0,0,1,0,0,1,0,1,1,0,0,1,1,0,1,0,0,1,0,1,0,0,1,0,1,0,2.1818904949269675,-0.5717336230724095
-1.4406740062305912,0.0,0.3581602204019998,-1.9375899111105526,0.0,0.0,0.10137532978611936,1,-1.5422103415120518,0,1,1,0,1,0,1,0,1,0,0,0,0,0,1,0,1,0,0,0,0,1,1,0,1,0,1,0,1,0,1,0,1,0,1,0,1,0,1,0,0,1,0,0,0,1,-3.1040714871264634,-0.7247479637567698
-1.03013304108523,0.0,0.5948936410680994,1.2157481529951086,0.0,0.0,0.10137532978611936,1,0.1734894762253138,1,0,1,0,0,1,1,0,1,0,0,0,0,0,0,1,0,1,1,0,0,0,1,0,1,0,0,1,1,0,1,0,1,0,1,0,1,0,1,0,0,0,1,1,0,0,-0.27609038757533716,0.7436322450925179
1.4917614590934172,0.0,-1.2496812859850155,0.6007621217270765,0.0,0.0,0.10137532978611936,1,0.7696721361711432,1,0,0,1,1,0,1,0,1,0,0,0,0,0,0,1,0,1,0,0,1,0,1,0,0,1,0,1,1,0,0,1,0,1,1,0,0,1,1,0,0,0,1,0,1,0,0.7962249797467761,1.0282939076428894
1.3158153311739766,0.0,-0.9409549620478556,0.6287713610382961,0.0,0.0,0.10137532978611936,1,0.1676281298494419,1,0,0,1,1,0,1,0,1,0,0,0,0,0,1,0,0,1,0,0,1,0,1,0,0,1,1,0,1,0,1,0,1,0,1,0,0,1,1,0,0,0,1,0,1,0,-0.08495402087008658,0.4447344528682119
-0.5022946573269086,0.0,-0.13995284006803962,-0.33606808855469933,0.0,0.0,0.10137532978611936,1,-0.3649170551583495,1,0,1,0,1,0,1,0,1,0,0,0,0,0,1,0,0,1,0,0,1,0,1,0,1,0,1,0,1,0,1,0,0,1,0,1,0,1,1,0,0,0,1,1,0,0,-0.33439583983923293,0.7787532349914622
0.9639230753350957,0.0,-1.327511451683459,0.36963080871589915,0.0,0.0,-0.7796630951185004,1,1.2042491031822182,1,0,1,0,0,1,1,0,0,0,1,0,0,0,0,1,0,1,0,0,1,0,1,0,1,0,0,1,0,1,1,0,1,0,1,0,0,1,1,0,0,0,1,1,0,0,1.0909800160013927,0.14107247188018485
0.4947334008832543,0.0,-1.0097049417481476,-1.9375899111105526,0.0,0.0,1.863452179595359,0,1.2017370975925588,1,0,1,0,1,0,1,0,1,0,0,0,0,0,1,0,1,0,0,0,0,1,1,0,1,0,1,0,1,0,1,0,1,0,1,0,1,0,1,0,0,1,0,1,0,0,-2.3979785497130806,-0.880594658948012
-0.32634852940746806,0.0,-0.33906834731322466,-0.09080483414810245,0.0,0.0,-1.2201823075708103,1,1.18331572326839,1,0,1,0,1,0,1,0,0,0,0,0,0,1,1,0,0,1,0,0,1,0,1,0,1,0,1,0,1,0,1,0,1,0,1,0,0,1,1,0,0,0,1,0,0,1,-2.4945770589853966,0.827341297185887
0.7879769474156552,0.0,1.1559194188110473,0.33012629336122234,0.0,0.0,-1.2201823075708103,1,0.15674277229425118,1,0,1,0,1,0,1,0,1,0,0,0,0,0,0,1,0,1,0,0,1,0,0,1,1,0,1,0,1,0,1,0,1,0,1,0,0,1,1,0,0,0,1,0,1,0,-0.36611418750598357,0.7992023268195676
-0.9128356224722697,0.0,1.0385255855492281,0.5716956836265287,0.0,0.0,-0.7796630951185004,1,-1.600823805270771,1,0,1,0,1,0,1,0,0,0,0,0,0,1,0,1,0,1,0,0,1,0,1,0,1,0,1,0,1,0,0,1,0,1,0,1,0,1,1,0,0,0,1,1,0,0,-1.2699637506328827,1.4539779150676264
0.729328238109175,0.0,1.6190089047167873,-1.9375899111105526,0.0,0.0,0.10137532978611936,0,-0.9912437821800916,1,0,1,0,1,0,1,0,1,0,0,0,0,0,1,0,1,0,0,0,0,1,1,0,1,0,1,0,1,0,1,0,1,0,1,0,1,0,1,0,0,1,0,0,0,1,-1.8494815399594384,-0.8904773435528488
-1.4993227155370714,0.0,1.039174170263382,1.2157481529951086,0.0,0.0,-1.2201823075708103,1,1.0418060750509108,0,1,1,0,0,1,1,0,0,0,0,0,1,0,0,1,0,1,0,0,1,0,0,1,1,0,0,1,1,0,0,1,0,1,0,1,0,1,1,0,0,0,1,1,0,0,1.1723515349577582,1.1841805310523807
-0.20905111079450772,0.0,-1.4591741486566596,0.19777251896391848,0.0,0.0,0.9824137546907391,0,0.4506474262844002,1,0,1,0,0,1,1,0,1,0,0,0,0,0,1,0,0,1,0,1,0,0,1,0,0,1,0,1,0,1,0,1,0,1,0,1,0,1,0,0,1,1,0,0,1,0,0.7213402870256165,-1.283836921605215
1.6090588777063775,0.0,-1.2885963688342374,0.0949307535196783,0.0,0.0,0.10137532978611936,0,-0.9636117206938383,1,0,0,1,1,0,1,0,1,0,0,0,0,0,0,1,0,1,0,0,1,0,1,0,0,1,0,1,0,1,0,1,0,1,1,0,1,0,0,0,1,0,1,1,0,0,-0.0063089848540707665,1.5860198404738632
-1.6166201341500317,0.0,0.349080034403848,-1.9375899111105526,0.0,0.0,0.10137532978611936,0,-0.5868108822449293,0,1,1,0,1,0,1,0,1,0,0,0,0,0,1,0,1,0,0,0,0,1,1,0,1,0,1,0,1,0,1,0,1,0,1,0,1,0,1,0,0,1,0,1,0,0,-3.5878639268695194,-0.6609575948727738
0.4947334008832543,0.0,-0.4117098352984388,0.0949307535196783,0.0,0.0,0.10137532978611936,1,-0.6152802789277357,1,0,1,0,1,0,1,0,1,0,0,0,0,0,1,0,0,1,0,0,1,0,1,0,1,0,1,0,1,0,0,1,0,1,0,1,0,1,1,0,0,0,1,1,0,0,-1.310093165061658,1.2389629657731118
0.2601385636573336,0.0,-0.6983842789543728,0.7071612569928716,0.0,0.0,0.10137532978611936,0,0.6775652645502988,1,0,1,0,1,0,1,0,1,0,0,0,0,0,0,1,0,1,0,0,1,0,0,1,0,1,0,1,1,0,1,0,1,0,1,0,1,0,1,0,0,1,0,1,0,0,1.4405406305176454,0.4269776838487207
0.14284114504437329,0.0,-0.48370273856949914,-1.9375899111105526,0.0,0.0,0.9824137546907391,0,0.9069951084058566,1,0,1,0,0,1,0,1,1,0,0,0,0,0,0,1,1,0,0,0,0,1,1,0,1,0,1,0,1,0,1,0,1,0,1,0,1,0,0,0,1,1,0,0,1,0,-1.414302175791061,-0.8907844520445448
0.5533821101897345,0.0,-1.4591741486566596,0.6007621217270765,0.0,0.0,-0.7796630951185004,1,-1.7440081238813565,1,0,1,0,1,0,1,0,1,0,0,0,0,0,1,0,0,1,0,1,0,0,1,0,0,1,1,0,1,0,1,0,1,0,1,0,0,1,1,0,0,1,0,1,0,0,-0.7336763501742005,-1.6628796393866492
-1.3233765876176309,0.0,-0.2508608261883219,-1.9375899111105526,0.0,0.0,0.10137532978611936,0,-0.3063035913996303,0,1,1,0,0,1,0,1,0,0,0,0,0,1,1,0,1,0,0,0,0,1,1,0,1,0,1,0,1,0,1,0,1,0,1,0,1,0,1,0,0,0,1,1,0,0,-3.7084194453009327,-0.6419482624469133
-0.7955382038593094,0.0,1.7565088641173707,0.28848538496648446,0.0,0.0,-0.7796630951185004,1,-0.22173273654776407,1,0,1,0,1,0,1,0,1,0,0,0,0,0,1,0,0,1,0,1,0,0,1,0,1,0,1,0,1,0,1,0,1,0,1,0,0,1,1,0,0,0,1,0,1,0,-0.6779333652137894,-0.29908436752455086
-1.4406740062305912,0.0,-1.1270987750099666,0.7071612569928716,0.0,0.0,-0.7796630951185004,1,0.47074347100167535,0,1,1,0,1,0,1,0,0,0,0,0,0,1,1,0,0,1,0,1,0,0,1,0,1,0,1,0,1,0,1,0,1,0,0,1,0,1,1,0,0,1,0,0,1,0,-3.284429683542872,0.07067243696333245
0.20148985435085345,0.0,-0.11206369735943066,-1.9375899111105526,0.0,0.0,1.863452179595359,0,1.5199244722827485,1,0,1,0,1,0,1,0,0,1,0,0,0,0,0,1,1,0,0,0,0,1,1,0,1,0,1,0,1,0,1,0,1,0,1,0,1,0,0,0,1,0,1,0,1,0,1.171186098203832,-2.078183853069224
-0.7368894945528293,0.0,-0.2275117764787888,0.5100492557245105,0.0,0.0,-0.7796630951185004,1,0.9949153040439354,1,0,1,0,1,0,1,0,0,0,0,0,0,1,0,1,0,1,0,0,1,0,1,0,1,0,1,0,1,0,1,0,1,0,1,0,0,1,1,0,0,0,1,1,0,0,-0.660234028507644,0.6622073221517871
1.8436537149322982,0.0,1.3517920024854642,-1.0914725668313427,0.0,0.0,-0.7796630951185004,1,0.7671601305814838,1,0,0,1,1,0,1,0,1,0,0,0,0,0,1,0,0,1,0,0,1,0,1,0,1,0,1,0,1,0,0,1,1,0,1,0,0,1,1,0,0,0,1,1,0,0,-0.10495361285746753,0.7807811210033185
-1.675268843456512,0.0,0.3458371108330795,1.120206624171783,0.0,0.0,0.10137532978611936,0,0.4297140463705719,0,1,1,0,0,1,1,0,0,0,0,0,1,0,0,1,0,1,0,0,1,0,0,1,0,1,0,1,1,0,1,0,1,0,0,1,0,1,1,0,0,1,0,1,0,0,0.506785479000812,0.8977485229948461
-0.7368894945528293,0.0,-0.7781601987952776,0.037855076107910814,0.0,0.0,1.863452179595359,0,-0.018260283785353222,1,0,1,0,1,0,1,0,1,0,0,0,0,0,0,1,0,1,0,0,1,0,1,0,1,0,0,1,0,1,0,1,0,1,0,1,0,1,1,0,0,0,1,1,0,0,2.051889943099175,0.5676306177821597
-1.6166201341500317,0.0,1.225317983225493,1.0597702031126737,0.0,0.0,0.10137532978611936,0,1.254489214975406,0,1,1,0,1,0,0,1,1,0,0,0,0,0,1,0,0,1,1,0,0,0,1,0,1,0,1,0,0,1,1,0,0,1,0,1,0,1,1,0,0,0,1,0,1,0,-2.4940781102432528,0.4795632969706675
-1.1474304596981904,0.0,-1.0337025761718344,1.120206624171783,0.0,0.0,0.9824137546907391,0,0.960584560985257,0,1,1,0,1,0,1,0,1,0,0,0,0,0,1,0,0,1,0,1,0,0,1,0,1,0,1,0,1,0,0,1,1,0,1,0,0,1,0,1,0,1,0,0,1,0,-0.47399894212739424,-0.12059686352804712
-1.6166201341500317,0.0,-0.7716743516537407,1.2654537340011538,0.0,0.0,-1.2201823075708103,1,1.101256874006183,0,1,1,0,1,0,1,0,1,0,0,0,0,0,1,0,0,1,0,0,1,0,1,0,1,0,1,0,0,1,1,0,0,1,0,1,0,1,1,0,0,1,0,1,0,0,-1.3640120535842606,1.109333849348004
0.43608469157677415,0.0,-1.2308723292745583,1.1762436376404322,0.0,0.0,0.10137532978611936,0,0.8743390357402845,1,0,1,0,0,1,0,1,1,0,0,0,0,0,0,1,0,1,0,0,1,0,1,0,1,0,0,1,1,0,1,0,1,0,1,0,0,1,1,0,0,0,1,1,0,0,1.149948750499575,0.04318394108078071
-0.09175369218154737,0.0,-0.7165446509506764,0.14806693795787343,0.0,0.0,0.10137532978611936,0,0.6758905941571924,1,0,1,0,0,1,0,1,1,0,0,0,0,0,1,0,0,1,0,0,1,0,1,0,1,0,1,0,1,0,1,0,1,0,1,0,0,1,1,0,0,0,1,0,1,0,-2.6145750033343753,0.7754187200281888
1.1985179125610164,0.0,-1.2522756248416302,0.6007621217270765,0.0,0.0,0.9824137546907391,0,0.6616558958157892,1,0,0,1,0,1,1,0,1,0,0,0,0,0,0,1,0,1,1,0,0,0,0,1,0,1,1,0,0,1,1,0,1,0,1,0,0,1,0,0,1,1,0,1,0,0,-1.2380571402245166,0.31168413480498475
-1.6166201341500317,0.0,1.21429204308488,1.2654537340011538,0.0,0.0,0.10137532978611936,1,0.3970579737049998,0,1,1,0,0,1,1,0,0,0,0,0,1,0,0,1,0,1,1,0,0,0,1,0,1,0,0,1,1,0,0,1,0,1,0,1,0,1,0,1,0,0,1,0,1,0,0.15075796560176505,0.5133716271137195
0.9639230753350957,0.0,-0.12114388335758244,0.6007621217270765,0.0,0.0,0.9824137546907391,0,0.5879703985191137,1,0,1,0,0,1,0,1,0,1,0,0,0,0,0,1,0,1,0,1,0,0,0,1,0,1,0,1,0,1,0,1,0,1,0,1,0,1,0,0,1,0,1,0,1,0,2.755890833228803,-0.2984602631876564
0.8466256567221353,0.0,-0.22167451405140556,0.5414890984678798,0.0,0.0,-0.7796630951185004,1,0.8014908736401621,1,0,1,0,1,0,1,0,1,0,0,0,0,0,0,1,0,1,0,0,1,0,1,0,1,0,1,0,1,0,1,0,1,0,1,0,1,0,1,0,0,1,0,0,1,0,1.7181005328164742,-0.2884871326726397
1.785005005625818,0.0,1.1708368672365823,0.40720749028027037,0.0,0.0,1.863452179595359,0,1.751866321727966,1,0,0,1,0,1,1,0,1,0,0,0,0,0,1,0,0,1,0,1,0,0,1,0,0,1,0,1,0,1,1,0,1,0,1,0,0,1,0,1,0,0,1,1,0,0,2.2558468138790504,-1.0991334291487656
-0.03310498287506721,0.0,-1.2594100566973208,0.40720749028027037,0.0,0.0,0.10137532978611936,0,0.10566532530451019,1,0,1,0,0,1,1,0,1,0,0,0,0,0,0,1,0,1,0,0,1,0,1,0,0,1,1,0,0,1,0,1,1,0,1,0,0,1,0,0,1,0,1,0,1,0,2.327708086051044,-0.22972418847527296
1.8436537149322982,0.0,0.6565091889127004,-1.0914725668313427,0.0,0.0,0.9824137546907391,0,-1.1930415645493961,1,0,0,1,0,1,1,0,0,0,0,0,0,1,1,0,0,1,0,0,1,0,1,0,1,0,1,0,1,0,1,0,1,0,1,0,0,1,0,0,1,0,1,1,0,0,-1.7317893643142146,0.6848204968642558
-1.0887817503917103,0.0,-1.2730303356945485,1.1055362911451465,0.0,0.0,-1.2201823075708103,1,0.24801230871854246,0,1,1,0,0,1,1,0,1,0,0,0,0,0,0,1,0,1,0,0,1,0,0,1,0,1,0,1,1,0,0,1,1,0,0,1,0,1,1,0,0,0,1,1,0,0,1.6700452146501998,0.41058561275350064
-1.0887817503917103,0.0,0.3970753032512217,0.6007621217270765,0.0,0.0,0.10137532978611936,1,-1.5514210286741363,0,1,1,0,1,0,1,0,1,0,0,0,0,0,0,1,0,1,0,0,1,0,1,0,1,0,1,0,1,0,1,0,1,0,0,1,0,1,1,0,0,0,1,1,0,0,-0.6220592731986034,0.6358346478801963
-0.15040240148802755,0.0,1.0579831269738393,0.65579761464225,0.0,0.0,-1.2201823075708103,1,1.1816410528752836,1,0,1,0,0,1,1,0,1,0,0,0,0,0,1,0,0,1,0,0,1,0,1,0,0,1,0,1,0,1,1,0,1,0,1,0,0,1,1,0,0,1,0,1,0,0,0.931991818889325,0.5297549605981489
-0.20905111079450772,0.0,1.0300939842652304,0.5100492557245105,0.0,0.0,-0.7796630951185004,1,0.08556928058723504,1,0,1,0,1,0,1,0,1,0,0,0,0,0,0,1,0,1,0,0,1,0,1,0,1,0,1,0,1,0,1,0,1,0,1,0,1,0,1,0,0,0,1,1,0,0,-1.2460559090944323,0.8668805356280963
-1.2060791690046706,0.0,-0.9078771416260171,1.2157481529951086,0.0,0.0,-1.2201823075708103,1,1.2335558350615778,0,1,1,0,0,1,1,0,1,0,0,0,0,0,1,0,0,1,0,0,1,0,1,0,0,1,1,0,1,0,1,0,1,0,0,1,0,1,1,0,0,0,1,1,0,0,-2.029820678510821,0.8036489085392947
-0.8541869131657895,0.0,1.2266151526538,0.7071612569928716,0.0,0.0,1.863452179595359,0,0.7738588121539088,1,0,1,0,0,1,0,1,0,0,0,1,0,0,0,1,0,1,0,1,0,0,1,0,1,0,1,0,1,0,1,0,1,0,1,0,0,1,1,0,0,1,0,0,1,0,0.5806984305375273,-0.5786446794605278
-1.2060791690046706,0.0,0.533278093223498,0.9591705620964788,0.0,0.0,-1.2201823075708103,1,-1.0548812571181294,0,1,1,0,1,0,1,0,1,0,0,0,0,0,0,1,0,1,0,0,1,0,1,0,1,0,1,0,0,1,0,1,0,1,0,1,0,1,1,0,0,1,0,1,0,0,1.761919099019986,0.669454753375526
-1.1474304596981904,0.0,0.7550940654640625,1.2654537340011538,0.0,0.0,-1.2201823075708103,1,1.3156146843237846,0,1,1,0,0,1,1,0,0,0,1,0,0,0,0,1,0,1,0,0,1,0,1,0,0,1,1,0,0,1,0,1,0,1,0,1,0,1,1,0,0,1,0,1,0,0,2.37876676937746,0.5403685719128561
-1.0887817503917103,0.0,-1.4591741486566596,1.2654537340011538,0.0,0.0,0.9824137546907391,0,0.5042368788638005,0,1,1,0,1,0,1,0,0,0,1,0,0,0,1,0,0,1,0,1,0,0,0,1,1,0,0,1,1,0,1,0,0,1,0,1,0,1,0,1,0,0,1,1,0,0,0.1412737942599453,-1.5727866928359788
1.8436537149322982,0.0,-0.6750352292448398,0.19777251896391848,0.0,0.0,1.863452179595359,0,-0.9217449608661816,1,0,0,1,1,0,1,0,1,0,0,0,0,0,0,1,0,1,0,1,0,0,1,0,1,0,1,0,0,1,1,0,0,1,0,1,0,1,0,0,1,0,1,1,0,0,0.44475933530164935,-0.06512510246056966
-0.20905111079450772,0.0,-1.4591741486566596,0.24446373527230422,0.0,0.0,0.10137532978611936,0,0.39287129772223417,1,0,1,0,0,1,1,0,0,1,0,0,0,0,1,0,0,1,0,1,0,0,0,1,0,1,0,1,0,1,1,0,1,0,1,0,0,1,0,0,1,0,1,1,0,0,0.5115451965680047,-1.7086726601164666
1.8436537149322982,0.0,1.6118744728610965,0.6819075454764912,0.0,0.0,0.10137532978611936,1,-0.8338247652281029,1,0,0,1,1,0,1,0,1,0,0,0,0,0,0,1,0,1,0,0,1,0,1,0,0,1,1,0,1,0,0,1,0,1,0,1,0,1,1,0,0,0,1,1,0,0,-0.22331634325096747,1.3918699285520986
-1.1474304596981904,0.0,-1.4591741486566596,1.1346027292456944,0.0,0.0,0.10137532978611936,1,-1.0230625196491105,0,1,1,0,1,0,1,0,0,0,0,0,1,0,1,0,0,1,1,0,0,0,1,0,1,0,1,0,1,0,1,0,0,1,0,1,0,1,1,0,0,0,1,1,0,0,-2.043579611798144,-0.7648673826814925
-0.15040240148802755,0.0,0.2517923272807934,0.5716956836265287,0.0,0.0,0.9824137546907391,0,0.7805574937263339,1,0,1,0,1,0,1,0,1,0,0,0,0,0,1,0,0,1,0,1,0,0,1,0,1,0,1,0,0,1,1,0,1,0,1,0,0,1,1,0,0,0,1,0,0,1,-1.8843497291441573,0.09570939823620336
-0.3849972387139482,0.0,-1.4591741486566596,0.5716956836265287,0.0,0.0,0.10137532978611936,0,-0.9627743854972851,1,0,1,0,1,0,0,1,1,0,0,0,0,0,1,0,0,1,0,1,0,0,0,1,0,1,0,1,1,0,1,0,1,0,1,0,0,1,1,0,0,0,1,1,0,0,-0.4657557461613751,-1.3293360175797058
-0.3849972387139482,0.0,-1.2516270401274765,0.5100492557245105,0.0,0.0,1.863452179595359,0,0.5955064152880919,1,0,1,0,0,1,1,0,0,1,0,0,0,0,0,1,0,1,0,1,0,0,1,0,0,1,0,1,0,1,0,1,0,1,0,1,0,1,0,0,1,1,0,1,0,0,2.1631804880944645,-0.3737786895462048
-0.5022946573269086,0.0,1.2797990992144033,0.7071612569928716,0.0,0.0,0.9824137546907391,0,-0.25941282039265495,1,0,1,0,0,1,1,0,0,1,0,0,0,0,0,1,0,1,0,0,1,0,1,0,0,1,0,1,1,0,0,1,0,1,0,1,0,1,1,0,0,0,1,1,0,0,3.0045416564066554,0.2549660822104161
-0.20905111079450772,0.0,1.4296221681839074,-1.9375899111105526,0.0,0.0,0.10137532978611936,0,0.551964985067329,1,0,1,0,0,1,0,1,0,0,0,1,0,0,1,0,1,0,0,0,0,1,1,0,1,0,1,0,1,0,1,0,1,0,1,0,1,0,1,0,0,1,0,0,1,0,0.10156471446046748,-1.5362890806650598
-0.3849972387139482,0.0,-0.5096461271356469,0.36963080871589915,0.0,0.0,0.9824137546907391,0,0.8023282088367153,1,0,1,0,0,1,0,1,0,0,1,0,0,0,1,0,0,1,0,1,0,0,1,0,0,1,1,0,1,0,1,0,1,0,1,0,0,1,1,0,0,1,0,0,0,1,0.9273109138825646,-0.8932626457265919
-0.09175369218154737,0.0,-1.4591741486566596,0.28848538496648446,0.0,0.0,0.9824137546907391,0,0.5988557560743044,1,0,1,0,0,1,1,0,0,1,0,0,0,0,1,0,0,1,0,1,0,0,0,1,0,1,0,1,0,1,1,0,1,0,1,0,0,1,0,0,1,1,0,0,1,0,0.45689111728981835,-1.7920295807536666
-1.2060791690046706,0.0,1.12478735253167,0.9591705620964788,0.0,0.0,0.9824137546907391,0,-0.25606347960644243,0,1,1,0,1,0,1,0,1,0,0,0,0,0,1,0,0,1,1,0,0,0,1,0,0,1,0,1,1,0,1,0,1,0,1,0,0,1,1,0,0,0,1,0,1,0,0.5582584260743821,-0.3913894944130727
0.6706795288026948,0.0,-1.0602945494521359,-0.5576319593127251,0.0,0.0,0.10137532978611936,0,1.3859508408342476,1,0,1,0,0,1,1,0,1,0,0,0,0,0,0,1,0,1,0,0,1,0,0,1,0,1,0,1,0,1,1,0,0,1,0,1,0,1,0,0,1,1,0,1,0,0,2.7667399110917907,0.1146998300810977
-0.32634852940746806,0.0,-0.5796932762642463,0.28848538496648446,0.0,0.0,1.863452179595359,0,-1.2985457993150906,1,0,1,0,1,0,1,0,0,0,0,0,1,0,1,0,0,1,1,0,0,0,1,0,1,0,1,0,1,0,0,1,0,1,0,1,0,1,1,0,0,0,1,1,0,0,-0.5145177364036799,0.25231851803344607
0.7879769474156552,0.0,-0.7827002917943535,-0.6980504063213363,0.0,0.0,0.10137532978611936,1,0.9103444491920691,1,0,1,0,0,1,1,0,0,0,0,1,0,0,1,0,0,1,0,0,1,0,1,0,1,0,1,0,1,0,1,0,1,0,1,0,1,0,1,0,0,0,1,1,0,0,0.9421120718063148,-0.14543915468745217
0.5533821101897345,0.0,-1.3806953982440622,0.24446373527230422,0.0,0.0,-1.2201823075708103,1,-0.46623461394127835,1,0,1,0,0,1,1,0,0,0,0,0,1,0,0,1,0,1,0,0,1,0,0,1,1,0,0,1,1,0,0,1,0,1,0,1,0,1,1,0,0,0,1,1,0,0,0.4872439904641423,1.098174279365449
-0.20905111079450772,0.0,0.84589592544558,0.6287713610382961,0.0,0.0,0.10137532978611936,1,-0.936816994404138,1,0,1,0,1,0,1,0,1,0,0,0,0,0,0,1,0,1,0,0,1,0,1,0,1,0,1,0,1,0,1,0,1,0,1,0,0,1,1,0,0,0,1,1,0,0,-1.3515258143525892,0.79299484867413
-0.26769982010098786,0.0,0.9114029815751034,0.40720749028027037,0.0,0.0,0.10137532978611936,0,0.10733999569761644,1,0,1,0,0,1,1,0,1,0,0,0,0,0,0,1,0,1,0,0,1,0,0,1,0,1,0,1,0,1,1,0,1,0,1,0,0,1,0,0,1,1,0,0,1,0,2.829634947245177,-0.001854199358189878
-1.03013304108523,0.0,0.4022639809644512,1.2654537340011538,0.0,0.0,-1.2201823075708103,1,0.7805574937263339,1,0,1,0,1,0,1,0,0,0,0,0,0,1,1,0,0,1,0,0,1,0,1,0,1,0,1,0,1,0,1,0,1,0,1,0,0,1,1,0,0,0,1,1,0,0,-2.4055076062827903,0.7755738394004369
-0.15040240148802755,0.0,1.5535018485872638,0.6007621217270765,0.0,0.0,0.9824137546907391,0,1.2963559748030626,1,0,1,0,0,1,0,1,0,1,0,0,0,0,0,1,0,1,0,0,1,0,1,0,0,1,0,1,0,1,0,1,0,1,0,1,1,0,0,1,0,0,1,1,0,0,3.1644889670786713,0.29632043281597686
-0.20905111079450772,0.0,1.604740041005406,-1.9375899111105526,0.0,0.0,0.10137532978611936,0,0.35267920828768384,1,0,1,0,0,1,1,0,1,0,0,0,0,0,1,0,1,0,0,0,0,1,1,0,1,0,1,0,1,0,1,0,1,0,1,0,1,0,0,0,1,1,0,1,0,0,1.4562914151229962,-2.358382017288109
0.5533821101897345,0.0,1.0190680441246174,-0.5576319593127251,0.0,0.0,0.9824137546907391,0,1.0300833822991668,1,0,1,0,1,0,1,0,1,0,0,0,0,0,1,0,0,1,0,1,0,0,0,1,1,0,0,1,0,1,0,1,0,1,0,1,0,1,0,1,0,0,1,1,0,0,1.692547002091983,0.019983920825198884
0.7879769474156552,0.0,-1.4591741486566596,0.0949307535196783,0.0,0.0,-0.7796630951185004,1,1.1087928907751612,1,0,1,0,0,1,1,0,1,0,0,0,0,0,1,0,0,1,0,1,0,0,1,0,0,1,0,1,0,1,0,1,0,1,0,1,0,1,0,1,0,0,1,1,0,0,0.27345687088396087,-0.9643354209341245
-0.6195920759398689,0.0,1.3537377566279247,0.037855076107910814,0.0,0.0,0.10137532978611936,0,-1.3747433022014255,1,0,1,0,1,0,1,0,1,0,0,0,0,0,0,1,0,1,0,0,1,0,1,0,1,0,1,0,0,1,1,0,0,1,0,1,0,1,1,0,0,0,1,1,0,0,-0.39822213825856495,1.0830780894900995
1.374464040480457,0.0,-1.4591741486566596,0.44303577337051536,0.0,0.0,0.9824137546907391,0,1.6405007405863994,1,0,0,1,0,1,1,0,0,0,1,0,0,0,1,0,0,1,0,1,0,0,1,0,0,1,1,0,1,0,1,0,1,0,1,0,0,1,1,0,0,0,1,0,1,0,-0.6122143596462817,-1.790763271582537
-0.6195920759398689,0.0,1.128678860816592,0.6287713610382961,0.0,0.0,1.863452179595359,0,0.6784025997468518,1,0,1,0,1,0,0,1,0,0,0,1,0,0,1,0,0,1,0,1,0,0,1,0,0,1,1,0,0,1,1,0,1,0,1,0,0,1,0,1,0,0,1,0,1,0,0.47119258166675365,-0.36389264975388397
0.8466256567221353,0.0,0.007275890044849621,-0.023791351794107286,0.0,0.0,-1.2201823075708103,1,-0.3674290607480089,1,0,1,0,0,1,1,0,1,0,0,0,0,0,0,1,0,1,0,0,1,0,1,0,1,0,1,0,1,0,0,1,1,0,1,0,1,0,1,0,0,0,1,1,0,0,-0.45540889083214525,1.0053708655752513
0.2601385636573336,0.0,-1.2367095917019415,-1.9375899111105526,0.0,0.0,1.863452179595359,0,0.3886846217394685,1,0,1,0,1,0,1,0,0,1,0,0,0,0,1,0,1,0,0,0,0,1,1,0,1,0,1,0,1,0,1,0,1,0,1,0,1,0,0,0,1,1,0,1,0,0,0.6778267513875739,-2.3516707876436733
1.374464040480457,0.0,-0.7126531426657542,0.44303577337051536,0.0,0.0,0.9824137546907391,0,-1.4902955593257576,1,0,0,1,1,0,1,0,0,0,0,0,0,1,1,0,0,1,0,1,0,0,1,0,1,0,1,0,1,0,1,0,1,0,1,0,0,1,0,0,1,1,0,1,0,0,-3.113292279286436,0.091048632506832
-0.8541869131657895,0.0,-0.21389149748156114,-0.33606808855469933,0.0,0.0,-1.2201823075708103,1,0.8475443094505843,1,0,1,0,0,1,1,0,0,0,0,0,1,0,0,1,0,1,0,0,1,0,0,1,0,1,0,1,1,0,0,1,1,0,1,0,0,1,1,0,0,0,1,1,0,0,1.0018899771627423,0.9828095768643342
0.6706795288026948,0.0,0.5306837543668833,0.33012629336122234,0.0,0.0,0.10137532978611936,0,0.13497205718386976,1,0,1,0,0,1,1,0,1,0,0,0,0,0,0,1,0,1,1,0,0,0,0,1,0,1,0,1,0,1,0,1,0,1,0,1,0,1,0,0,1,1,0,0,1,0,2.7612431449003894,-0.4270092814175297
-0.03310498287506721,0.0,0.7330421851828366,0.28848538496648446,0.0,0.0,0.9824137546907391,0,-1.71553872719855,1,0,1,0,1,0,1,0,1,0,0,0,0,0,0,1,0,1,1,0,0,0,0,1,1,0,1,0,1,0,1,0,1,0,1,0,1,0,1,0,0,1,0,0,1,0,0.07198999743707664,-0.16390102170316181
-1.6166201341500317,0.0,0.4852828243761245,1.2654537340011538,0.0,0.0,-0.7796630951185004,1,1.1238649243131176,0,1,1,0,1,0,1,0,0,0,0,0,0,1,0,1,0,1,0,0,1,0,1,0,1,0,1,0,1,0,1,0,1,0,0,1,0,1,1,0,0,0,1,1,0,0,-1.1162427787911444,0.6815418388143814
-1.6166201341500317,0.0,-0.32933957660091906,1.2157481529951086,0.0,0.0,0.10137532978611936,0,-1.8763070849367511,0,1,1,0,1,0,1,0,1,0,0,0,0,0,1,0,0,1,0,1,0,0,0,1,1,0,1,0,1,0,1,0,1,0,1,0,0,1,1,0,0,0,1,0,1,0,-1.9527791612170544,0.07632001433818571
1.8436537149322982,0.0,0.7466624641800643,0.33012629336122234,0.0,0.0,-0.7796630951185004,1,0.3158364596393461,1,0,0,1,1,0,1,0,1,0,0,0,0,0,0,1,0,1,0,0,1,0,1,0,0,1,1,0,1,0,0,1,1,0,1,0,0,1,1,0,0,0,1,1,0,0,0.2853056833720505,1.011621561164263
-0.09175369218154737,0.0,-0.5329951768451802,0.44303577337051536,0.0,0.0,-1.2201823075708103,1,0.5092608900431194,1,0,1,0,1,0,1,0,0,0,0,0,0,1,0,1,0,1,0,0,1,0,1,0,1,0,1,0,1,0,1,0,0,1,0,1,0,1,1,0,0,0,1,1,0,0,-1.3239147640170204,1.1016943077675652
-0.32634852940746806,0.0,-1.4591741486566596,0.14806693795787343,0.0,0.0,0.10137532978611936,0,1.6446874165691652,1,0,1,0,1,0,1,0,0,0,1,0,0,0,1,0,0,1,1,0,0,0,1,0,0,1,1,0,1,0,1,0,1,0,1,0,0,1,0,1,0,1,0,0,0,1,-0.5188111261959502,-1.800663340180223
-0.6195920759398689,0.0,1.6579239875660092,-1.9375899111105526,0.0,0.0,1.863452179595359,0,-1.8026215876400755,1,0,1,0,0,1,1,0,1,0,0,0,0,0,1,0,1,0,0,0,0,1,1,0,1,0,1,0,1,0,1,0,1,0,1,0,1,0,0,1,0,1,0,0,1,0,-0.445376457532624,-1.2963616834334888
-1.1474304596981904,0.0,-0.08482313936497526,-1.9375899111105526,0.0,0.0,0.9824137546907391,0,0.430551381567125,0,1,1,0,1,0,1,0,1,0,0,0,0,0,1,0,1,0,0,0,0,1,1,0,1,0,1,0,1,0,1,0,1,0,1,0,1,0,0,1,0,1,0,0,0,1,-0.3425742894800454,-1.4372855298505358
-1.4993227155370714,0.0,0.8134666897378952,1.2654537340011538,0.0,0.0,-0.7796630951185004,1,1.3365480642376129,0,1,1,0,0,1,1,0,1,0,0,0,0,0,1,0,0,1,0,1,0,0,1,0,0,1,1,0,1,0,0,1,0,1,0,1,0,1,0,1,0,0,1,1,0,0,0.5795210312105908,0.1329106591118267
-0.7368894945528293,0.0,-1.1504478247194998,1.2028038281759472,0.0,0.0,0.10137532978611936,0,1.4060468855515227,1,0,1,0,1,0,0,1,1,0,0,0,0,0,0,1,0,1,0,0,1,0,0,1,0,1,0,1,1,0,0,1,0,1,0,1,0,1,0,1,0,0,1,0,1,0,2.0213301739764624,0.6882941875282296
0.6120308194962146,0.0,-0.5420753628433318,0.65579761464225,0.0,0.0,-1.2201823075708103,1,-0.8815528714316314,1,0,1,0,1,0,1,0,0,0,0,0,0,1,1,0,0,1,0,0,1,0,1,0,1,0,0,1,1,0,1,0,0,1,0,1,0,1,1,0,0,0,1,1,0,0,-1.7053936336682785,1.173940512984774
1.4917614590934172,0.0,0.4976059339450448,-0.43890985399893934,0.0,0.0,-1.2201823075708103,1,1.0133366783681044,1,0,0,1,1,0,1,0,0,0,0,0,0,1,0,1,0,1,0,0,1,0,1,0,1,0,1,0,1,0,0,1,0,1,1,0,0,1,1,0,0,0,1,1,0,0,-1.968459044446769,1.4804807038157186
0.4947334008832543,0.0,-1.0058134334632254,0.4772711516590301,0.0,0.0,0.10137532978611936,0,-0.8195900668866997,1,0,1,0,0,1,1,0,1,0,0,0,0,0,1,0,0,1,0,0,1,0,1,0,1,0,0,1,0,1,1,0,0,1,0,1,1,0,1,0,0,0,1,1,0,0,1.3462419905865182,0.3868512631707784
1.1985179125610164,0.0,0.23428053999864362,-0.6980504063213363,0.0,0.0,-1.2201823075708103,1,0.8944350804575597,1,0,0,1,1,0,1,0,1,0,0,0,0,0,1,0,0,1,0,0,1,0,1,0,1,0,1,0,1,0,0,1,0,1,0,1,1,0,1,0,0,0,1,1,0,0,0.32496867616575315,0.9534199524987914
0.14284114504437329,0.0,-0.22102592933725176,-1.9375899111105526,0.0,0.0,0.9824137546907391,0,1.1238649243131176,1,0,1,0,0,1,0,1,1,0,0,0,0,0,0,1,1,0,0,0,0,1,1,0,1,0,1,0,1,0,1,0,1,0,1,0,1,0,0,0,1,1,0,1,0,0,1.1733056898720888,-2.1057241203539805
-1.6166201341500317,0.0,0.7550940654640625,0.6007621217270765,0.0,0.0,-1.2201823075708103,1,1.1674063545338804,0,1,1,0,0,1,1,0,1,0,0,0,0,0,0,1,0,1,0,0,1,0,1,0,0,1,0,1,1,0,0,1,0,1,0,1,0,1,1,0,0,0,1,1,0,0,2.9332964021824006,0.28117024479220903
1.8436537149322982,0.0,-0.08741747822159023,-0.1642097988027183,0.0,0.0,-0.7796630951185004,1,0.4129673424395093,1,0,0,1,1,0,1,0,1,0,0,0,0,0,0,1,0,1,0,0,1,0,1,0,1,0,1,0,1,0,0,1,0,1,1,0,0,1,1,0,0,0,1,1,0,0,0.8503349268265465,0.8780943505726174
0.9639230753350957,0.0,-0.9052828027694023,-1.9375899111105526,0.0,0.0,0.9824137546907391,0,-1.2382576651632653,1,0,1,0,1,0,1,0,0,0,0,0,1,0,1,0,1,0,0,0,0,1,1,0,1,0,1,0,1,0,1,0,1,0,1,0,1,0,1,0,0,1,0,0,1,0,-1.5075341813804735,-1.1140342970571984
1.0225717846415758,0.0,0.7888204706000546,-0.869908696073317,0.0,0.0,-1.2201823075708103,1,-1.9340832134989172,1,0,0,1,0,1,1,0,1,0,0,0,0,0,0,1,0,1,0,0,1,0,1,0,1,0,0,1,1,0,0,1,0,1,0,1,0,1,1,0,0,0,1,1,0,0,-0.08291021386424276,1.466558829419504
-1.6166201341500317,0.0,-1.047322855169062,1.2654537340011538,0.0,0.0,-1.2201823075708103,1,-0.2870448818789083,0,1,1,0,0,1,1,0,0,0,0,0,0,1,1,0,0,1,1,0,0,0,0,1,0,1,0,1,0,1,1,0,1,0,1,0,0,1,1,0,0,1,0,0,0,1,-0.8019753443384022,0.28456959157602796
0.5533821101897345,0.0,-0.42662728372397374,-0.023791351794107286,0.0,0.0,-1.2201823075708103,1,1.3708788072962912,1,0,1,0,1,0,1,0,0,0,0,0,0,1,1,0,0,1,0,0,1,0,1,0,1,0,1,0,1,0,1,0,1,0,1,0,0,1,1,0,0,0,1,1,0,0,-2.536875393959503,0.7898647977250248
-0.7368894945528293,0.0,-0.8423700854964936,-0.33606808855469933,0.0,0.0,-0.7796630951185004,1,-1.6368292187225557,1,0,1,0,0,1,1,0,1,0,0,0,0,0,1,0,0,1,0,0,1,0,0,1,1,0,0,1,0,1,0,1,0,1,0,1,0,1,0,1,0,0,1,0,1,0,1.7173083200361317,0.7779576510527544
-1.3233765876176309,0.0,-0.6685493821033028,0.9591705620964788,0.0,0.0,-1.2201823075708103,1,0.18270016338739825,0,1,1,0,1,0,1,0,0,1,0,0,0,0,0,1,0,1,0,0,1,0,0,1,1,0,1,0,0,1,0,1,0,1,0,1,0,1,0,0,1,0,1,0,1,0,2.814465902600375,0.12228365158093975
-1.0887817503917103,0.0,0.3464856955472333,1.2157481529951086,0.0,0.0,0.10137532978611936,0,-1.3295272015875566,0,1,1,0,1,0,1,0,0,0,0,0,1,0,1,0,0,1,1,0,0,0,1,0,0,1,1,0,1,0,0,1,1,0,1,0,0,1,0,1,0,0,1,1,0,0,-0.3631426537002195,0.14603907536318975
0.37743598227029396,0.0,0.8517331878729636,0.33012629336122234,0.0,0.0,-0.7796630951185004,1,0.4992128676844818,1,0,1,0,1,0,1,0,0,0,0,0,1,0,0,1,0,1,0,0,1,0,1,0,1,0,1,0,1,0,0,1,0,1,0,1,0,1,1,0,0,1,0,1,0,0,0.16210234635929083,1.181757872812222
-1.3233765876176309,0.0,-1.0680775660219801,1.0597702031126737,0.0,0.0,-0.7796630951185004,1,-1.7892242244952254,0,1,1,0,1,0,1,0,0,0,0,0,1,0,0,1,0,1,0,0,1,0,1,0,1,0,1,0,1,0,1,0,1,0,0,1,0,1,1,0,0,0,1,0,0,1,-0.29746172380818675,0.4789920785393877
-1.2060791690046706,0.0,0.12337255387836137,1.2654537340011538,0.0,0.0,0.10137532978611936,1,-0.8371741060143154,0,1,1,0,1,0,1,0,1,0,0,0,0,0,0,1,0,1,0,0,1,0,1,0,1,0,1,0,1,0,0,1,1,0,0,1,0,1,1,0,0,0,1,1,0,0,0.5523407994383898,0.6807962017391589
0.8466256567221353,0.0,1.4737259287463589,0.19777251896391848,0.0,0.0,0.10137532978611936,0,1.024222035923295,1,0,1,0,1,0,1,0,0,0,1,0,0,0,1,0,0,1,0,0,1,0,1,0,0,1,1,0,0,1,0,1,1,0,1,0,0,1,0,1,0,0,1,1,0,0,1.9087665685412245,0.3070544422905532
-0.6195920759398689,0.0,-1.0732662437352098,-1.9375899111105526,0.0,0.0,0.10137532978611936,0,-1.8411390066815196,1,0,1,0,0,1,1,0,0,0,1,0,0,0,1,0,1,0,0,0,0,1,1,0,1,0,1,0,1,0,1,0,1,0,1,0,1,0,1,0,0,1,0,0,1,0,-0.17561408957541857,-1.714226077490447
0.08419243573789313,0.0,0.7297992616120683,-0.023791351794107286,0.0,0.0,-0.7796630951185004,1,-1.5648183918189864,1,0,1,0,1,0,1,0,1,0,0,0,0,0,0,1,0,1,0,1,0,0,1,0,1,0,1,0,1,0,0,1,0,1,0,1,1,0,1,0,0,0,1,0,1,0,-0.16763123160035726,0.48629680252440804
-0.32634852940746806,0.0,1.543773077874958,-1.9375899111105526,0.0,0.0,1.863452179595359,0,-1.2918471177426656,1,0,1,0,1,0,1,0,0,0,0,0,1,0,1,0,1,0,0,0,0,1,1,0,1,0,1,0,1,0,1,0,1,0,1,0,1,0,1,0,0,1,0,0,1,0,-1.101759413551243,-1.0997261750528524
1.9023024242387783,0.0,0.2277946928571068,-1.9375899111105526,0.0,0.0,0.10137532978611936,0,1.5199244722827485,1,0,0,1,1,0,1,0,0,1,0,0,0,0,0,1,1,0,0,0,0,1,1,0,1,0,1,0,1,0,1,0,1,0,1,0,1,0,0,0,1,1,0,1,0,0,1.4266189687028938,-2.1936566680178053
-0.20905111079450772,0.0,-0.05433965779975156,-1.9375899111105526,0.0,0.0,1.863452179595359,0,-0.9770090838386883,1,0,1,0,1,0,1,0,1,0,0,0,0,0,1,0,1,0,0,0,0,1,1,0,1,0,1,0,1,0,1,0,1,0,1,0,1,0,0,1,0,1,0,0,1,0,-0.4155693780327514,-1.397374619760442
-0.7955382038593094,0.0,-0.5433725322716393,-0.869908696073317,0.0,0.0,-1.2201823075708103,1,0.47911682296720665,1,0,1,0,1,0,1,0,0,0,1,0,0,0,0,1,0,1,0,0,1,0,1,0,0,1,1,0,1,0,0,1,0,1,0,1,0,1,1,0,0,0,1,0,1,0,1.9848894121415408,0.5422168280577275
0.025543726431412957,0.0,-1.267841657981319,-1.9375899111105526,0.0,0.0,0.10137532978611936,0,0.8592670022023282,1,0,1,0,0,1,0,1,1,0,0,0,0,0,0,1,1,0,0,0,0,1,1,0,1,0,1,0,1,0,1,0,1,0,1,0,1,0,0,0,1,1,0,0,1,0,0.646641544555665,-2.0472658183003283
-0.7368894945528293,0.0,-0.00829014309483901,-1.9375899111105526,0.0,0.0,1.863452179595359,0,-1.4643381682326106,1,0,1,0,1,0,1,0,1,0,0,0,0,0,1,0,1,0,0,0,0,1,1,0,1,0,1,0,1,0,1,0,1,0,1,0,1,0,1,0,0,1,0,0,1,0,-3.6822446775698943,-0.6713185025014085
1.2571666218674964,0.0,1.516532519880503,0.36963080871589915,0.0,0.0,-1.2201823075708103,1,-1.5438850119051581,1,0,0,1,1,0,1,0,1,0,0,0,0,0,0,1,0,1,0,0,1,0,0,1,0,1,0,1,1,0,1,0,1,0,1,0,0,1,1,0,0,1,0,0,1,0,1.4756381410190675,0.6075110997037697
-1.2060791690046706,0.0,-0.4571107652891976,1.2157481529951086,0.0,0.0,0.10137532978611936,0,-0.9761717486421352,0,1,1,0,0,1,1,0,1,0,0,0,0,0,1,0,0,1,1,0,0,0,1,0,0,1,1,0,0,1,1,0,1,0,1,0,0,1,0,1,0,0,1,0,1,0,0.6350362450428351,-0.5811992282534134
1.6090588777063775,0.0,-0.8319927300700345,0.65579761464225,0.0,0.0,-1.2201823075708103,1,0.5896450689122199,1,0,0,1,1,0,1,0,0,0,0,1,0,0,0,1,0,1,0,0,1,0,1,0,0,1,0,1,1,0,0,1,0,1,1,0,0,1,1,0,0,0,1,1,0,0,1.2922949488557047,1.0538295407603704
0.9052743660286154,0.0,1.5625820345854158,0.6007621217270765,0.0,0.0,0.10137532978611936,1,0.35602854907389636,1,0,1,0,0,1,1,0,1,0,0,0,0,0,0,1,0,1,0,0,1,0,1,0,1,0,0,1,0,1,1,0,0,1,0,1,1,0,0,0,1,0,1,1,0,0,2.428574022667387,0.2761676034843931
-1.2647278783111506,0.0,0.03646220218176595,1.120206624171783,0.0,0.0,0.10137532978611936,1,0.9496992034300663,0,1,1,0,0,1,1,0,0,0,0,0,0,1,1,0,0,1,0,0,1,0,1,0,1,0,1,0,1,0,0,1,0,1,0,1,0,1,1,0,0,0,1,1,0,0,-2.081143641679724,1.395224612577061
-0.3849972387139482,0.0,0.595542225782253,0.4772711516590301,0.0,0.0,-1.2201823075708103,1,-1.4953195705050766,1,0,1,0,1,0,1,0,0,0,0,0,0,1,1,0,0,1,0,0,1,0,1,0,1,0,1,0,1,0,0,1,0,1,0,1,0,1,1,0,0,1,0,1,0,0,-2.006261228405533,1.393539926038619
1.374464040480457,0.0,-0.9156601581958613,0.36963080871589915,0.0,0.0,0.10137532978611936,1,0.1274360404148916,1,0,0,1,0,1,0,1,1,0,0,0,0,0,1,0,0,1,0,1,0,0,1,0,1,0,1,0,0,1,1,0,1,0,1,0,0,1,1,0,0,0,1,0,1,0,-3.1129127877871,0.17185216761277006
0.08419243573789313,0.0,0.5066861199431963,-1.9375899111105526,0.0,0.0,1.863452179595359,0,0.28820439815309273,1,0,1,0,0,1,0,1,0,0,1,0,0,0,1,0,1,0,0,0,0,1,1,0,1,0,1,0,1,0,1,0,1,0,1,0,1,0,0,1,0,1,0,1,0,0,0.6764035322028049,-1.9680328024998974
1.374464040480457,0.0,0.4898229173752004,-0.023791351794107286,0.0,0.0,0.10137532978611936,1,-0.8020060277590839,1,0,0,1,1,0,1,0,1,0,0,0,0,0,1,0,0,1,0,0,1,0,1,0,1,0,1,0,1,0,1,0,1,0,1,0,0,1,1,0,0,0,1,0,1,0,-1.0469163879777672,0.5637639233851686
-1.2060791690046706,0.0,0.3451885261189259,0.6007621217270765,0.0,0.0,-1.2201823075708103,1,-1.4492661346946543,0,1,1,0,0,1,1,0,1,0,0,0,0,0,1,0,0,1,0,1,0,0,1,0,1,0,1,0,1,0,1,0,0,1,0,1,0,1,0,1,0,1,0,0,1,0,-0.4287245442671296,-0.10093722669063178
-1.3233765876176309,0.0,-0.8786908294891007,1.2654537340011538,0.0,0.0,-0.7796630951185004,1,1.1272142650993302,0,1,1,0,0,1,1,0,0,0,0,0,0,1,1,0,0,1,0,0,1,0,1,0,1,0,1,0,1,0,1,0,1,0,0,1,0,1,1,0,0,0,1,1,0,0,-0.9455707277000891,0.4727312943650434
1.785005005625818,0.0,0.004032966474081088,0.19777251896391848,0.0,0.0,-1.2201823075708103,1,0.3350951691600681,1,0,0,1,0,1,1,0,1,0,0,0,0,0,0,1,0,1,0,0,1,0,1,0,1,0,0,1,1,0,0,1,0,1,1,0,0,1,1,0,0,0,1,1,0,0,1.9163082212394356,0.6030222613124627
0.9639230753350957,0.0,0.4411790638136731,0.6007621217270765,0.0,0.0,-0.7796630951185004,1,-0.5432694520241664,1,0,1,0,1,0,1,0,1,0,0,0,0,0,1,0,0,1,0,0,1,0,1,0,0,1,1,0,1,0,1,0,0,1,0,1,1,0,1,0,0,0,1,1,0,0,0.31545849429100103,0.8138095625827272
-0.5022946573269086,0.0,-1.4591741486566596,0.28848538496648446,0.0,0.0,0.9824137546907391,0,0.7998162032470558,1,0,1,0,0,1,0,1,0,1,0,0,0,0,1,0,0,1,0,1,0,0,0,1,1,0,1,0,1,0,0,1,0,1,0,1,0,1,0,0,1,1,0,0,1,0,0.4530796045598204,-1.528073449588123
1.5504101683998974,0.0,-0.17757075348895393,0.4772711516590301,0.0,0.0,0.10137532978611936,1,0.6465838622778328,1,0,0,1,0,1,1,0,1,0,0,0,0,0,1,0,0,1,0,0,1,0,1,0,0,1,1,0,0,1,0,1,0,1,0,1,0,1,0,1,0,0,1,0,1,0,1.8269046217142442,0.6059642989557668
-0.32634852940746806,0.0,1.3537377566279247,1.2654537340011538,0.0,0.0,0.9824137546907391,0,0.8056775496229278,1,0,1,0,0,1,0,1,1,0,0,0,0,0,1,0,0,1,0,0,1,0,0,1,0,1,0,1,1,0,1,0,0,1,0,1,1,0,0,1,0,1,0,0,1,0,1.6218861074045963,0.6528314833952735
0.3187872729638138,0.0,0.6513205111994709,-1.9375899111105526,0.0,0.0,0.10137532978611936,0,-0.30211691541686464,1,0,1,0,1,0,0,1,1,0,0,0,0,0,0,1,1,0,0,0,0,1,1,0,1,0,1,0,1,0,1,0,1,0,1,0,1,0,1,0,0,0,1,1,0,0,-0.9494805659914403,-0.9873071281167539
-0.6195920759398689,0.0,-0.8812851683457155,-1.9375899111105526,0.0,0.0,-1.2201823075708103,1,-0.8078673741349558,1,0,1,0,1,0,1,0,1,0,0,0,0,0,1,0,1,0,0,0,0,1,1,0,1,0,1,0,1,0,1,0,1,0,1,0,1,0,1,0,0,1,0,0,1,0,-1.9921252326474936,-0.9573976498837256
-1.3820252969241111,0.0,0.34064843311985,-1.9375899111105526,0.0,0.0,1.863452179595359,0,0.870989694954072,0,1,1,0,0,1,0,1,1,0,0,0,0,0,1,0,1,0,0,0,0,1,1,0,1,0,1,0,1,0,1,0,1,0,1,0,1,0,0,0,1,1,0,0,1,0,0.7259812674906364,-2.0144247400387845
0.729328238109175,0.0,-0.36955182887844834,0.33012629336122234,0.0,0.0,0.10137532978611936,0,1.1397742930476271,1,0,1,0,1,0,1,0,1,0,0,0,0,0,1,0,0,1,1,0,0,0,1,0,1,0,0,1,0,1,0,1,1,0,1,0,0,1,1,0,0,0,1,1,0,0,1.8137301230125156,-0.8030603545027188
0.37743598227029396,0.0,1.0599288811163003,-1.9375899111105526,0.0,0.0,0.9824137546907391,0,0.5871330633225605,1,0,1,0,0,1,0,1,1,0,0,0,0,0,1,0,1,0,0,0,0,1,1,0,1,0,1,0,1,0,1,0,1,0,1,0,1,0,0,0,1,0,1,0,1,0,1.401334747957829,-2.3564804626885456
0.9052743660286154,0.0,0.2933017489866301,0.6007621217270765,0.0,0.0,1.863452179595359,0,1.2427665222236621,1,0,1,0,1,0,1,0,1,0,0,0,0,0,1,0,0,1,1,0,0,0,1,0,0,1,1,0,1,0,0,1,1,0,1,0,0,1,1,0,0,0,1,1,0,0,-2.0588328680088974,0.3939194975240817
-0.5609433666333887,0.0,1.310931165493781,1.1762436376404322,0.0,0.0,-0.7796630951185004,1,1.1992250920028993,1,0,1,0,0,1,0,1,1,0,0,0,0,0,1,0,0,1,0,1,0,0,1,0,0,1,1,0,0,1,1,0,1,0,1,0,0,1,1,0,0,1,0,0,1,0,-1.3249210802580715,0.22312473485041978
1.433112749786937,0.0,-0.6899526776703748,0.5100492557245105,0.0,0.0,0.9824137546907391,0,-0.15307125043040734,1,0,0,1,1,0,0,1,1,0,0,0,0,0,1,0,0,1,1,0,0,0,1,0,0,1,1,0,0,1,1,0,1,0,1,0,0,1,0,0,1,0,1,1,0,0,-0.761946033450205,-0.04937863468065547
1.1985179125610164,0.0,0.13764141758974285,0.14806693795787343,0.0,0.0,0.10137532978611936,1,-1.3831166541669568,1,0,0,1,0,1,1,0,1,0,0,0,0,0,0,1,0,1,1,0,0,0,1,0,0,1,1,0,1,0,1,0,0,1,0,1,0,1,0,1,0,1,0,0,1,0,1.837651884736842,0.20684938478184853
1.1985179125610164,0.0,-0.6691979668174565,-0.43890985399893934,0.0,0.0,0.10137532978611936,1,0.6440718566881735,1,0,0,1,1,0,1,0,0,0,0,0,0,1,0,1,0,1,0,0,1,0,1,0,1,0,1,0,1,0,1,0,0,1,1,0,1,0,1,0,0,0,1,1,0,0,-0.36588673764423946,0.8944095091652224
0.14284114504437329,0.0,-1.0570516258813674,-0.43890985399893934,0.0,0.0,-0.7796630951185004,1,-0.14804723925108854,1,0,1,0,1,0,1,0,1,0,0,0,0,0,1,0,0,1,0,0,1,0,1,0,0,1,1,0,1,0,0,1,1,0,1,0,0,1,1,0,0,0,1,1,0,0,-1.7960391655778487,1.1899385415905217
-1.675268843456512,0.0,-1.4591741486566596,1.2157481529951086,0.0,0.0,0.9824137546907391,0,-1.5162529504189048,0,1,1,0,1,0,1,0,0,0,0,0,0,1,1,0,0,1,0,1,0,0,1,0,1,0,1,0,1,0,1,0,1,0,1,0,0,1,1,0,0,1,0,0,0,1,-3.9635319806745826,-0.6312501449183574
1.8436537149322982,0.0,1.4374051847537517,-0.24535522255213305,0.0,0.0,-1.2201823075708103,1,1.171593030516646,1,0,0,1,0,1,1,0,1,0,0,0,0,0,0,1,0,1,0,0,1,0,0,1,0,1,1,0,1,0,0,1,0,1,0,1,0,1,1,0,0,0,1,0,1,0,3.162494485912189,0.14682939321318927
-1.4993227155370714,0.0,0.8491388490163488,1.2654537340011538,0.0,0.0,0.10137532978611936,1,0.7956295272642903,0,1,1,0,1,0,1,0,1,0,0,0,0,0,1,0,0,1,0,0,1,0,1,0,0,1,1,0,1,0,1,0,1,0,0,1,0,1,1,0,0,0,1,1,0,0,2.0922129277851274,-0.4676194686538546
1.785005005625818,0.0,1.7435371698342972,0.36963080871589915,0.0,0.0,-1.2201823075708103,1,0.3459805267152588,1,0,0,1,0,1,1,0,1,0,0,0,0,0,0,1,0,1,0,0,1,0,0,1,0,1,0,1,1,0,0,1,0,1,1,0,0,1,0,1,0,0,1,1,0,0,2.8463540393120743,0.5283170617904492
-0.5022946573269086,0.0,-0.4927829245676508,-0.6980504063213363,0.0,0.0,0.10137532978611936,1,-0.36575439035490265,1,0,1,0,0,1,1,0,1,0,0,0,0,0,0,1,0,1,0,1,0,0,1,0,1,0,0,1,0,1,0,1,1,0,1,0,1,0,1,0,0,1,0,1,0,0,-1.1664177961471485,0.5128729804687414
0.025543726431412957,0.0,-0.16070755092095793,0.6287713610382961,0.0,0.0,0.10137532978611936,1,0.6315118287398765,1,0,1,0,0,1,1,0,1,0,0,0,0,0,1,0,0,1,0,0,1,0,1,0,1,0,0,1,1,0,0,1,0,1,0,1,0,1,0,1,0,0,1,1,0,0,1.4380180927352855,0.5972863456173497
-1.4993227155370714,0.0,-0.865070550491873,1.2157481529951086,0.0,0.0,0.10137532978611936,0,-1.722237408770975,0,1,1,0,0,1,0,1,0,0,0,0,1,0,0,1,0,1,0,1,0,0,0,1,0,1,1,0,0,1,0,1,0,1,0,1,0,1,1,0,0,1,0,1,0,0,0.20234666940662088,0.703149859111661
-0.5022946573269086,0.0,1.2149406277990336,0.65579761464225,0.0,0.0,0.10137532978611936,1,-0.11957784256828208,1,0,1,0,1,0,1,0,1,0,0,0,0,0,0,1,0,1,0,0,1,0,1,0,1,0,0,1,0,1,0,1,0,1,0,1,0,1,0,0,1,0,1,1,0,0,2.855298862596172,0.3995747352462055
-0.9128356224722697,0.0,0.2537380814232546,0.24446373527230422,0.0,0.0,-1.2201823075708103,1,-1.20476425730114,1,0,1,0,0,1,1,0,0,0,0,0,0,1,0,1,0,1,0,0,1,0,1,0,1,0,1,0,1,0,1,0,0,1,0,1,0,1,1,0,0,0,1,0,1,0,-0.34424337837674646,0.9446802493357456
-0.678240785246349,0.0,-0.539481023986717,0.24446373527230422,0.0,0.0,0.10137532978611936,0,1.4788950476516451,1,0,1,0,0,1,1,0,0,1,0,0,0,0,1,0,0,1,0,1,0,0,0,1,0,1,1,0,1,0,1,0,1,0,1,0,0,1,0,1,0,0,1,0,1,0,1.8902952655065977,-1.332732139298903
-0.7368894945528293,0.0,-1.2328180834170195,-1.9375899111105526,0.0,0.0,1.863452179595359,0,-0.16981795436146996,1,0,1,0,1,0,1,0,1,0,0,0,0,0,1,0,1,0,0,0,0,1,1,0,1,0,1,0,1,0,1,0,1,0,1,0,1,0,1,0,0,1,0,0,1,0,-1.664786443735332,-1.1407974424530414
-0.6195920759398689,0.0,-1.4591741486566596,0.0949307535196783,0.0,0.0,0.9824137546907391,0,0.8307976055195218,1,0,1,0,1,0,1,0,1,0,0,0,0,0,1,0,0,1,1,0,0,0,1,0,1,0,1,0,1,0,1,0,1,0,1,0,0,1,1,0,0,0,1,0,1,0,-4.252537173561606,-0.5501204041824367
0.6706795288026948,0.0,-0.950683732760161,0.44303577337051536,0.0,0.0,0.9824137546907391,0,-0.04840435086126594,1,0,1,0,0,1,0,1,0,1,0,0,0,0,0,1,0,1,1,0,0,0,0,1,0,1,1,0,0,1,0,1,1,0,1,0,0,1,0,1,0,1,0,0,1,0,2.127350098840161,-0.7535054953484805
-0.4436459480204284,0.0,0.14347868001712613,0.6287713610382961,0.0,0.0,1.863452179595359,0,0.5804343817501355,1,0,1,0,0,1,0,1,0,0,1,0,0,0,0,1,0,1,0,0,1,0,1,0,0,1,0,1,1,0,1,0,0,1,0,1,1,0,0,1,0,1,0,1,0,0,1.960680518743681,0.38116121808486975
-0.20905111079450772,0.0,-0.2670754440421643,-0.869908696073317,0.0,0.0,-1.2201823075708103,1,-1.2357456595736058,1,0,1,0,1,0,1,0,0,0,0,0,1,0,1,0,0,1,0,0,1,0,0,1,1,0,0,1,1,0,1,0,1,0,1,0,0,1,1,0,0,1,0,1,0,0,-0.11407408399991018,0.7341835137869108
0.6120308194962146,0.0,-0.3351768390283026,-1.9375899111105526,0.0,0.0,0.10137532978611936,0,0.0822199398010225,1,0,1,0,0,1,0,1,1,0,0,0,0,0,1,0,1,0,0,0,0,1,1,0,1,0,1,0,1,0,1,0,1,0,1,0,1,0,0,0,1,1,0,1,0,0,1.1219662894162803,-2.3539453675362445
-0.20905111079450772,0.0,0.12856123159159105,-1.9375899111105526,0.0,0.0,0.10137532978611936,0,0.06379856547685363,1,0,1,0,1,0,0,1,1,0,0,0,0,0,1,0,1,0,0,0,0,1,1,0,1,0,1,0,1,0,1,0,1,0,1,0,1,0,0,0,1,1,0,1,0,0,0.9290512033760493,-2.1395338604529672
-1.4406740062305912,0.0,-1.3216741892560757,0.7071612569928716,0.0,0.0,0.10137532978611936,0,-0.5181493961275725,0,1,1,0,0,1,0,1,1,0,0,0,0,0,1,0,0,1,0,0,1,0,0,1,1,0,1,0,0,1,0,1,0,1,0,1,1,0,0,1,0,1,0,1,0,0,0.2176819739168878,1.1839279357502592
0.6706795288026948,0.0,-0.6614149502476121,0.6007621217270765,0.0,0.0,0.9824137546907391,0,-1.1000973577319986,1,0,1,0,0,1,1,0,1,0,0,0,0,0,0,1,0,1,0,1,0,0,0,1,1,0,1,0,0,1,1,0,1,0,1,0,0,1,1,0,0,0,1,1,0,0,0.7283611473755309,-0.39301029821747563
0.08419243573789313,0.0,0.18823102529373106,-1.9375899111105526,0.0,0.0,0.10137532978611936,1,0.8977844212437722,1,0,1,0,1,0,1,0,0,0,1,0,0,0,1,0,1,0,0,0,0,1,1,0,1,0,1,0,1,0,1,0,1,0,1,0,1,0,0,1,0,0,1,1,0,0,0.37278726609661905,-1.777736022275064
-0.9128356224722697,0.0,-1.3132425879720777,0.24446373527230422,0.0,0.0,0.10137532978611936,0,0.9940779688473823,1,0,1,0,1,0,1,0,0,1,0,0,0,0,0,1,0,1,0,0,1,0,0,1,0,1,0,1,1,0,0,1,1,0,1,0,0,1,0,0,1,0,1,1,0,0,2.5062823637046585,-0.03593127944560613
-0.26769982010098786,0.0,1.0936552862522924,0.5414890984678798,0.0,0.0,-1.2201823075708103,1,0.21284423046331097,1,0,1,0,0,1,1,0,1,0,0,0,0,0,1,0,0,1,0,0,1,0,1,0,1,0,0,1,1,0,0,1,0,1,0,1,0,1,1,0,0,0,1,1,0,0,-0.4500754813234851,1.3034196067173756
1.7263562963193377,0.0,-1.4591741486566596,0.037855076107910814,0.0,0.0,-0.7796630951185004,1,1.2578385557616185,1,0,0,1,0,1,1,0,0,0,0,0,0,1,1,0,0,1,0,1,0,0,1,0,0,1,1,0,1,0,0,1,1,0,1,0,0,1,1,0,0,1,0,1,0,0,-3.7818209256291824,-0.13146671239363786
-0.3849972387139482,0.0,-0.430518792008896,-1.9375899111105526,0.0,0.0,1.863452179595359,0,-1.4007006932945727,1,0,1,0,1,0,1,0,0,0,0,0,0,1,1,0,1,0,0,0,0,1,1,0,1,0,1,0,1,0,1,0,1,0,1,0,1,0,0,0,1,1,0,0,0,1,-1.887843587881696,-0.9367769020527547
0.6706795288026948,0.0,1.1812142226630415,0.5716956836265287,0.0,0.0,-1.2201823075708103,1,-0.09362045147513502,1,0,1,0,1,0,1,0,1,0,0,0,0,0,0,1,0,1,0,0,1,0,1,0,1,0,0,1,1,0,0,1,0,1,0,1,0,1,1,0,0,0,1,1,0,0,-1.7881311471300247,1.6661317469466699
-0.5022946573269086,0.0,-0.5466154558424077,0.19777251896391848,0.0,0.0,0.10137532978611936,0,-0.9761717486421352,1,0,1,0,0,1,0,1,1,0,0,0,0,0,0,1,0,1,0,0,1,0,0,1,0,1,1,0,0,1,0,1,1,0,1,0,0,1,1,0,0,1,0,1,0,0,1.2093750688121374,0.9264490164446891
1.1985179125610164,0.0,1.5119924268814273,0.44303577337051536,0.0,0.0,-1.2201823075708103,1,0.4640447894292503,1,0,0,1,1,0,1,0,1,0,0,0,0,0,0,1,0,1,0,0,1,0,1,0,1,0,1,0,1,0,0,1,1,0,1,0,0,1,1,0,0,0,1,1,0,0,-1.9903843756867943,1.2498689786072004
-0.9128356224722697,0.0,-1.0797520908767468,0.36963080871589915,0.0,0.0,-1.2201823075708103,1,1.055203438195761,1,0,1,0,1,0,0,1,1,0,0,0,0,0,1,0,0,1,0,0,1,0,1,0,1,0,1,0,1,0,0,1,1,0,1,0,1,0,1,0,0,0,1,1,0,0,-1.989859419993514,1.0054338302633499
0.9052743660286154,0.0,1.4568627261783629,0.65579761464225,0.0,0.0,0.10137532978611936,1,0.40626866086708424,1,0,1,0,0,1,1,0,1,0,0,0,0,0,1,0,0,1,0,0,1,0,1,0,0,1,0,1,1,0,0,1,0,1,0,1,0,1,1,0,0,0,1,0,1,0,1.307361956830795,0.9641648027977686
1.6677075870128577,0.0,-1.274327505122856,-0.869908696073317,0.0,0.0,-1.2201823075708103,1,-1.2466310171287966,1,0,0,1,0,1,1,0,1,0,0,0,0,0,0,1,0,1,0,0,1,0,0,1,1,0,1,0,1,0,0,1,0,1,1,0,0,1,1,0,0,1,0,1,0,0,1.4741247946816498,0.646276929293966
0.7879769474156552,0.0,-0.5239149908470283,0.14806693795787343,0.0,0.0,0.10137532978611936,0,1.3231507010927628,1,0,1,0,1,0,1,0,0,0,0,0,1,0,0,1,0,1,0,0,1,0,0,1,1,0,1,0,1,0,1,0,1,0,1,0,0,1,1,0,0,0,1,1,0,0,-0.10497954056621517,0.6604063011483979
1.081220493948056,0.0,-0.43570746972212554,0.7071612569928716,0.0,0.0,-1.2201823075708103,1,0.7026853204468927,1,0,0,1,0,1,1,0,1,0,0,0,0,0,0,1,0,1,0,0,1,0,1,0,1,0,1,0,1,0,1,0,1,0,1,0,0,1,1,0,0,0,1,1,0,0,1.2547337266839447,-0.06752663267093206
0.6120308194962146,0.0,-1.2879477841200835,0.19777251896391848,0.0,0.0,0.10137532978611936,0,0.5971810856811981,1,0,1,0,1,0,1,0,1,0,0,0,0,0,0,1,0,1,0,1,0,0,0,1,1,0,1,0,1,0,1,0,0,1,0,1,0,1,1,0,0,0,1,0,0,1,0.3168121018556487,-0.23137302156457734
-0.26769982010098786,0.0,-0.586827708119937,1.1346027292456944,0.0,0.0,0.9824137546907391,0,-0.13716188169589782,1,0,1,0,0,1,0,1,1,0,0,0,0,0,1,0,0,1,0,0,1,0,1,0,0,1,1,0,0,1,1,0,1,0,1,0,0,1,1,0,0,1,0,1,0,0,1.9054254951490588,-0.2914736612225988
-1.1474304596981904,0.0,-0.9714384436130794,1.2654537340011538,0.0,0.0,0.10137532978611936,0,-0.77688597186249,0,1,1,0,1,0,1,0,1,0,0,0,0,0,0,1,0,1,1,0,0,0,1,0,1,0,1,0,0,1,1,0,1,0,1,0,0,1,0,1,0,1,0,1,0,0,-0.011521386179740134,-0.35850650097135456
-0.09175369218154737,0.0,-0.2748584606120085,0.33012629336122234,0.0,0.0,0.10137532978611936,0,1.6363140646036338,1,0,1,0,0,1,1,0,0,1,0,0,0,0,0,1,0,1,0,1,0,0,0,1,1,0,1,0,0,1,0,1,0,1,0,1,0,1,0,0,1,0,1,0,1,0,2.419996280412474,-0.6673378277985562
-0.8541869131657895,0.0,1.2091033653716505,1.1346027292456944,0.0,0.0,0.9824137546907391,0,0.9622592313783633,1,0,1,0,0,1,0,1,1,0,0,0,0,0,0,1,0,1,0,0,1,0,0,1,0,1,0,1,0,1,0,1,0,1,0,1,0,1,0,0,1,0,1,1,0,0,3.3852226507046823,0.5373270370900367
0.08419243573789313,0.0,-0.4298702072947423,-1.9375899111105526,0.0,0.0,1.863452179595359,0,0.06547323586995989,1,0,1,0,1,0,1,0,1,0,0,0,0,0,1,0,1,0,0,0,0,1,1,0,1,0,1,0,1,0,1,0,1,0,1,0,1,0,0,0,1,1,0,0,1,0,-0.9450841554183556,-1.2498916199494658
-1.4406740062305912,0.0,0.829032722877584,1.1055362911451465,0.0,0.0,0.10137532978611936,1,1.1757797064994118,0,1,1,0,1,0,1,0,1,0,0,0,0,0,1,0,0,1,0,0,1,0,1,0,1,0,1,0,1,0,1,0,1,0,0,1,0,1,1,0,0,0,1,0,1,0,-2.3178742158026693,0.8261082986633094
0.43608469157677415,0.0,0.3594573898303072,0.7071612569928716,0.0,0.0,0.10137532978611936,1,0.6273251527571109,1,0,1,0,0,1,1,0,0,0,0,0,0,1,1,0,0,1,0,0,1,0,1,0,1,0,1,0,1,0,0,1,1,0,1,0,0,1,1,0,0,1,0,1,0,0,-2.2437006385603127,1.0444303855152859
-1.0887817503917103,0.0,0.7388794476102201,0.9410480977988882,0.0,0.0,0.10137532978611936,1,-1.230721648394287,0,1,1,0,1,0,1,0,0,0,0,0,0,1,1,0,0,1,0,0,1,0,1,0,1,0,1,0,1,0,1,0,0,1,0,1,0,1,1,0,0,1,0,1,0,0,-1.4993229360102733,1.0134169449484918
-0.20905111079450772,0.0,-1.3819925676723697,0.5100492557245105,0.0,0.0,-1.2201823075708103,1,-0.14302322807176976,1,0,1,0,1,0,1,0,1,0,0,0,0,0,0,1,0,1,0,0,1,0,1,0,1,0,0,1,1,0,1,0,1,0,1,0,0,1,1,0,0,0,1,1,0,0,-0.45484005882049405,0.583446811904355
0.08419243573789313,0.0,-0.7379479465177484,0.14806693795787343,0.0,0.0,0.10137532978611936,1,-1.20476425730114,1,0,1,0,1,0,1,0,1,0,0,0,0,0,1,0,0,1,0,1,0,0,1,0,1,0,1,0,1,0,1,0,1,0,1,0,0,1,1,0,0,0,1,1,0,0,-0.924054697597604,-0.334309089351276
0.3187872729638138,0.0,-0.034233531660987034,-0.1642097988027183,0.0,0.0,0.10137532978611936,1,0.17851348740463258,1,0,1,0,1,0,1,0,1,0,0,0,0,0,1,0,0,1,0,0,1,0,1,0,0,1,1,0,1,0,1,0,0,1,0,1,0,1,1,0,0,0,1,1,0,0,-0.5768019774488411,0.9644997250732465
0.8466256567221353,0.0,0.6240799532050155,-0.09080483414810245,0.0,0.0,-0.7796630951185004,1,0.6114157840226013,1,0,1,0,1,0,1,0,0,0,0,0,0,1,1,0,0,1,0,0,1,0,1,0,0,1,1,0,1,0,0,1,0,1,0,1,0,1,1,0,0,0,1,1,0,0,-0.46726192806388234,1.3544966320168637
-1.4406740062305912,0.0,-1.4591741486566596,1.2157481529951086,0.0,0.0,1.863452179595359,0,-1.836114995502201,0,1,1,0,1,0,1,0,1,0,0,0,0,0,1,0,0,1,0,1,0,0,1,0,0,1,0,1,0,1,1,0,1,0,1,0,0,1,0,1,0,0,1,0,1,0,-2.0593489559598743,-0.5591229695815462
0.7879769474156552,0.0,-0.6828182458146841,0.6287713610382961,0.0,0.0,0.10137532978611936,1,0.3083004428703679,1,0,1,0,1,0,1,0,1,0,0,0,0,0,1,0,0,1,0,0,1,0,1,0,0,1,1,0,1,0,0,1,1,0,1,0,0,1,1,0,0,0,1,1,0,0,-0.7803327391110509,0.9964179288965398
1.0225717846415758,0.0,0.7609313278914456,-0.023791351794107286,0.0,0.0,0.9824137546907391,0,-0.15307125043040734,1,0,0,1,1,0,1,0,1,0,0,0,0,0,1,0,0,1,0,0,1,0,0,1,0,1,1,0,0,1,0,1,0,1,0,1,0,1,0,0,1,0,1,1,0,0,2.989554095010459,0.2270024916311682
0.37743598227029396,0.0,1.12478735253167,-1.9375899111105526,0.0,0.0,-0.7796630951185004,1,-1.589101112519027,1,0,1,0,1,0,1,0,0,0,0,0,1,0,1,0,1,0,0,0,0,1,1,0,1,0,1,0,1,0,1,0,1,0,1,0,1,0,1,0,0,1,0,1,0,0,-0.9590518591160854,-1.1417715586888573
-0.5022946573269086,0.0,-0.8118866039312699,0.0949307535196783,0.0,0.0,-1.2201823075708103,1,-0.38585043507217776,1,0,1,0,1,0,1,0,1,0,0,0,0,0,0,1,0,1,0,1,0,0,1,0,1,0,1,0,1,0,1,0,1,0,1,0,0,1,1,0,0,1,0,0,1,0,-1.8497768944730943,0.08326808660248795
1.1985179125610164,0.0,1.6073343798620208,-0.023791351794107286,0.0,0.0,-1.2201823075708103,1,-0.03249498212675645,1,0,0,1,0,1,1,0,0,0,0,0,0,1,0,1,0,1,0,0,1,0,1,0,0,1,1,0,1,0,1,0,1,0,1,0,1,0,1,0,0,0,1,1,0,0,-0.720030599274864,0.9202890636756652
-0.8541869131657895,0.0,0.6117568436360954,0.19777251896391848,0.0,0.0,1.863452179595359,0,1.291331963623744,1,0,1,0,1,0,1,0,1,0,0,0,0,0,0,1,0,1,0,0,1,0,1,0,0,1,1,0,1,0,0,1,1,0,1,0,0,1,0,1,0,0,1,1,0,0,2.6720245998632217,-0.2319329043684022
-1.3820252969241111,0.0,-1.1154242501552,1.2157481529951086,0.0,0.0,0.10137532978611936,0,0.8240989239470967,0,1,1,0,1,0,1,0,1,0,0,0,0,0,0,1,0,1,0,1,0,0,0,1,1,0,1,0,1,0,1,0,1,0,1,0,0,1,1,0,0,1,0,0,0,1,1.641099083726824,-1.3022206766328477
-0.3849972387139482,0.0,0.1778536698672719,0.6819075454764912,0.0,0.0,-1.2201823075708103,1,-0.06263904920266918,1,0,1,0,1,0,1,0,1,0,0,0,0,0,1,0,0,1,0,0,1,0,1,0,0,1,1,0,1,0,1,0,1,0,1,0,0,1,1,0,0,1,0,1,0,0,-0.17833889689619306,0.5541463176721416
-0.9128356224722697,0.0,-0.7094102190949857,0.6007621217270765,0.0,0.0,0.10137532978611936,0,-0.36910373114111517,1,0,1,0,1,0,1,0,1,0,0,0,0,0,1,0,0,1,0,1,0,0,0,1,0,1,1,0,1,0,0,1,1,0,1,0,0,1,1,0,0,1,0,0,1,0,1.063820957640532,-0.4006910854957694
-0.32634852940746806,0.0,1.2116977042282653,0.14806693795787343,0.0,0.0,0.10137532978611936,1,-1.0674412850664265,1,0,1,0,1,0,1,0,1,0,0,0,0,0,0,1,0,1,0,0,1,0,1,0,0,1,1,0,1,0,1,0,1,0,1,0,0,1,1,0,0,0,1,1,0,0,-1.4298224091687883,1.0583562704780431
-1.2060791690046706,0.0,0.9204831675732551,1.2654537340011538,0.0,0.0,0.10137532978611936,0,-1.236582994770159,0,1,1,0,0,1,1,0,1,0,0,0,0,0,1,0,0,1,0,1,0,0,1,0,1,0,1,0,1,0,0,1,1,0,1,0,0,1,1,0,0,0,1,0,1,0,-2.614713358134387,0.35575565379838997
1.1985179125610164,0.0,0.567653083073644,0.40720749028027037,0.0,0.0,-1.2201823075708103,1,-1.007153150914601,1,0,0,1,0,1,1,0,0,0,1,0,0,0,0,1,0,1,0,0,1,0,1,0,0,1,1,0,1,0,0,1,0,1,1,0,1,0,1,0,0,0,1,1,0,0,2.0841897654329413,0.6006896877858653
-0.7368894945528293,0.0,0.5728417607868734,-1.9375899111105526,0.0,0.0,1.863452179595359,0,0.11822535325280714,1,0,1,0,1,0,1,0,1,0,0,0,0,0,0,1,1,0,0,0,0,1,1,0,1,0,1,0,1,0,1,0,1,0,1,0,1,0,0,1,0,1,0,0,1,0,1.463616293946123,-2.138968589270296
-0.03310498287506721,0.0,-1.385884075957292,-0.43890985399893934,0.0,0.0,0.10137532978611936,1,0.6365358399191953,1,0,1,0,1,0,1,0,0,0,0,0,0,1,1,0,0,1,0,0,1,0,1,0,1,0,1,0,1,0,0,1,0,1,0,1,0,1,1,0,0,0,1,1,0,0,-2.5714277196962327,1.3497004905021828
-1.0887817503917103,0.0,0.6143511824927101,1.2654537340011538,0.0,0.0,0.10137532978611936,0,-0.1798659767201075,0,1,1,0,0,1,1,0,0,1,0,0,0,0,0,1,0,1,0,0,1,0,0,1,1,0,0,1,0,1,0,1,0,1,0,1,0,1,0,0,1,0,1,0,1,0,3.134742507252937,0.25156228829173405
-0.678240785246349,0.0,1.5359900613051138,-1.9375899111105526,0.0,0.0,0.10137532978611936,0,-1.1126573856802955,1,0,1,0,1,0,1,0,1,0,0,0,0,0,0,1,1,0,0,0,0,1,1,0,1,0,1,0,1,0,1,0,1,0,1,0,1,0,0,1,0,0,1,1,0,0,0.43177990984703846,-1.5314470209121416
-1.1474304596981904,0.0,1.3128769196362422,1.120206624171783,0.0,0.0,0.10137532978611936,0,1.2251824830960465,0,1,1,0,0,1,0,1,1,0,0,0,0,0,0,1,0,1,0,0,1,0,1,0,0,1,1,0,1,0,0,1,0,1,0,1,0,1,1,0,0,0,1,1,0,0,1.747888250021743,0.6967491508936132
-0.7368894945528293,0.0,-0.010884481951453974,0.0949307535196783,0.0,0.0,-0.7796630951185004,1,-1.9148245039781953,1,0,1,0,0,1,1,0,1,0,0,0,0,0,0,1,0,1,0,1,0,0,1,0,0,1,1,0,0,1,1,0,1,0,1,0,0,1,1,0,0,0,1,1,0,0,0.5242925664394343,-0.24128847683329288
-1.675268843456512,0.0,0.30757061269801134,1.2654537340011538,0.0,0.0,0.10137532978611936,0,-1.799272246853863,0,1,1,0,0,1,0,1,1,0,0,0,0,0,1,0,0,1,0,0,1,0,0,1,0,1,1,0,0,1,1,0,1,0,1,0,0,1,1,0,0,1,0,0,0,1,0.8545098960901414,0.5444709460162758
1.7263562963193377,0.0,-0.20935140448248524,0.33012629336122234,0.0,0.0,0.10137532978611936,1,-0.11120449060275077,1,0,0,1,1,0,1,0,1,0,0,0,0,0,0,1,0,1,0,0,1,0,1,0,1,0,1,0,1,0,0,1,0,1,1,0,0,1,1,0,0,0,1,1,0,0,-1.5372175371724381,1.4202986858972704
-1.2647278783111506,0.0,0.777794530459442,1.2654537340011538,0.0,0.0,1.863452179595359,0,-0.8128913853142746,0,1,1,0,1,0,1,0,0,0,1,0,0,0,1,0,0,1,0,1,0,0,1,0,1,0,1,0,0,1,1,0,1,0,1,0,0,1,1,0,0,0,1,1,0,0,1.077443755417574,-0.8022252534403184
1.6090588777063775,0.0,-1.0142450347472234,0.40720749028027037,0.0,0.0,-1.2201823075708103,1,0.9505365386266195,1,0,0,1,0,1,1,0,0,0,0,0,0,1,1,0,0,1,0,1,0,0,1,0,0,1,1,0,1,0,1,0,1,0,1,0,0,1,1,0,0,1,0,0,1,0,-2.469702599566559,0.10837598158425267
-0.5022946573269086,0.0,0.44766491095520994,0.28848538496648446,0.0,0.0,-0.7796630951185004,1,-1.7574054870262066,1,0,1,0,1,0,0,1,1,0,0,0,0,0,1,0,0,1,0,0,1,0,1,0,1,0,1,0,1,0,1,0,1,0,1,0,0,1,1,0,0,0,1,1,0,0,-1.2354149609534033,0.6337814538763293
0.37743598227029396,0.0,0.8880539318655702,1.1346027292456944,0.0,0.0,0.10137532978611936,0,-0.6755684130795612,1,0,1,0,0,1,0,1,1,0,0,0,0,0,1,0,0,1,0,1,0,0,0,1,0,1,1,0,1,0,1,0,1,0,1,0,0,1,1,0,0,0,1,0,1,0,0.5958544282023694,-0.4156131046908129
0.08419243573789313,0.0,-1.1355303762939648,0.65579761464225,0.0,0.0,-1.2201823075708103,1,-1.8637470569884542,1,0,1,0,0,1,1,0,1,0,0,0,0,0,1,0,0,1,0,0,1,0,1,0,1,0,1,0,1,0,1,0,1,0,1,0,0,1,1,0,0,0,1,0,0,1,-2.769983005668335,0.7606431061329821
0.43608469157677415,0.0,-1.4591741486566596,0.6819075454764912,0.0,0.0,0.9824137546907391,0,-0.3640797199617964,1,0,1,0,0,1,1,0,1,0,0,0,0,0,1,0,0,1,0,1,0,0,1,0,1,0,1,0,1,0,1,0,1,0,1,0,0,1,1,0,0,0,1,1,0,0,-3.298902041631052,-0.7411255231745452
0.6120308194962146,0.0,1.0112850275547731,0.4772711516590301,0.0,0.0,-0.7796630951185004,1,0.4891648453258442,1,0,1,0,1,0,1,0,1,0,0,0,0,0,1,0,0,1,0,0,1,0,1,0,1,0,1,0,1,0,0,1,0,1,0,1,1,0,1,0,0,0,1,1,0,0,1.1757719095820522,0.6093362927603719
-0.09175369218154737,0.0,-1.4591741486566596,0.40720749028027037,0.0,0.0,0.10137532978611936,0,-0.19410067506151074,1,0,1,0,1,0,1,0,1,0,0,0,0,0,1,0,0,1,0,1,0,0,0,1,0,1,0,1,0,1,0,1,1,0,1,0,0,1,0,0,1,1,0,1,0,0,0.6728075709574154,-1.5295455508212048
-0.4436459480204284,0.0,-0.017370329092990806,0.0949307535196783,0.0,0.0,1.863452179595359,0,-1.851187029040157,1,0,1,0,0,1,1,0,1,0,0,0,0,0,0,1,0,1,0,0,1,0,1,0,1,0,1,0,1,0,0,1,1,0,1,0,0,1,1,0,0,0,1,1,0,0,-1.749875788185869,1.143921330220652
-0.678240785246349,0.0,-0.29172166318000475,0.40720749028027037,0.0,0.0,0.9824137546907391,0,-0.1363245464993447,1,0,1,0,0,1,1,0,0,0,1,0,0,0,0,1,0,1,0,0,1,0,1,0,0,1,0,1,0,1,0,1,0,1,0,1,0,1,0,1,0,0,1,1,0,0,2.426224684601092,0.624634789952347
1.433112749786937,0.0,0.34259418726231117,-0.24535522255213305,0.0,0.0,0.10137532978611936,1,0.006022436914687581,1,0,0,1,0,1,1,0,1,0,0,0,0,0,0,1,0,1,0,0,1,0,1,0,1,0,1,0,1,0,0,1,0,1,1,0,0,1,1,0,0,0,1,1,0,0,1.520802438178121,0.622988234997607
1.7263562963193377,0.0,0.8180067827369711,0.28848538496648446,0.0,0.0,-1.2201823075708103,1,0.07217191744238494,1,0,0,1,0,1,1,0,1,0,0,0,0,0,0,1,0,1,0,0,1,0,1,0,0,1,0,1,1,0,0,1,0,1,1,0,0,1,0,1,0,0,1,0,1,0,2.787233421703046,0.33167226691971896
0.5533821101897345,0.0,0.7615799126055997,-1.9375899111105526,0.0,0.0,0.10137532978611936,0,-1.4124233860463165,1,0,1,0,1,0,0,1,1,0,0,0,0,0,1,0,1,0,0,0,0,1,1,0,1,0,1,0,1,0,1,0,1,0,1,0,1,0,0,0,1,1,0,0,0,1,-0.43860952186250174,-1.3504540956536542
1.6090588777063775,0.0,-0.06925710622528662,0.037855076107910814,0.0,0.0,-1.2201823075708103,1,0.7696721361711432,1,0,0,1,0,1,1,0,0,0,0,0,0,1,0,1,0,1,0,0,1,0,1,0,1,0,1,0,1,0,1,0,0,1,1,0,0,1,1,0,0,0,1,1,0,0,-0.43650126600619626,0.9379445608717712
-0.7368894945528293,0.0,-0.192488201914489,0.36963080871589915,0.0,0.0,0.9824137546907391,0,0.23210293998403297,1,0,1,0,0,1,0,1,0,0,1,0,0,0,0,1,0,1,0,0,1,0,0,1,0,1,0,1,0,1,1,0,1,0,1,0,0,1,0,0,1,1,0,0,1,0,2.597617592722716,-0.0468635792538272
1.9023024242387783,0.0,0.3886437019672235,0.33012629336122234,0.0,0.0,0.10137532978611936,1,0.06463590067340676,1,0,0,1,1,0,1,0,1,0,0,0,0,0,0,1,0,1,0,0,1,0,1,0,1,0,1,0,1,0,1,0,1,0,1,0,0,1,1,0,0,0,1,1,0,0,-2.30204872543543,0.9429898237502942
-0.5609433666333887,0.0,-1.1407190540071943,0.19777251896391848,0.0,0.0,-1.2201823075708103,1,-1.6418532299018744,1,0,1,0,0,1,1,0,0,0,0,0,1,0,0,1,0,1,0,0,1,0,0,1,1,0,0,1,1,0,0,1,0,1,0,1,0,1,1,0,0,0,1,1,0,0,0.46029320217069575,1.238986857079009
-0.8541869131657895,0.0,-0.4849999079978065,0.6819075454764912,0.0,0.0,-0.7796630951185004,1,-1.721400073574422,1,0,1,0,0,1,1,0,1,0,0,0,0,0,0,1,0,1,0,0,1,0,1,0,1,0,1,0,1,0,1,0,1,0,1,0,0,1,1,0,0,0,1,0,1,0,-1.543275830674474,0.811167529166329
0.20148985435085345,0.0,-1.4591741486566596,0.44303577337051536,0.0,0.0,1.863452179595359,0,1.3290120474686347,1,0,1,0,0,1,1,0,0,0,1,0,0,0,1,0,0,1,0,1,0,0,1,0,0,1,1,0,0,1,0,1,0,1,0,1,0,1,0,1,0,0,1,0,1,0,0.06429727461165266,-0.9999590584525606
0.3187872729638138,0.0,-1.2516270401274765,0.33012629336122234,0.0,0.0,0.9824137546907391,0,-1.4341941011566979,1,0,1,0,0,1,1,0,1,0,0,0,0,0,1,0,0,1,1,0,0,0,1,0,0,1,1,0,1,0,0,1,1,0,1,0,0,1,1,0,0,0,1,1,0,0,0.9277257945389579,-0.7603923903087321
0.025543726431412957,0.0,0.7161789826148406,1.2654537340011538,0.0,0.0,-1.2201823075708103,1,0.6834266109261706,1,0,1,0,1,0,0,1,1,0,0,0,0,0,1,0,0,1,0,0,1,0,1,0,0,1,0,1,1,0,1,0,1,0,1,0,0,1,1,0,0,0,1,1,0,0,0.18952677737344056,0.6262292057311153
-1.1474304596981904,0.0,1.623548997715863,-1.9375899111105526,0.0,0.0,0.10137532978611936,0,-1.2792870897943687,0,1,1,0,1,0,1,0,1,0,0,0,0,0,1,0,1,0,0,0,0,1,1,0,1,0,1,0,1,0,1,0,1,0,1,0,1,0,0,0,1,1,0,0,1,0,0.5389569420062502,-1.775655558765556
-1.2060791690046706,0.0,-0.13346699292650255,1.2157481529951086,0.0,0.0,-1.2201823075708103,1,-1.2550043690943278,0,1,1,0,1,0,1,0,1,0,0,0,0,0,1,0,0,1,0,0,1,0,0,1,1,0,1,0,1,0,0,1,0,1,0,1,1,0,1,0,0,0,1,1,0,0,0.5392908980003989,0.9905540455368115
-0.7368894945528293,0.0,-0.2988560950356954,0.36963080871589915,0.0,0.0,0.9824137546907391,0,0.15004409072182612,1,0,1,0,0,1,0,1,1,0,0,0,0,0,0,1,0,1,0,0,1,0,0,1,0,1,0,1,0,1,1,0,0,1,0,1,0,1,0,0,1,1,0,0,1,0,3.0116282160476664,0.19100403755816278
-0.7955382038593094,0.0,1.2116977042282653,0.33012629336122234,0.0,0.0,0.9824137546907391,0,1.5299724946413862,1,0,1,0,0,1,0,1,0,0,1,0,0,0,0,1,0,1,0,0,1,0,0,1,1,0,1,0,1,0,0,1,0,1,0,1,0,1,0,1,0,1,0,0,1,0,2.5598207099443298,0.3541725625400911
0.6706795288026948,0.0,-1.4591741486566596,0.6007621217270765,0.0,0.0,-0.7796630951185004,1,0.9614218961818102,1,0,1,0,1,0,1,0,0,0,0,0,1,0,1,0,0,1,0,1,0,0,1,0,0,1,0,1,1,0,1,0,1,0,1,0,0,1,1,0,0,0,1,0,1,0,-1.7724002189493604,-0.9404948235328063
-0.20905111079450772,0.0,0.14672160358789466,-1.0914725668313427,0.0,0.0,-1.2201823075708103,1,-1.0532065867250233,1,0,1,0,1,0,1,0,1,0,0,0,0,0,1,0,0,1,0,0,1,0,1,0,1,0,1,0,0,1,0,1,0,1,0,1,0,1,1,0,0,0,1,1,0,0,1.0385414212937876,0.8706995061091436
-1.2060791690046706,0.0,1.0547402034030704,1.2654537340011538,0.0,0.0,-0.7796630951185004,1,-1.1486627991320801,0,1,1,0,1,0,1,0,1,0,0,0,0,0,0,1,0,1,0,0,1,0,1,0,1,0,0,1,1,0,0,1,0,1,0,1,0,1,1,0,0,1,0,0,1,0,0.16701646630830266,1.2960524068952373
0.3187872729638138,0.0,-1.2736789204087022,0.4772711516590301,0.0,0.0,-1.2201823075708103,1,-1.1193560672527205,1,0,1,0,0,1,1,0,1,0,0,0,0,0,1,0,0,1,0,1,0,0,1,0,1,0,0,1,1,0,1,0,0,1,0,1,0,1,1,0,0,1,0,1,0,0,-0.4842828700055802,-0.1596582473751543
-0.09175369218154737,0.0,0.19731121129188287,0.6287713610382961,0.0,0.0,-1.2201823075708103,1,0.7646481249918243,1,0,1,0,1,0,1,0,1,0,0,0,0,0,1,0,0,1,0,0,1,0,1,0,1,0,0,1,1,0,0,1,0,1,0,1,0,1,1,0,0,0,1,1,0,0,0.24556747238598273,1.1552343133647949
-0.7955382038593094,0.0,-1.3138911726862317,-0.43890985399893934,0.0,0.0,0.10137532978611936,1,-0.9359796592075849,1,0,1,0,1,0,1,0,1,0,0,0,0,0,1,0,0,1,0,0,1,0,1,0,1,0,1,0,1,0,1,0,1,0,1,0,0,1,1,0,0,0,1,0,0,1,-2.884091069325674,0.7543873937128065
-1.2060791690046706,0.0,-1.0375940844567564,1.2654537340011538,0.0,0.0,0.10137532978611936,0,-1.243281676342584,0,1,1,0,1,0,1,0,0,0,0,0,0,1,0,1,0,1,0,0,1,0,0,1,1,0,1,0,1,0,1,0,1,0,1,0,0,1,1,0,0,0,1,1,0,0,-1.345188438587641,0.8983161878287237
-0.8541869131657895,0.0,0.591002132783177,0.40720749028027037,0.0,0.0,0.10137532978611936,1,1.1054435499889488,1,0,1,0,0,1,1,0,1,0,0,0,0,0,0,1,0,1,0,0,1,0,1,0,0,1,1,0,1,0,1,0,0,1,0,1,1,0,1,0,0,0,1,0,1,0,-1.107735391417254,1.3050382930234352
-0.09175369218154737,0.0,-1.4591741486566596,0.6287713610382961,0.0,0.0,-1.2201823075708103,1,-0.48465598826544726,1,0,1,0,0,1,1,0,1,0,0,0,0,0,1,0,0,1,0,1,0,0,1,0,0,1,1,0,1,0,1,0,1,0,1,0,0,1,1,0,0,1,0,0,0,1,-2.3667807698745826,-0.8877142366824241
0.20148985435085345,0.0,-0.17886792291726153,0.6287713610382961,0.0,0.0,-1.2201823075708103,1,-0.8899262233971627,1,0,1,0,1,0,1,0,1,0,0,0,0,0,0,1,0,1,0,0,1,0,0,1,1,0,1,0,1,0,1,0,1,0,1,0,0,1,1,0,0,0,1,1,0,0,-0.8058536250700346,0.8219544500694134
0.5533821101897345,0.0,-1.272381750980395,0.6007621217270765,0.0,0.0,-1.2201823075708103,1,0.583783722536348,1,0,1,0,1,0,1,0,0,0,0,0,0,1,1,0,0,1,0,1,0,0,1,0,1,0,1,0,1,0,1,0,1,0,1,0,1,0,1,0,0,1,0,0,0,1,-1.4361845934270514,-0.3027048335267019
0.37743598227029396,0.0,-0.13152123878404162,-1.9375899111105526,0.0,0.0,0.10137532978611936,0,-1.9257098615333859,1,0,1,0,1,0,1,0,1,0,0,0,0,0,0,1,1,0,0,0,0,1,1,0,1,0,1,0,1,0,1,0,1,0,1,0,1,0,0,0,1,1,0,1,0,0,0.08727272587695914,-1.3912397224464146
0.9052743660286154,0.0,-0.5213206519904134,0.6819075454764912,0.0,0.0,0.9824137546907391,0,1.1757797064994118,1,0,1,0,0,1,0,1,1,0,0,0,0,0,1,0,0,1,0,0,1,0,0,1,0,1,0,1,0,1,0,1,0,1,0,1,0,1,0,0,1,0,1,1,0,0,2.9837559774274482,0.22321519502306633
-0.9714843317787499,0.0,1.2545042953624095,-1.9375899111105526,0.0,0.0,0.9824137546907391,0,0.20112153771156713,1,0,1,0,0,1,0,1,0,0,1,0,0,0,1,0,1,0,0,0,0,1,1,0,1,0,1,0,1,0,1,0,1,0,1,0,1,0,0,0,1,1,0,1,0,0,1.1550105060945013,-2.1896367541103885
0.37743598227029396,0.0,0.7862261317434398,0.65579761464225,0.0,0.0,0.9824137546907391,0,0.3108124484600273,1,0,1,0,0,1,1,0,1,0,0,0,0,0,0,1,0,1,0,0,1,0,1,0,1,0,0,1,0,1,0,1,0,1,0,1,0,1,0,0,1,0,1,1,0,0,2.885122920625501,0.4035464400930134
0.08419243573789313,0.0,-1.0337025761718344,-0.023791351794107286,0.0,0.0,0.9824137546907391,0,-0.7718619606831713,1,0,1,0,0,1,1,0,1,0,0,0,0,0,1,0,0,1,0,1,0,0,0,1,1,0,0,1,1,0,0,1,1,0,1,0,1,0,0,1,0,0,1,0,1,0,1.219189790639269,-0.5290703054564018
0.20148985435085345,0.0,-0.9623582576149277,0.28848538496648446,0.0,0.0,-1.2201823075708103,1,0.05375054311821605,1,0,1,0,1,0,1,0,1,0,0,0,0,0,1,0,0,1,0,0,1,0,1,0,1,0,1,0,1,0,1,0,1,0,1,0,1,0,1,0,0,0,1,1,0,0,-0.06888392079004753,0.24191591515406424
1.8436537149322982,0.0,1.3757896369091507,0.037855076107910814,0.0,0.0,0.10137532978611936,0,0.009371777700900105,1,0,0,1,0,1,1,0,0,0,1,0,0,0,0,1,0,1,0,0,1,0,0,1,0,1,0,1,0,1,0,1,0,1,1,0,0,1,0,1,0,0,1,1,0,0,2.804452949919213,0.8083469043562278
1.1985179125610164,0.0,-1.3119454185437704,0.28848538496648446,0.0,0.0,-0.7796630951185004,1,-0.5374081056482946,1,0,0,1,1,0,1,0,1,0,0,0,0,0,1,0,0,1,0,0,1,0,1,0,1,0,1,0,1,0,1,0,1,0,1,0,0,1,1,0,0,0,1,0,1,0,-1.572312843179704,0.5585723273698198
0.4947334008832543,0.0,-1.0966152934447428,-1.0914725668313427,0.0,0.0,-1.2201823075708103,1,1.370041472099738,1,0,1,0,1,0,1,0,1,0,0,0,0,0,0,1,0,1,0,0,1,0,1,0,1,0,1,0,1,0,0,1,0,1,0,1,0,1,1,0,0,0,1,1,0,0,-2.278615576045265,1.511575821076607
-1.3233765876176309,0.0,-0.8786908294891007,1.120206624171783,0.0,0.0,0.10137532978611936,0,0.3166737948358992,0,1,1,0,1,0,1,0,0,0,0,0,0,1,1,0,0,1,0,0,1,0,1,0,1,0,1,0,1,0,1,0,1,0,1,0,0,1,1,0,0,0,1,1,0,0,-0.9221947221689867,0.48682803534214714
0.729328238109175,0.0,1.2674759896454832,0.6007621217270765,0.0,0.0,-0.7796630951185004,1,-1.3102684920668346,1,0,1,0,0,1,1,0,1,0,0,0,0,0,1,0,0,1,1,0,0,0,1,0,0,1,1,0,0,1,1,0,1,0,1,0,0,1,0,1,0,0,1,0,1,0,1.3570192275599775,-0.8143163783276108
-0.678240785246349,0.0,0.5488441263631868,-0.5576319593127251,0.0,0.0,-1.2201823075708103,1,-0.7584645975383211,1,0,1,0,1,0,1,0,1,0,0,0,0,0,1,0,0,1,0,1,0,0,1,0,0,1,1,0,1,0,1,0,1,0,1,0,0,1,1,0,0,1,0,1,0,0,-2.763217997752766,0.2179427602416075
-1.2647278783111506,0.0,0.0734315308885267,1.2654537340011538,0.0,0.0,-1.2201823075708103,1,1.1121422315613738,0,1,1,0,1,0,1,0,0,0,0,0,0,1,0,1,0,1,1,0,0,0,1,0,0,1,1,0,0,1,1,0,1,0,1,0,0,1,1,0,0,1,0,0,0,1,-2.641473481837179,0.4953664975521676
0.08419243573789313,0.0,-1.4591741486566596,0.5414890984678798,0.0,0.0,0.10137532978611936,0,1.126376929902777,1,0,1,0,0,1,0,1,0,0,0,0,1,0,1,0,0,1,1,0,0,0,0,1,0,1,0,1,0,1,1,0,0,1,0,1,0,1,0,0,1,1,0,0,1,0,-1.8120269033304732,-0.15247483492505975
0.6706795288026948,0.0,0.9963675791292378,0.7071612569928716,0.0,0.0,0.10137532978611936,0,-0.25522614440988933,1,0,1,0,0,1,0,1,1,0,0,0,0,0,1,0,0,1,0,1,0,0,0,1,1,0,1,0,0,1,1,0,1,0,1,0,0,1,0,1,0,1,0,0,1,0,0.4809843210625436,-0.25924488213233154
-0.15040240148802755,0.0,0.7414737864668348,0.33012629336122234,0.0,0.0,1.863452179595359,0,1.2008997623960056,1,0,1,0,1,0,1,0,1,0,0,0,0,0,0,1,0,1,0,0,1,0,1,0,0,1,0,1,1,0,0,1,0,1,0,1,0,1,0,1,0,0,1,1,0,0,3.12687300053143,0.12416496002800659
-1.03013304108523,0.0,1.4328650917546764,0.9410480977988882,0.0,0.0,-0.7796630951185004,1,-0.8271260836556779,1,0,1,0,1,0,1,0,0,0,0,0,0,1,1,0,0,1,0,0,1,0,1,0,1,0,1,0,1,0,1,0,1,0,1,0,0,1,1,0,0,1,0,0,1,0,-2.2640310762768623,0.8039295554882677
-0.9128356224722697,0.0,0.5968393952105604,-1.9375899111105526,0.0,0.0,0.10137532978611936,0,0.41464201283261554,1,0,1,0,0,1,0,1,1,0,0,0,0,0,1,0,1,0,0,0,0,1,1,0,1,0,1,0,1,0,1,0,1,0,1,0,1,0,0,0,1,1,0,0,1,0,-0.75883914696562,-1.2200579473988746
-0.9128356224722697,0.0,1.2240208137971853,0.65579761464225,0.0,0.0,-0.7796630951185004,1,-0.004862920640503123,1,0,1,0,1,0,1,0,1,0,0,0,0,0,0,1,0,1,0,0,1,0,1,0,1,0,1,0,1,0,1,0,1,0,1,0,0,1,1,0,0,0,1,1,0,0,-1.5556088821031795,0.8699347399932428
0.5533821101897345,0.0,-1.4591741486566596,0.19777251896391848,0.0,0.0,0.10137532978611936,0,0.3133244540496867,1,0,1,0,0,1,1,0,0,1,0,0,0,0,1,0,0,1,0,1,0,0,0,1,0,1,0,1,1,0,1,0,0,1,0,1,0,1,0,0,1,0,1,1,0,0,0.5860362201793435,-1.6851462879447798
1.6090588777063775,0.0,0.14088434116051138,0.6007621217270765,0.0,0.0,0.10137532978611936,0,0.22791626400126733,1,0,0,1,1,0,1,0,1,0,0,0,0,0,0,1,0,1,0,0,1,0,0,1,0,1,0,1,0,1,0,1,0,1,1,0,0,1,0,0,1,1,0,1,0,0,3.1682701647903637,0.3871146190894776
0.2601385636573336,0.0,-0.7807545376518924,-1.9375899111105526,0.0,0.0,0.9824137546907391,0,-1.8922164536712607,1,0,1,0,1,0,1,0,1,0,0,0,0,0,1,0,1,0,0,0,0,1,1,0,1,0,1,0,1,0,1,0,1,0,1,0,1,0,1,0,0,0,1,1,0,0,-1.7679824268334923,-0.9645430533590861
-1.675268843456512,0.0,-1.4591741486566596,1.2654537340011538,0.0,0.0,-1.2201823075708103,1,0.5846210577329012,0,1,1,0,0,1,1,0,0,0,0,1,0,0,1,0,0,1,1,0,0,0,1,0,1,0,1,0,1,0,0,1,1,0,1,0,0,1,1,0,0,0,1,1,0,0,-1.404411877969616,-1.0962809822555493
1.6677075870128577,0.0,-0.618608359113468,0.40720749028027037,0.0,0.0,0.10137532978611936,1,0.13413472198731663,1,0,0,1,1,0,1,0,0,0,0,0,0,1,1,0,0,1,0,0,1,0,1,0,0,1,0,1,0,1,1,0,0,1,1,0,0,1,1,0,0,0,1,0,1,0,-1.5784594320866194,1.4478183234143474
1.0225717846415758,0.0,1.7000819939859992,0.19777251896391848,0.0,0.0,-1.2201823075708103,1,-0.2409914460684861,1,0,0,1,1,0,1,0,1,0,0,0,0,0,0,1,0,1,0,0,1,0,1,0,1,0,0,1,1,0,0,1,0,1,0,1,0,1,1,0,0,0,1,1,0,0,0.25024582498646303,1.3645989618603238
-0.4436459480204284,0.0,-0.3286909918867655,0.7071612569928716,0.0,0.0,0.10137532978611936,0,0.9162057955679411,1,0,1,0,0,1,1,0,0,0,1,0,0,0,0,1,0,1,0,1,0,0,0,1,0,1,1,0,1,0,1,0,0,1,0,1,0,1,0,0,1,0,1,0,0,1,2.1146813289561153,-0.7828263893332205
-1.4406740062305912,0.0,-1.3508605013929924,1.2157481529951086,0.0,0.0,0.10137532978611936,0,0.628162487953664,0,1,1,0,0,1,1,0,1,0,0,0,0,0,0,1,0,1,0,0,1,0,0,1,0,1,0,1,0,1,0,1,0,1,0,1,0,1,0,0,1,0,1,0,1,0,2.6953072297171397,0.37751698500980513
-0.8541869131657895,0.0,0.9782072071329342,0.6007621217270765,0.0,0.0,0.10137532978611936,0,0.8274482647333092,1,0,1,0,0,1,0,1,0,0,1,0,0,0,0,1,0,1,0,1,0,0,0,1,0,1,1,0,0,1,1,0,0,1,0,1,0,1,0,0,1,0,1,0,1,0,2.1513429118113465,-0.409686895807119
-0.9128356224722697,0.0,1.6631126652792385,0.5100492557245105,0.0,0.0,0.10137532978611936,0,-0.3565437031928182,1,0,1,0,0,1,0,1,0,0,0,1,0,0,1,0,0,1,1,0,0,0,1,0,1,0,0,1,1,0,0,1,1,0,1,0,0,1,1,0,0,0,1,0,1,0,1.3081734497013107,-0.5256311593863551
-1.3233765876176309,0.0,1.61252305757525,0.9410480977988882,0.0,0.0,1.863452179595359,0,-0.6286776420725858,0,1,1,0,1,0,1,0,1,0,0,0,0,0,1,0,0,1,1,0,0,0,1,0,1,0,1,0,1,0,1,0,1,0,1,0,0,1,1,0,0,1,0,0,1,0,-2.740226505844102,0.0625785595452004
-1.2060791690046706,0.0,-0.7087616343808321,-1.9375899111105526,0.0,0.0,0.9824137546907391,0,1.370041472099738,0,1,1,0,0,1,0,1,1,0,0,0,0,0,1,0,1,0,0,0,0,1,1,0,1,0,1,0,1,0,1,0,1,0,1,0,1,0,0,0,1,1,0,0,1,0,-2.143020215537558,-0.9308947178898216
-0.03310498287506721,0.0,1.3005538100673217,0.7071612569928716,0.0,0.0,-1.2201823075708103,1,1.280446606068553,1,0,1,0,1,0,1,0,0,0,0,0,0,1,1,0,0,1,0,1,0,0,1,0,0,1,1,0,0,1,1,0,1,0,1,0,0,1,1,0,0,0,1,0,1,0,-2.0206235293320693,0.28024048687224146
1.7263562963193377,0.0,-0.5433725322716393,0.5100492557245105,0.0,0.0,0.9824137546907391,0,0.7587867786159525,1,0,0,1,1,0,1,0,0,1,0,0,0,0,0,1,0,1,0,0,1,0,0,1,0,1,1,0,0,1,0,1,0,1,1,0,0,1,0,0,1,0,1,1,0,0,2.9942823319576934,0.2671552003959729
0.9639230753350957,0.0,0.9632897587073994,-1.9375899111105526,0.0,0.0,1.863452179595359,0,-1.888867112885048,1,0,1,0,0,1,0,1,1,0,0,0,0,0,1,0,1,0,0,0,0,1,1,0,1,0,1,0,1,0,1,0,1,0,1,0,1,0,0,0,1,1,0,0,1,0,0.5423316108657628,-1.8250759022014194
-1.2647278783111506,0.0,1.5158839351663491,-1.9375899111105526,0.0,0.0,0.9824137546907391,0,1.3340360586479536,0,1,1,0,1,0,0,1,1,0,0,0,0,0,1,0,1,0,0,0,0,1,1,0,1,0,1,0,1,0,1,0,1,0,1,0,1,0,1,0,0,1,0,0,0,1,-1.521048257639148,-0.9599570266616193
0.6706795288026948,0.0,0.6175941060634789,-1.9375899111105526,0.0,0.0,1.863452179595359,0,0.832472275912628,1,0,1,0,0,1,0,1,0,0,1,0,0,0,1,0,1,0,0,0,0,1,1,0,1,0,1,0,1,0,1,0,1,0,1,0,1,0,0,0,1,1,0,0,0,1,0.3264422708467319,-1.7066293686819545
-0.4436459480204284,0.0,1.0294453995510762,0.14806693795787343,0.0,0.0,-1.2201823075708103,1,1.5827246120242335,1,0,1,0,0,1,1,0,1,0,0,0,0,0,1,0,0,1,0,0,1,0,0,1,1,0,1,0,1,0,0,1,1,0,1,0,0,1,1,0,0,1,0,1,0,0,2.161544334876129,-0.08283410957781531
0.9052743660286154,0.0,0.8134666897378952,-1.0914725668313427,0.0,0.0,0.10137532978611936,0,0.2220549176253954,1,0,1,0,1,0,1,0,1,0,0,0,0,0,1,0,0,1,0,0,1,0,1,0,1,0,1,0,1,0,1,0,1,0,1,0,0,1,1,0,0,0,1,0,1,0,1.3477735195363363,-0.21938425856250657
0.37743598227029396,0.0,1.4983721478841996,-0.023791351794107286,0.0,0.0,-1.2201823075708103,1,0.8115388959987997,1,0,1,0,0,1,1,0,0,0,0,0,1,0,1,0,0,1,0,0,1,0,1,0,1,0,0,1,1,0,0,1,0,1,0,1,0,1,1,0,0,0,1,0,0,1,0.49829463940997953,1.1521610584025261
-0.3849972387139482,0.0,-1.4591741486566596,0.14806693795787343,0.0,0.0,0.10137532978611936,0,-0.4804693122826816,1,0,1,0,1,0,1,0,1,0,0,0,0,0,1,0,0,1,0,1,0,0,1,0,1,0,0,1,0,1,1,0,1,0,1,0,0,1,0,1,0,1,0,0,1,0,-0.8431268953155948,-1.3626170097468215
1.6090588777063775,0.0,0.37307766882753485,0.19777251896391848,0.0,0.0,0.10137532978611936,0,0.49083951571895046,1,0,0,1,0,1,0,1,1,0,0,0,0,0,1,0,0,1,0,0,1,0,1,0,0,1,0,1,0,1,0,1,1,0,1,0,0,1,1,0,0,0,1,0,1,0,2.4604617549951064,0.14052540403421449
0.9052743660286154,0.0,-1.4591741486566596,0.037855076107910814,0.0,0.0,1.863452179595359,0,-0.7350192120348334,1,0,1,0,1,0,1,0,0,0,0,0,1,0,1,0,0,1,1,0,0,0,1,0,0,1,1,0,1,0,1,0,1,0,1,0,0,1,1,0,0,0,1,0,0,1,-2.108069098493695,-0.8998210357635187
-1.3233765876176309,0.0,0.14737018830204823,1.1055362911451465,0.0,0.0,0.9824137546907391,0,0.6114157840226013,0,1,1,0,1,0,1,0,0,0,1,0,0,0,0,1,0,1,0,0,1,0,0,1,0,1,1,0,1,0,0,1,0,1,0,1,0,1,1,0,0,0,1,0,1,0,2.5611589704330435,0.49778438915436135
0.729328238109175,0.0,-0.32155656003107486,0.24446373527230422,0.0,0.0,-1.2201823075708103,1,-1.6318052075432368,1,0,1,0,1,0,1,0,1,0,0,0,0,0,1,0,0,1,0,0,1,0,1,0,1,0,1,0,1,0,1,0,1,0,1,0,0,1,1,0,0,0,1,1,0,0,-2.489126028539309,0.8304353388756559
1.081220493948056,0.0,-1.3054595714022335,-1.9375899111105526,0.0,0.0,1.863452179595359,0,1.1933637456270274,1,0,0,1,1,0,1,0,0,1,0,0,0,0,0,1,1,0,0,0,0,1,1,0,1,0,1,0,1,0,1,0,1,0,1,0,1,0,0,0,1,0,1,0,1,0,0.7936505443787863,-2.2191832102782723
-0.26769982010098786,0.0,-1.4591741486566596,0.4772711516590301,0.0,0.0,0.10137532978611936,0,0.7897681808884183,1,0,1,0,0,1,0,1,1,0,0,0,0,0,1,0,0,1,0,1,0,0,0,1,1,0,0,1,1,0,1,0,0,1,0,1,0,1,0,1,0,1,0,0,1,0,-0.2317621255324412,-1.3010148377237583
1.5504101683998974,0.0,-0.8877710154872525,-0.33606808855469933,0.0,0.0,0.9824137546907391,0,0.1927481857460358,1,0,0,1,1,0,1,0,1,0,0,0,0,0,0,1,0,1,0,0,1,0,1,0,1,0,1,0,1,0,0,1,1,0,1,0,0,1,0,0,1,0,1,1,0,0,1.5030208291601,0.10811953833113243
0.025543726431412957,0.0,-0.8261554676426512,0.19777251896391848,0.0,0.0,1.863452179595359,0,0.12911071080799785,1,0,1,0,0,1,1,0,0,1,0,0,0,0,0,1,0,1,0,0,1,0,1,0,0,1,0,1,1,0,1,0,1,0,1,0,1,0,0,1,0,1,0,0,1,0,2.3995179213592865,-0.3590207285888537
0.025543726431412957,0.0,-0.19573112548525753,-1.9375899111105526,0.0,0.0,-1.2201823075708103,1,-0.662171049934711,1,0,1,0,0,1,1,0,0,0,0,0,1,0,1,0,1,0,0,0,0,1,1,0,1,0,1,0,1,0,1,0,1,0,1,0,1,0,1,0,0,1,0,0,1,0,-1.4810172319530976,-1.0766507755429464
-0.26769982010098786,0.0,1.2369925080802595,-1.9375899111105526,0.0,0.0,1.863452179595359,0,-1.0280865308284293,1,0,1,0,1,0,1,0,0,0,0,0,0,1,1,0,1,0,0,0,0,1,1,0,1,0,1,0,1,0,1,0,1,0,1,0,1,0,1,0,0,1,0,0,1,0,-1.6821536769022882,-0.9163644370398168
1.433112749786937,0.0,-0.2787499688969308,0.0949307535196783,0.0,0.0,0.10137532978611936,1,-1.82522963794701,1,0,0,1,1,0,1,0,0,0,0,0,0,1,1,0,0,1,0,0,1,0,1,0,1,0,1,0,1,0,1,0,1,0,1,0,0,1,1,0,0,0,1,1,0,0,-2.501506606935415,0.7986189621041876
1.3158153311739766,0.0,0.02738201618361438,-1.9375899111105526,0.0,0.0,-1.2201823075708103,1,-0.400085133413581,1,0,0,1,1,0,1,0,1,0,0,0,0,0,1,0,1,0,0,0,0,1,1,0,1,0,1,0,1,0,1,0,1,0,1,0,1,0,1,0,0,0,1,1,0,0,-3.6635617411672174,-0.6634527752476573
1.1398692032545361,0.0,-1.252924209555784,-0.5576319593127251,0.0,0.0,-1.2201823075708103,1,0.2815057165806677,1,0,0,1,0,1,1,0,0,0,1,0,0,0,0,1,0,1,0,0,1,0,1,0,1,0,0,1,1,0,0,1,0,1,0,1,0,1,1,0,0,0,1,1,0,0,2.094230112869414,0.17982111419865113
0.43608469157677415,0.0,0.7739030221745197,0.4772711516590301,0.0,0.0,0.10137532978611936,0,0.3225351412117711,1,0,1,0,1,0,0,1,0,0,0,1,0,0,1,0,0,1,0,1,0,0,1,0,0,1,1,0,0,1,1,0,1,0,1,0,0,1,0,1,0,0,1,0,1,0,0.6089480358927588,-0.4458032685225801
0.3187872729638138,0.0,-1.4591741486566596,-0.43890985399893934,0.0,0.0,0.9824137546907391,0,0.7864188401022058,1,0,1,0,0,1,1,0,0,1,0,0,0,0,1,0,0,1,0,1,0,0,0,1,0,1,0,1,0,1,0,1,0,1,0,1,0,1,0,0,1,1,0,1,0,0,0.9052317146180778,-1.2442325426421672
-0.03310498287506721,0.0,-1.343077484823148,0.14806693795787343,0.0,0.0,0.10137532978611936,1,-1.7373094423089315,1,0,1,0,1,0,1,0,0,0,0,0,1,0,1,0,0,1,0,0,1,0,1,0,0,1,1,0,1,0,1,0,1,0,1,0,1,0,1,0,0,0,1,0,1,0,-0.09528484087077929,0.26770053034794006
0.9639230753350957,0.0,-1.4591741486566596,0.037855076107910814,0.0,0.0,-1.2201823075708103,1,-0.2359674348891673,1,0,1,0,1,0,1,0,0,0,1,0,0,0,1,0,0,1,0,1,0,0,1,0,1,0,0,1,1,0,0,1,0,1,0,1,0,1,1,0,0,0,1,1,0,0,-0.32217611831582177,-1.0747446093094097
1.4917614590934172,0.0,1.4231363210423704,0.0949307535196783,0.0,0.0,0.10137532978611936,1,0.9363018402852162,1,0,0,1,1,0,1,0,1,0,0,0,0,0,0,1,0,1,0,0,1,0,1,0,1,0,0,1,1,0,0,1,0,1,1,0,1,0,1,0,0,0,1,1,0,0,1.0314681295317263,1.03668643338731
-0.5022946573269086,0.0,-1.160825180145959,-1.9375899111105526,0.0,0.0,0.10137532978611936,0,-0.2903942226651208,1,0,1,0,0,1,1,0,0,0,1,0,0,0,0,1,1,0,0,0,0,1,1,0,1,0,1,0,1,0,1,0,1,0,1,0,1,0,0,1,0,1,0,0,1,0,0.08423948158958099,-1.6792054213638585
0.9639230753350957,0.0,-0.9039856333410948,0.5414890984678798,0.0,0.0,0.10137532978611936,1,-0.7551152567521086,1,0,1,0,1,0,1,0,0,0,0,0,0,1,0,1,0,1,0,0,1,0,1,0,0,1,1,0,1,0,1,0,0,1,0,1,0,1,1,0,0,0,1,0,1,0,-2.2849099896612755,1.3837299228364444
0.37743598227029396,0.0,-0.6192569438276219,-0.43890985399893934,0.0,0.0,1.863452179595359,0,-0.3732904071238808,1,0,1,0,0,1,1,0,0,0,0,0,1,0,1,0,0,1,1,0,0,0,1,0,1,0,1,0,1,0,1,0,1,0,1,0,0,1,1,0,0,0,1,1,0,0,-0.9182149089475902,-0.29962209721983546
0.7879769474156552,0.0,-0.47332538314304,0.44303577337051536,0.0,0.0,0.10137532978611936,0,0.047051861545791,1,0,1,0,0,1,1,0,1,0,0,0,0,0,1,0,0,1,0,0,1,0,0,1,1,0,0,1,0,1,1,0,1,0,1,0,0,1,0,1,0,0,1,1,0,0,1.5952500590810295,0.10206455612681017
0.025543726431412957,0.0,1.7565088641173707,-1.9375899111105526,0.0,0.0,0.10137532978611936,0,1.4529376565584982,1,0,1,0,0,1,1,0,0,0,1,0,0,0,1,0,1,0,0,0,0,1,1,0,1,0,1,0,1,0,1,0,1,0,1,0,1,0,0,1,0,1,0,1,0,0,0.7277026356011443,-1.8672335677606886
0.729328238109175,0.0,-0.2748584606120085,0.36963080871589915,0.0,0.0,0.10137532978611936,0,0.4004073144912123,1,0,1,0,0,1,0,1,0,0,1,0,0,0,0,1,0,1,0,0,1,0,0,1,0,1,0,1,1,0,1,0,0,1,0,1,1,0,0,1,0,0,1,0,1,0,2.5572867752267885,0.2158015102563285
1.081220493948056,0.0,1.4620514038915924,0.6819075454764912,0.0,0.0,-0.7796630951185004,1,-0.51480005534136,1,0,0,1,0,1,1,0,0,0,1,0,0,0,0,1,0,1,1,0,0,0,1,0,0,1,0,1,0,1,0,1,0,1,1,0,0,1,0,1,0,0,1,1,0,0,2.2580946923250664,0.9746086614477574
1.4917614590934172,0.0,0.1129951984519022,-0.1642097988027183,0.0,0.0,-1.2201823075708103,1,0.5553143258535416,1,0,0,1,0,1,1,0,0,0,0,0,0,1,1,0,0,1,1,0,0,0,0,1,1,0,1,0,1,0,1,0,1,0,1,0,0,1,1,0,0,0,1,1,0,0,-2.854265039922855,0.18903009478696042
0.43608469157677415,0.0,0.2498465731383325,-0.5576319593127251,0.0,0.0,0.9824137546907391,0,1.2126224551477496,1,0,1,0,1,0,1,0,1,0,0,0,0,0,1,0,0,1,1,0,0,0,0,1,0,1,1,0,0,1,1,0,1,0,1,0,0,1,0,1,0,0,1,0,1,0,1.4216067071448801,-0.7219542719698393
-0.7368894945528293,0.0,0.12207538445005399,1.1346027292456944,0.0,0.0,0.10137532978611936,0,0.10147864932174452,1,0,1,0,0,1,0,1,1,0,0,0,0,0,0,1,0,1,0,0,1,0,1,0,1,0,1,0,0,1,0,1,0,1,0,1,0,1,1,0,0,0,1,0,1,0,1.8145803460686742,0.6572742198665088
-0.26769982010098786,0.0,0.37956351596907195,0.36963080871589915,0.0,0.0,-1.2201823075708103,1,-0.47042128992404403,1,0,1,0,1,0,0,1,1,0,0,0,0,0,1,0,0,1,0,0,1,0,0,1,1,0,0,1,0,1,0,1,0,1,0,1,1,0,1,0,0,0,1,1,0,0,0.9832961520924469,1.2967924432968454
0.2601385636573336,0.0,0.6260257073474766,-1.9375899111105526,0.0,0.0,0.10137532978611936,0,1.068600801340611,1,0,1,0,1,0,0,1,1,0,0,0,0,0,1,0,1,0,0,0,0,1,1,0,1,0,1,0,1,0,1,0,1,0,1,0,1,0,0,1,0,0,1,0,1,0,-2.3057656568655895,-0.8081260808235372
0.3187872729638138,0.0,-1.0220280513170676,-0.869908696073317,0.0,0.0,0.10137532978611936,0,-1.7180507327882093,1,0,1,0,1,0,1,0,0,0,0,0,0,1,1,0,0,1,0,0,1,0,1,0,1,0,1,0,1,0,1,0,1,0,1,0,0,1,1,0,0,0,1,0,1,0,-2.0481932010897688,0.7229598502239497
0.3187872729638138,0.0,1.2428297705076425,0.65579761464225,0.0,0.0,0.10137532978611936,0,-0.08943377549236936,1,0,1,0,1,0,1,0,0,0,0,1,0,0,0,1,0,1,0,0,1,0,0,1,0,1,1,0,1,0,1,0,0,1,0,1,0,1,1,0,0,0,1,0,1,0,1.4606707666365362,0.6888900788723188
0.9639230753350957,0.0,0.1000235041688283,0.037855076107910814,0.0,0.0,0.10137532978611936,0,-0.023284294964672006,1,0,1,0,1,0,1,0,1,0,0,0,0,0,1,0,0,1,1,0,0,0,1,0,0,1,1,0,1,0,1,0,1,0,1,0,0,1,0,1,0,1,0,0,1,0,-0.3883403835497479,-0.21003110300849423
0.025543726431412957,0.0,-0.34360844031230053,-1.9375899111105526,0.0,0.0,0.9824137546907391,0,0.737016063505571,1,0,1,0,0,1,0,1,1,0,0,0,0,0,1,0,1,0,0,0,0,1,1,0,1,0,1,0,1,0,1,0,1,0,1,0,1,0,0,0,1,1,0,1,0,0,-1.916474166019472,-0.953688699372789
0.9052743660286154,0.0,1.1967802558027305,-1.9375899111105526,0.0,0.0,1.863452179595359,0,-1.933245878302364,1,0,1,0,1,0,1,0,1,0,0,0,0,0,1,0,1,0,0,0,0,1,1,0,1,0,1,0,1,0,1,0,1,0,1,0,1,0,0,1,0,1,0,0,1,0,-0.9102615513492291,-1.17506866316125
1.1985179125610164,0.0,0.23428053999864362,0.40720749028027037,0.0,0.0,0.10137532978611936,0,1.369204136903185,1,0,0,1,1,0,1,0,1,0,0,0,0,0,0,1,0,1,0,0,1,0,0,1,0,1,0,1,1,0,0,1,0,1,0,1,0,1,1,0,0,0,1,1,0,0,2.8682194043448894,0.4348689921203043
1.5504101683998974,0.0,1.7091621799841512,0.28848538496648446,0.0,0.0,0.10137532978611936,1,0.8174002423746716,1,0,0,1,0,1,0,1,0,0,0,0,0,1,0,1,0,1,0,0,1,0,1,0,0,1,1,0,1,0,1,0,1,0,1,0,0,1,1,0,0,0,1,0,1,0,-0.21714482107318145,0.8070755659560072
0.025543726431412957,0.0,-1.4591741486566596,-0.023791351794107286,0.0,0.0,0.9824137546907391,0,0.21284423046331097,1,0,1,0,1,0,1,0,1,0,0,0,0,0,1,0,0,1,0,1,0,0,1,0,1,0,1,0,1,0,1,0,1,0,1,0,0,1,1,0,0,1,0,0,1,0,-2.1769458675174818,-1.1310512311690166
1.1985179125610164,0.0,1.1150585818193643,0.5716956836265287,0.0,0.0,0.10137532978611936,1,-0.5332214296655289,1,0,0,1,1,0,1,0,0,0,0,1,0,0,0,1,0,1,0,0,1,0,1,0,1,0,0,1,1,0,0,1,0,1,1,0,0,1,1,0,0,0,1,1,0,0,1.8084688338618815,0.7881149078497419
-0.678240785246349,0.0,-0.6263913756833125,0.4772711516590301,0.0,0.0,0.10137532978611936,0,-0.17567930073734186,1,0,1,0,0,1,0,1,1,0,0,0,0,0,0,1,0,1,0,1,0,0,0,1,0,1,0,1,1,0,0,1,0,1,0,1,0,1,0,0,1,0,1,0,1,0,2.5274473041052268,-0.5185148105081165
-0.26769982010098786,0.0,1.0631718046870686,-0.24535522255213305,0.0,0.0,0.10137532978611936,1,-1.000454469342176,1,0,1,0,1,0,1,0,0,0,0,0,0,1,0,1,0,1,0,0,1,0,1,0,0,1,0,1,1,0,0,1,0,1,0,1,0,1,1,0,0,1,0,0,0,1,-0.301270393104624,1.5907109830574453
-1.1474304596981904,0.0,0.49112008680350777,1.2654537340011538,0.0,0.0,0.10137532978611936,0,-0.7693499550935118,0,1,1,0,1,0,1,0,1,0,0,0,0,0,1,0,0,1,0,1,0,0,0,1,1,0,1,0,0,1,1,0,1,0,1,0,0,1,1,0,0,1,0,1,0,0,0.3910548294592616,-0.3428913837667156
-0.03310498287506721,0.0,-0.04720522594406093,-1.9375899111105526,0.0,0.0,0.10137532978611936,0,-0.12627652414070714,1,0,1,0,0,1,1,0,1,0,0,0,0,0,1,0,1,0,0,0,0,1,1,0,1,0,1,0,1,0,1,0,1,0,1,0,1,0,0,1,0,1,0,0,0,1,-0.09314093112944248,-1.5905222521820404
-0.4436459480204284,0.0,1.6138202270035578,0.6819075454764912,0.0,0.0,-1.2201823075708103,1,-0.19828735104427642,1,0,1,0,1,0,1,0,0,0,1,0,0,0,0,1,0,1,0,0,1,0,1,0,1,0,1,0,1,0,0,1,0,1,0,1,0,1,1,0,0,0,1,1,0,0,2.5375060425073634,0.23204975132421535
1.9023024242387783,0.0,-1.4591741486566596,-0.6980504063213363,0.0,0.0,0.10137532978611936,0,1.0669261309475047,1,0,0,1,0,1,1,0,1,0,0,0,0,0,1,0,0,1,0,1,0,0,1,0,0,1,0,1,0,1,0,1,1,0,1,0,0,1,0,0,1,0,1,1,0,0,-0.6085589943729544,-0.8364946763346722
0.2601385636573336,0.0,-1.2620043955539357,0.7071612569928716,0.0,0.0,0.10137532978611936,0,1.0568781085888672,1,0,1,0,0,1,0,1,0,1,0,0,0,0,0,1,0,1,0,0,1,0,0,1,1,0,0,1,0,1,1,0,0,1,0,1,0,1,0,1,0,0,1,1,0,0,2.389191094656029,0.04214932537339746
-0.7368894945528293,0.0,-0.24307780961847744,-1.9375899111105526,0.0,0.0,0.10137532978611936,0,0.8098642256056935,1,0,1,0,0,1,0,1,0,0,1,0,0,0,1,0,1,0,0,0,0,1,1,0,1,0,1,0,1,0,1,0,1,0,1,0,1,0,0,0,1,1,0,0,1,0,0.7161104146171485,-2.0877490930658977
-1.4406740062305912,0.0,-0.027099099805296404,-1.9375899111105526,0.0,0.0,0.9824137546907391,0,0.9145311251748348,0,1,1,0,0,1,1,0,0,1,0,0,0,0,0,1,1,0,0,0,0,1,1,0,1,0,1,0,1,0,1,0,1,0,1,0,1,0,0,1,0,0,1,1,0,0,1.2978753125495,-2.104813019622632
-0.26769982010098786,0.0,-0.614716850828546,0.19777251896391848,0.0,0.0,-1.2201823075708103,1,0.6432345214916203,1,0,1,0,1,0,1,0,1,0,0,0,0,0,1,0,0,1,0,0,1,0,1,0,1,0,1,0,1,0,1,0,1,0,1,0,0,1,1,0,0,0,1,1,0,0,-1.4892440841949286,0.6343839174593945
-0.7368894945528293,0.0,-0.2884787396092362,-0.5576319593127251,0.0,0.0,-0.7796630951185004,1,0.2245669232150548,1,0,1,0,0,1,1,0,0,0,0,0,1,0,1,0,0,1,0,0,1,0,1,0,1,0,1,0,1,0,0,1,0,1,0,1,0,1,1,0,0,0,1,0,1,0,0.6783241078517833,0.741704479813028
-0.6195920759398689,0.0,0.37307766882753485,-0.1642097988027183,0.0,0.0,0.10137532978611936,1,-1.1704335142424616,1,0,1,0,1,0,1,0,1,0,0,0,0,0,0,1,0,1,1,0,0,0,1,0,1,0,1,0,1,0,1,0,1,0,1,0,0,1,1,0,0,0,1,1,0,0,-2.791925199414824,0.21516498950648905
1.4917614590934172,0.0,-0.8799879989174081,0.44303577337051536,0.0,0.0,-0.7796630951185004,1,1.0191980247439762,1,0,0,1,1,0,1,0,0,0,1,0,0,0,0,1,0,1,0,0,1,0,0,1,1,0,1,0,1,0,0,1,0,1,0,1,0,1,1,0,0,0,1,1,0,0,2.2036398576130813,0.2660373157351743
-0.9714843317787499,0.0,-0.10622643493204739,-0.869908696073317,0.0,0.0,-1.2201823075708103,1,-0.2493647980340174,1,0,1,0,1,0,1,0,1,0,0,0,0,0,1,0,0,1,0,1,0,0,0,1,1,0,1,0,1,0,1,0,1,0,1,0,0,1,1,0,0,1,0,1,0,0,-0.20327382089793364,-0.36396068273865806
1.8436537149322982,0.0,-0.5362381004159485,0.0949307535196783,0.0,0.0,0.9824137546907391,0,0.9203924715507067,1,0,0,1,1,0,1,0,1,0,0,0,0,0,0,1,0,1,0,0,1,0,1,0,0,1,1,0,0,1,0,1,1,0,1,0,0,1,0,0,1,0,1,1,0,0,1.4271174219939007,0.6491973739161276
-0.5609433666333887,0.0,-1.1173700042976613,-1.9375899111105526,0.0,0.0,0.9824137546907391,0,0.8366589518953936,1,0,1,0,0,1,1,0,0,1,0,0,0,0,1,0,1,0,0,0,0,1,1,0,1,0,1,0,1,0,1,0,1,0,1,0,1,0,0,0,1,1,0,1,0,0,0.6852226947175026,-2.2880784175356697
0.37743598227029396,0.0,-0.01218165137976134,0.36963080871589915,0.0,0.0,1.863452179595359,0,0.8341469463057343,1,0,1,0,0,1,0,1,1,0,0,0,0,0,0,1,0,1,0,0,1,0,1,0,0,1,0,1,1,0,1,0,0,1,0,1,0,1,1,0,0,0,1,1,0,0,1.9966340568560679,0.40549256053428334
0.4947334008832543,0.0,-0.43505888500797185,-1.9375899111105526,0.0,0.0,0.10137532978611936,1,-1.7138640568054437,1,0,1,0,1,0,1,0,1,0,0,0,0,0,1,0,1,0,0,0,0,1,1,0,1,0,1,0,1,0,1,0,1,0,1,0,1,0,0,1,0,1,0,0,1,0,-3.3631231272888544,-0.7148343209969126
0.8466256567221353,0.0,-1.3216741892560757,0.28848538496648446,0.0,0.0,-1.2201823075708103,1,-0.176516635933895,1,0,1,0,0,1,1,0,1,0,0,0,0,0,0,1,0,1,0,0,1,0,1,0,0,1,0,1,1,0,0,1,1,0,1,0,1,0,1,0,0,1,0,1,0,0,0.9278646173799252,0.5900075659153843
1.4917614590934172,0.0,-1.4591741486566596,0.5716956836265287,0.0,0.0,-0.7796630951185004,1,1.6363140646036338,1,0,0,1,1,0,1,0,1,0,0,0,0,0,1,0,0,1,0,1,0,0,1,0,0,1,0,1,1,0,0,1,0,1,1,0,0,1,1,0,0,0,1,1,0,0,0.1343403536721669,-1.1355289197242269
0.2601385636573336,0.0,1.0586317116879929,0.36963080871589915,0.0,0.0,0.10137532978611936,0,1.3005426507858282,1,0,1,0,1,0,0,1,1,0,0,0,0,0,0,1,0,1,0,1,0,0,1,0,1,0,1,0,1,0,1,0,1,0,1,0,1,0,1,0,0,1,0,0,0,1,0.8616787468495327,-0.721124834914596
0.2601385636573336,0.0,-1.4591741486566596,0.5414890984678798,0.0,0.0,0.9824137546907391,0,0.045377191152684744,1,0,1,0,1,0,1,0,1,0,0,0,0,0,1,0,0,1,0,1,0,0,1,0,0,1,0,1,1,0,0,1,0,1,0,1,0,1,0,1,0,0,1,0,1,0,0.1370307505408002,-1.0407445686762593
1.433112749786937,0.0,0.7790916998877492,0.19777251896391848,0.0,0.0,-1.2201823075708103,1,-0.7433925640003648,1,0,0,1,1,0,1,0,0,0,0,0,0,1,1,0,0,1,0,0,1,0,1,0,1,0,1,0,1,0,1,0,1,0,1,0,0,1,1,0,0,0,1,1,0,0,-2.3563615234465742,0.7746334992307468
0.2601385636573336,0.0,-0.35593154988122067,0.65579761464225,0.0,0.0,0.10137532978611936,0,-1.2667270618460718,1,0,1,0,1,0,1,0,1,0,0,0,0,0,1,0,0,1,0,0,1,0,1,0,0,1,1,0,1,0,0,1,0,1,0,1,0,1,1,0,0,1,0,1,0,0,-1.1147600492937717,1.4030566537096316
-1.4993227155370714,0.0,-1.272381750980395,1.0597702031126737,0.0,0.0,0.9824137546907391,0,0.26643368304271137,0,1,1,0,1,0,1,0,1,0,0,0,0,0,0,1,0,1,0,0,1,0,0,1,0,1,0,1,0,1,0,1,0,1,0,1,0,1,0,1,0,0,1,1,0,0,2.7793563001841206,0.43288366490681596
1.6677075870128577,0.0,-0.13476416235480992,0.24446373527230422,0.0,0.0,0.10137532978611936,0,-0.13716188169589782,1,0,0,1,0,1,0,1,0,0,1,0,0,0,0,1,0,1,0,0,1,0,0,1,0,1,1,0,0,1,0,1,0,1,1,0,0,1,0,0,1,0,1,1,0,0,2.2198634976162643,0.8100977389049924
1.6090588777063775,0.0,0.46582528295151354,0.33012629336122234,0.0,0.0,-0.7796630951185004,1,0.037841174383706565,1,0,0,1,1,0,1,0,0,0,0,0,0,1,1,0,0,1,1,0,0,0,1,0,1,0,1,0,1,0,1,0,1,0,1,0,0,1,1,0,0,0,1,1,0,0,-2.404075967589915,0.76396918365843
-0.09175369218154737,0.0,-0.034882116375140604,-1.0914725668313427,0.0,0.0,1.863452179595359,0,1.3398974050238255,1,0,1,0,0,1,1,0,1,0,0,0,0,0,0,1,0,1,0,0,1,0,1,0,1,0,1,0,1,0,0,1,0,1,0,1,0,1,0,1,0,0,1,1,0,0,2.514999945031154,0.0964783637906907
0.8466256567221353,0.0,1.1377590468147438,-1.9375899111105526,0.0,0.0,1.863452179595359,0,0.07300925263893807,1,0,1,0,0,1,1,0,1,0,0,0,0,0,0,1,1,0,0,0,0,1,1,0,1,0,1,0,1,0,1,0,1,0,1,0,1,0,0,0,1,1,0,0,1,0,1.5993726177738574,-2.1913174300720173
-0.5022946573269086,0.0,0.13050698573405223,0.6287713610382961,0.0,0.0,-0.7796630951185004,1,0.18270016338739825,1,0,1,0,0,1,1,0,1,0,0,0,0,0,0,1,0,1,0,0,1,0,1,0,0,1,0,1,1,0,0,1,1,0,1,0,0,1,1,0,0,0,1,1,0,0,1.6611257607049266,0.6424872598048917
1.081220493948056,0.0,-0.4473819945768921,0.36963080871589915,0.0,0.0,0.9824137546907391,0,-0.23261809410295478,1,0,0,1,0,1,1,0,1,0,0,0,0,0,1,0,0,1,0,0,1,0,1,0,1,0,0,1,0,1,0,1,1,0,1,0,0,1,0,0,1,1,0,1,0,0,1.4874187964345067,0.3954664569664507
-0.9714843317787499,0.0,0.47425688423551154,-1.9375899111105526,0.0,0.0,0.10137532978611936,1,-1.2416070059494777,1,0,1,0,1,0,0,1,1,0,0,0,0,0,1,0,1,0,0,0,0,1,1,0,1,0,1,0,1,0,1,0,1,0,1,0,1,0,1,0,0,0,1,1,0,0,-3.0238521100785087,-0.7300720790980822
1.1398692032545361,0.0,0.5274408307961147,0.6287713610382961,0.0,0.0,0.10137532978611936,1,-1.3538099222875972,1,0,0,1,0,1,1,0,0,0,0,0,1,0,0,1,0,1,0,0,1,0,1,0,0,1,0,1,1,0,0,1,1,0,1,0,0,1,1,0,0,0,1,1,0,0,0.3016371085202686,1.2235981356719048
0.729328238109175,0.0,-0.2236202681938665,0.6287713610382961,0.0,0.0,-1.2201823075708103,1,0.1441827443459542,1,0,1,0,0,1,1,0,0,0,0,0,1,0,1,0,0,1,0,1,0,0,1,0,1,0,1,0,1,0,1,0,0,1,0,1,0,1,1,0,0,1,0,1,0,0,-0.4356698791270702,-0.05592409883009524
-0.5609433666333887,0.0,-1.4591741486566596,0.7071612569928716,0.0,0.0,0.9824137546907391,0,0.1517187611149324,1,0,1,0,1,0,1,0,0,0,1,0,0,0,1,0,0,1,1,0,0,0,1,0,0,1,0,1,1,0,1,0,0,1,0,1,0,1,0,0,1,0,1,0,1,0,0.1636678657440297,-1.6362410723544036
0.3187872729638138,0.0,0.7953063177415916,0.44303577337051536,0.0,0.0,1.863452179595359,0,0.36691390662908707,1,0,1,0,1,0,1,0,0,0,0,0,0,1,1,0,0,1,0,0,1,0,1,0,1,0,1,0,1,0,1,0,1,0,1,0,0,1,1,0,0,0,1,1,0,0,-1.4330464332372534,0.6627284547487604
-0.03310498287506721,0.0,0.8666506362984984,-1.9375899111105526,0.0,0.0,1.863452179595359,0,-1.7239120791640812,1,0,1,0,0,1,0,1,1,0,0,0,0,0,0,1,1,0,0,0,0,1,1,0,1,0,1,0,1,0,1,0,1,0,1,0,1,0,0,0,1,1,0,0,0,1,-0.3046144792207315,-1.180241077064293
-1.3233765876176309,0.0,-0.056933996656366295,1.2157481529951086,0.0,0.0,-0.7796630951185004,1,-0.6152802789277357,0,1,1,0,1,0,1,0,0,0,0,0,0,1,1,0,0,1,0,0,1,0,1,0,1,0,1,0,1,0,0,1,1,0,0,1,1,0,1,0,0,0,1,1,0,0,-1.0036852086939723,0.9297173456200636
1.5504101683998974,0.0,0.674669560909004,0.33012629336122234,0.0,0.0,0.9824137546907391,0,1.47219636607922,1,0,0,1,0,1,0,1,1,0,0,0,0,0,0,1,0,1,0,1,0,0,0,1,0,1,0,1,1,0,1,0,0,1,0,1,0,1,0,0,1,0,1,1,0,0,1.9022634451915976,-0.3076818879211085
-0.6195920759398689,0.0,-0.2716155370412402,0.0949307535196783,0.0,0.0,0.10137532978611936,1,1.3666921313135256,1,0,1,0,0,1,1,0,1,0,0,0,0,0,1,0,0,1,0,0,1,0,1,0,1,0,1,0,1,0,0,1,0,1,0,1,0,1,0,1,0,0,1,1,0,0,1.1350634212917445,0.5938349691896184
-0.6195920759398689,0.0,-1.1296931138665813,-0.1642097988027183,0.0,0.0,0.10137532978611936,0,1.2971933099996158,1,0,1,0,0,1,1,0,0,0,1,0,0,0,0,1,0,1,0,0,1,0,0,1,1,0,1,0,1,0,0,1,1,0,1,0,0,1,1,0,0,0,1,1,0,0,1.9169606438222377,-0.008345703600999954
0.025543726431412957,0.0,-0.43635605443627923,-0.1642097988027183,0.0,0.0,0.10137532978611936,1,0.9111817843886223,1,0,1,0,0,1,1,0,0,0,1,0,0,0,1,0,0,1,0,0,1,0,1,0,0,1,1,0,1,0,0,1,0,1,0,1,0,1,0,1,0,0,1,1,0,0,2.1398509577787435,0.18907013654146348
-1.6166201341500317,0.0,0.6279714614899379,-1.9375899111105526,0.0,0.0,0.9824137546907391,0,-0.22424474213742346,0,1,1,0,0,1,1,0,1,0,0,0,0,0,0,1,1,0,0,0,0,1,1,0,1,0,1,0,1,0,1,0,1,0,1,0,1,0,0,0,1,0,1,1,0,0,1.4699314114814817,-2.204686151077288
1.4917614590934172,0.0,-1.1536907482902683,0.44303577337051536,0.0,0.0,0.10137532978611936,0,0.7278053763434866,1,0,0,1,0,1,0,1,1,0,0,0,0,0,0,1,0,1,0,1,0,0,1,0,1,0,1,0,1,0,1,0,1,0,1,0,1,0,0,1,0,0,1,1,0,0,0.04964436230515875,-0.5665362070241875
1.3158153311739766,0.0,0.1746107462965036,0.14806693795787343,0.0,0.0,-1.2201823075708103,1,0.5628503426225198,1,0,0,1,1,0,1,0,1,0,0,0,0,0,0,1,0,1,0,0,1,0,1,0,1,0,1,0,1,0,0,1,0,1,1,0,0,1,1,0,0,0,1,1,0,0,-1.3911699833921347,1.4108659096868321
0.025543726431412957,0.0,-0.7113559732374468,-1.9375899111105526,0.0,0.0,0.9824137546907391,0,1.414420237517054,1,0,1,0,0,1,1,0,0,0,1,0,0,0,0,1,1,0,0,0,0,1,1,0,1,0,1,0,1,0,1,0,1,0,1,0,1,0,0,0,1,1,0,1,0,0,0.8320727230328108,-1.9649857247390181
-1.1474304596981904,0.0,-1.1900114922828753,1.0276751759851788,0.0,0.0,0.10137532978611936,0,0.006859772111240712,0,1,1,0,1,0,1,0,1,0,0,0,0,0,0,1,0,1,0,0,1,0,0,1,1,0,1,0,0,1,1,0,0,1,0,1,0,1,1,0,0,0,1,1,0,0,1.7118166046387178,0.3003701131486011
-0.4436459480204284,0.0,1.7441857545484507,-1.9375899111105526,0.0,0.0,0.9824137546907391,0,-0.011561602212928172,1,0,1,0,0,1,1,0,1,0,0,0,0,0,0,1,1,0,0,0,0,1,1,0,1,0,1,0,1,0,1,0,1,0,1,0,1,0,0,0,1,1,0,0,1,0,1.4289433934070845,-2.04303511205434
0.14284114504437329,0.0,-0.5621814889820964,0.14806693795787343,0.0,0.0,0.10137532978611936,1,-0.5558294799724633,1,0,1,0,1,0,1,0,0,0,0,0,0,1,0,1,0,1,0,0,1,0,1,0,0,1,0,1,1,0,0,1,0,1,0,1,0,1,1,0,0,0,1,1,0,0,-0.9915205478890048,1.694063479843668
0.14284114504437329,0.0,1.1105184888202884,-0.33606808855469933,0.0,0.0,-1.2201823075708103,1,0.6482585326709391,1,0,1,0,1,0,1,0,1,0,0,0,0,0,0,1,0,1,0,0,1,0,1,0,1,0,0,1,1,0,0,1,1,0,1,0,0,1,1,0,0,0,1,1,0,0,-1.3123898416154525,1.3411135487667365
-0.9714843317787499,0.0,-0.9584667493300055,-1.9375899111105526,0.0,0.0,1.863452179595359,0,0.8542429910230094,1,0,1,0,1,0,1,0,0,0,0,0,0,1,1,0,1,0,0,0,0,1,1,0,1,0,1,0,1,0,1,0,1,0,1,0,1,0,1,0,0,1,0,0,1,0,-2.4466445240363894,-0.8509399125988698
-1.5579714248435517,0.0,0.3678889911143054,1.2654537340011538,0.0,0.0,0.9824137546907391,0,0.6289998231502171,0,1,1,0,0,1,1,0,0,0,1,0,0,0,1,0,0,1,0,1,0,0,0,1,1,0,0,1,0,1,1,0,0,1,0,1,0,1,0,0,1,1,0,1,0,0,1.9071622999528606,-0.5446903104212013
0.14284114504437329,0.0,0.23687487885525838,-0.33606808855469933,0.0,0.0,-0.7796630951185004,1,0.7068719964296583,1,0,1,0,0,1,1,0,1,0,0,0,0,0,0,1,0,1,0,0,1,0,1,0,0,1,1,0,1,0,0,1,0,1,0,1,1,0,0,1,0,1,0,0,1,0,2.482031102891796,0.3095189222117252
-0.20905111079450772,0.0,-1.4591741486566596,1.1346027292456944,0.0,0.0,0.10137532978611936,0,1.3013799859823814,1,0,1,0,1,0,0,1,1,0,0,0,0,0,1,0,0,1,0,1,0,0,1,0,0,1,1,0,1,0,1,0,1,0,1,0,0,1,1,0,0,1,0,0,0,1,-3.336898925035657,-0.573921281903579
-0.03310498287506721,0.0,0.7109903049016112,0.037855076107910814,0.0,0.0,-1.2201823075708103,1,-1.6091971572363024,1,0,1,0,0,1,1,0,0,0,0,0,0,1,1,0,0,1,0,0,1,0,1,0,1,0,1,0,1,0,1,0,1,0,1,0,1,0,1,0,0,0,1,0,0,1,-2.3378555074949663,0.7619195589486583
0.6120308194962146,0.0,0.42172152238906213,0.7071612569928716,0.0,0.0,-1.2201823075708103,1,-1.3981886877049132,1,0,1,0,0,1,1,0,1,0,0,0,0,0,0,1,0,1,0,0,1,0,1,0,1,0,1,0,1,0,1,0,0,1,0,1,0,1,1,0,0,0,1,1,0,0,-0.20961794287019112,0.9193505839212738
-0.6195920759398689,0.0,1.3453061553439272,0.65579761464225,0.0,0.0,0.10137532978611936,0,1.4236309246791385,1,0,1,0,0,1,0,1,1,0,0,0,0,0,1,0,0,1,0,1,0,0,0,1,0,1,0,1,1,0,1,0,1,0,1,0,0,1,0,0,1,1,0,1,0,0,2.0467532369059045,-0.9442170042037954
0.3187872729638138,0.0,-1.1562850871468833,-0.023791351794107286,0.0,0.0,-1.2201823075708103,1,-0.317188948954821,1,0,1,0,1,0,1,0,0,0,0,0,0,1,1,0,0,1,0,0,1,0,1,0,1,0,1,0,1,0,1,0,0,1,0,1,0,1,1,0,0,1,0,0,1,0,-2.583911903256757,1.0587799076631128
0.7879769474156552,0.0,-1.4591741486566596,0.14806693795787343,0.0,0.0,0.9824137546907391,0,1.0124993431715512,1,0,1,0,1,0,1,0,1,0,0,0,0,0,1,0,0,1,0,1,0,0,0,1,1,0,0,1,0,1,1,0,0,1,0,1,0,1,0,1,0,1,0,0,0,1,-1.923704868783115,-0.2129621198966217
-0.32634852940746806,0.0,-0.9214974206232448,0.44303577337051536,0.0,0.0,0.9824137546907391,0,-0.20582336781325458,1,0,1,0,1,0,1,0,1,0,0,0,0,0,1,0,0,1,0,1,0,0,1,0,1,0,0,1,0,1,1,0,0,1,0,1,0,1,1,0,0,1,0,1,0,0,-1.1473085779190477,0.3004779900270639
1.0225717846415758,0.0,-0.8962026167712506,-1.9375899111105526,0.0,0.0,1.863452179595359,0,0.05961188949408797,1,0,0,1,0,1,1,0,0,1,0,0,0,0,0,1,1,0,0,0,0,1,1,0,1,0,1,0,1,0,1,0,1,0,1,0,1,0,0,0,1,1,0,1,0,0,1.0759365094098645,-2.2242225871027737
-0.7368894945528293,0.0,0.14412726473127968,0.6819075454764912,0.0,0.0,-1.2201823075708103,1,-1.5137409448292454,1,0,1,0,1,0,1,0,1,0,0,0,0,0,0,1,0,1,0,0,1,0,1,0,1,0,1,0,0,1,1,0,1,0,1,0,0,1,1,0,0,0,1,1,0,0,0.9611267375795949,0.308426882466451
-0.5022946573269086,0.0,-1.4591741486566596,0.36963080871589915,0.0,0.0,0.10137532978611936,0,1.2302064942753652,1,0,1,0,1,0,1,0,1,0,0,0,0,0,1,0,0,1,0,1,0,0,0,1,0,1,0,1,0,1,1,0,1,0,1,0,0,1,0,0,1,1,0,1,0,0,0.019868022053479054,-1.4692384103931904
0.4947334008832543,0.0,-1.4591741486566596,-0.43890985399893934,0.0,0.0,0.9824137546907391,0,0.9270911531231318,1,0,1,0,1,0,1,0,1,0,0,0,0,0,1,0,0,1,0,1,0,0,1,0,1,0,0,1,1,0,0,1,0,1,0,1,0,1,1,0,0,0,1,0,1,0,-0.43379445825041196,-0.9406961269740332
-0.678240785246349,0.0,0.10326642773959684,0.28848538496648446,0.0,0.0,-1.2201823075708103,1,0.21284423046331097,1,0,1,0,1,0,1,0,1,0,0,0,0,0,1,0,0,1,0,0,1,0,1,0,0,1,1,0,1,0,1,0,1,0,1,0,0,1,1,0,0,0,1,1,0,0,-1.0740082257051782,0.8081832629404069
-1.3233765876176309,0.0,-1.4591741486566596,1.2157481529951086,0.0,0.0,-1.2201823075708103,1,-1.0054784805214947,0,1,1,0,1,0,1,0,1,0,0,0,0,0,1,0,0,1,1,0,0,0,0,1,1,0,0,1,0,1,1,0,1,0,0,1,0,1,1,0,0,1,0,0,1,0,-2.5940825617192758,-0.3901208571590361
-0.8541869131657895,0.0,-1.1076412335853558,0.4772711516590301,0.0,0.0,0.9824137546907391,0,0.9262538179265787,1,0,1,0,1,0,1,0,0,0,1,0,0,0,0,1,0,1,0,0,1,0,1,0,0,1,0,1,1,0,0,1,0,1,0,1,0,1,1,0,0,0,1,1,0,0,2.053032348115175,0.4465362848587947
-0.7955382038593094,0.0,-0.7839974612226609,-1.9375899111105526,0.0,0.0,0.10137532978611936,0,1.3315240530582941,1,0,1,0,1,0,1,0,0,0,0,0,1,0,1,0,1,0,0,0,0,1,1,0,1,0,1,0,1,0,1,0,1,0,1,0,1,0,0,1,0,0,1,0,1,0,-0.8893509855608044,-1.3206364983635992
0.9639230753350957,0.0,-0.13022406935573425,-1.9375899111105526,0.0,0.0,1.863452179595359,0,0.9438378570541944,1,0,1,0,0,1,0,1,1,0,0,0,0,0,0,1,1,0,0,0,0,1,1,0,1,0,1,0,1,0,1,0,1,0,1,0,1,0,0,0,1,1,0,0,1,0,0.21937962040793121,-1.5161687403494348
-0.5609433666333887,0.0,0.6720752220523892,-1.9375899111105526,0.0,0.0,0.10137532978611936,0,-0.14051122248211037,1,0,1,0,0,1,1,0,1,0,0,0,0,0,1,0,1,0,0,0,0,1,1,0,1,0,1,0,1,0,1,0,1,0,1,0,1,0,1,0,0,1,0,1,0,0,-2.8999258895719406,-0.7272659453466093
-0.5609433666333887,0.0,-0.010235897237300175,-1.9375899111105526,0.0,0.0,1.863452179595359,0,0.4883275101292911,1,0,1,0,0,1,1,0,1,0,0,0,0,0,1,0,1,0,0,0,0,1,1,0,1,0,1,0,1,0,1,0,1,0,1,0,1,0,1,0,0,0,1,1,0,0,-1.8221155688099073,-0.9555606994722792
0.7879769474156552,0.0,1.3303887069183917,0.7071612569928716,0.0,0.0,0.9824137546907391,0,0.23377761037713923,1,0,1,0,0,1,0,1,1,0,0,0,0,0,0,1,0,1,0,0,1,0,1,0,0,1,0,1,1,0,0,1,0,1,0,1,0,1,0,1,0,0,1,0,1,0,2.762196464770934,0.4174728268432106
0.9052743660286154,0.0,0.25114374256663985,-1.9375899111105526,0.0,0.0,0.9824137546907391,0,0.06379856547685363,1,0,1,0,1,0,1,0,0,0,0,0,1,0,1,0,1,0,0,0,0,1,1,0,1,0,1,0,1,0,1,0,1,0,1,0,1,0,0,1,0,1,0,1,0,0,-0.660737457787963,-1.301352610632288
-0.5609433666333887,0.0,-0.7262734216629818,-0.6980504063213363,0.0,0.0,-1.2201823075708103,1,1.1004195388096298,1,0,1,0,0,1,1,0,1,0,0,0,0,0,1,0,0,1,0,0,1,0,1,0,1,0,1,0,1,0,0,1,1,0,1,0,0,1,1,0,0,0,1,1,0,0,-0.32214663537192917,0.7095941456318846
0.9052743660286154,0.0,1.3504948330571565,0.40720749028027037,0.0,0.0,-1.2201823075708103,1,-0.9234196312592879,1,0,1,0,1,0,1,0,0,0,0,0,0,1,0,1,0,1,0,0,1,0,1,0,1,0,1,0,1,0,0,1,1,0,1,0,1,0,1,0,0,0,1,1,0,0,-0.8335341551724345,1.087375980751139
-0.9128356224722697,0.0,1.1040326416787518,0.7071612569928716,0.0,0.0,1.863452179595359,0,-0.4260425245067281,1,0,1,0,0,1,1,0,0,0,1,0,0,0,0,1,0,1,0,0,1,0,1,0,0,1,1,0,1,0,1,0,1,0,1,0,0,1,0,1,0,0,1,1,0,0,1.8951346915419518,-0.1315420511772946
-0.678240785246349,0.0,0.04100229518084184,0.5414890984678798,0.0,0.0,0.9824137546907391,0,0.9128564547817286,1,0,1,0,0,1,1,0,1,0,0,0,0,0,0,1,0,1,0,0,1,0,0,1,0,1,0,1,1,0,0,1,0,1,0,1,0,1,0,1,0,1,0,0,1,0,2.959814607156515,0.3686300981005392
-1.675268843456512,0.0,0.3841036089681478,1.0597702031126737,0.0,0.0,0.10137532978611936,0,0.7914428512815246,0,1,1,0,1,0,1,0,0,0,0,1,0,0,1,0,0,1,0,1,0,0,0,1,1,0,1,0,0,1,1,0,1,0,1,0,1,0,0,1,0,1,0,0,1,0,0.582377423356842,-0.4548368776867341
0.9639230753350957,0.0,-0.4130070047267462,-1.9375899111105526,0.0,0.0,1.863452179595359,0,1.7736370368383474,1,0,1,0,0,1,0,1,0,1,0,0,0,0,1,0,1,0,0,0,0,1,1,0,1,0,1,0,1,0,1,0,1,0,1,0,1,0,0,0,1,0,1,1,0,0,1.0488327981842887,-2.3288376252430276
0.9052743660286154,0.0,1.7636432959730615,-0.09080483414810245,0.0,0.0,-1.2201823075708103,1,-1.8989151352436857,1,0,1,0,0,1,1,0,1,0,0,0,0,0,1,0,0,1,0,0,1,0,1,0,1,0,1,0,1,0,0,1,0,1,0,1,0,1,1,0,0,0,1,1,0,0,0.9390491986066983,0.7881337546477047
1.5504101683998974,0.0,0.5624644053604145,0.5716956836265287,0.0,0.0,-1.2201823075708103,1,0.7085466668227646,1,0,0,1,1,0,1,0,1,0,0,0,0,0,0,1,0,1,0,0,1,0,1,0,1,0,1,0,1,0,1,0,0,1,0,1,0,1,1,0,0,0,1,1,0,0,1.1104288081054188,0.4815965401034455
-0.4436459480204284,0.0,1.7273225519804547,-1.9375899111105526,0.0,0.0,0.10137532978611936,0,0.07803326381825686,1,0,1,0,1,0,1,0,1,0,0,0,0,0,0,1,1,0,0,0,0,1,1,0,1,0,1,0,1,0,1,0,1,0,1,0,1,0,0,1,0,1,0,1,0,0,0.4120769205532572,-1.4172169307036067
-1.2647278783111506,0.0,-0.5005659411374953,1.2157481529951086,0.0,0.0,-1.2201823075708103,1,-1.5865891069293678,0,1,1,0,1,0,1,0,0,0,0,0,0,1,1,0,0,1,0,1,0,0,1,0,0,1,1,0,1,0,1,0,1,0,0,1,0,1,1,0,0,1,0,0,1,0,-2.956718579198898,0.21827662966819017
0.3187872729638138,0.0,-1.4591741486566596,0.037855076107910814,0.0,0.0,0.10137532978611936,1,0.8659656837747532,1,0,1,0,0,1,1,0,0,0,0,0,1,0,1,0,0,1,0,1,0,0,1,0,1,0,1,0,1,0,0,1,0,1,0,1,0,1,1,0,0,1,0,1,0,0,-1.6384063562988391,-0.48261186584144017
0.025543726431412957,0.0,-0.8767450753466396,0.24446373527230422,0.0,0.0,-0.7796630951185004,1,0.9103444491920691,1,0,1,0,0,1,1,0,0,0,1,0,0,0,0,1,0,1,0,0,1,0,0,1,0,1,0,1,1,0,0,1,1,0,1,0,1,0,1,0,0,0,1,1,0,0,2.4649877498164074,0.15856268795339462
-0.5609433666333887,0.0,1.1111670735344423,0.6007621217270765,0.0,0.0,-0.7796630951185004,1,1.515737796299983,1,0,1,0,0,1,1,0,1,0,0,0,0,0,1,0,0,1,0,0,1,0,0,1,0,1,0,1,0,1,0,1,0,1,0,1,0,1,0,1,0,0,1,1,0,0,3.1716213399713786,0.3023078721154555
0.9639230753350957,0.0,-0.05498824251390536,0.0949307535196783,0.0,0.0,-0.7796630951185004,1,1.1037688795958425,1,0,1,0,0,1,1,0,0,0,0,0,0,1,1,0,0,1,0,0,1,0,1,0,1,0,1,0,1,0,1,0,1,0,1,0,0,1,1,0,0,0,1,1,0,0,-2.490567891895817,0.7533461359767016
-1.0887817503917103,0.0,0.5605186512179534,1.120206624171783,0.0,0.0,-1.2201823075708103,1,0.06463590067340676,0,1,1,0,1,0,1,0,0,0,0,1,0,0,0,1,0,1,1,0,0,0,0,1,1,0,0,1,0,1,1,0,1,0,1,0,1,0,1,0,0,1,0,0,1,0,0.9436097816147712,-0.19659061308870784
-0.3849972387139482,0.0,-0.9202002511949373,0.6287713610382961,0.0,0.0,-1.2201823075708103,1,-0.8045180333487433,1,0,1,0,1,0,1,0,1,0,0,0,0,0,1,0,0,1,0,0,1,0,1,0,1,0,1,0,1,0,1,0,1,0,1,0,0,1,1,0,0,0,1,1,0,0,-2.686894531942144,0.7574835971401238
1.7263562963193377,0.0,-1.4591741486566596,0.36963080871589915,0.0,0.0,-1.2201823075708103,1,0.8802003821161565,1,0,0,1,0,1,1,0,1,0,0,0,0,0,1,0,0,1,0,1,0,0,1,0,1,0,1,0,1,0,1,0,1,0,1,0,0,1,1,0,0,0,1,1,0,0,-4.256162509554225,-0.552770251422863
0.20148985435085345,0.0,0.9853416389886248,0.19777251896391848,0.0,0.0,-1.2201823075708103,1,-1.2508176931115622,1,0,1,0,1,0,1,0,1,0,0,0,0,0,0,1,0,1,0,0,1,0,1,0,0,1,0,1,1,0,0,1,0,1,0,1,0,1,1,0,0,0,1,0,1,0,2.0389021736318638,0.775054276412108
0.4947334008832543,0.0,-0.6419574088230012,1.2028038281759472,0.0,0.0,-1.2201823075708103,1,-1.5673303974086457,1,0,1,0,1,0,0,1,1,0,0,0,0,0,1,0,0,1,0,0,1,0,1,0,1,0,1,0,1,0,1,0,1,0,1,0,0,1,1,0,0,0,1,1,0,0,-1.2611291448344109,0.5764779215040072
-0.26769982010098786,0.0,0.7966034871698991,-1.0914725668313427,0.0,0.0,0.10137532978611936,0,-1.722237408770975,1,0,1,0,1,0,1,0,1,0,0,0,0,0,0,1,0,1,0,0,1,0,1,0,1,0,0,1,1,0,0,1,1,0,1,0,0,1,0,1,0,0,1,0,1,0,0.7193212737632014,0.8136585181923636
0.6706795288026948,0.0,0.22001167628726237,0.4772711516590301,0.0,0.0,1.863452179595359,0,-0.9954304581628572,1,0,1,0,0,1,0,1,0,0,0,0,1,0,1,0,0,1,0,1,0,0,1,0,0,1,1,0,0,1,1,0,0,1,0,1,0,1,1,0,0,0,1,1,0,0,-0.4755064600755304,0.30790294690102155
-1.1474304596981904,0.0,-0.8242097135001901,0.9410480977988882,0.0,0.0,-1.2201823075708103,1,-0.052591026844031594,0,1,1,0,0,1,1,0,1,0,0,0,0,0,1,0,0,1,0,0,1,0,0,1,1,0,1,0,1,0,1,0,1,0,1,0,0,1,1,0,0,0,1,1,0,0,-2.017947846430884,0.8359284102070864
0.729328238109175,0.0,0.7045044577600741,0.4772711516590301,0.0,0.0,0.9824137546907391,0,-1.6753466377639996,1,0,1,0,1,0,1,0,0,0,0,0,1,0,0,1,0,1,0,0,1,0,1,0,1,0,0,1,1,0,0,1,1,0,1,0,0,1,1,0,0,0,1,1,0,0,0.22242684669320575,0.9638373470399781
-0.9714843317787499,0.0,-1.201686017137642,-0.023791351794107286,0.0,0.0,0.9824137546907391,0,0.39370863291878727,1,0,1,0,1,0,1,0,1,0,0,0,0,0,0,1,0,1,0,1,0,0,1,0,1,0,1,0,1,0,1,0,1,0,1,0,0,1,1,0,0,0,1,0,1,0,-3.236583062092438,0.17653808447217995
-1.6166201341500317,0.0,-0.6627121196759196,1.0597702031126737,0.0,0.0,0.10137532978611936,0,0.7001733148572332,0,1,1,0,1,0,1,0,1,0,0,0,0,0,1,0,0,1,0,1,0,0,0,1,1,0,0,1,0,1,1,0,1,0,1,0,0,1,0,0,1,0,1,1,0,0,1.4921367470427889,-0.8825638393481215
0.729328238109175,0.0,1.4127589656159114,-0.5576319593127251,0.0,0.0,-1.2201823075708103,1,0.8927604100644534,1,0,1,0,1,0,1,0,0,0,0,1,0,0,1,0,0,1,0,0,1,0,0,1,1,0,1,0,1,0,1,0,1,0,1,0,0,1,1,0,0,0,1,1,0,0,1.0708043177517,0.1557324047393577
1.1398692032545361,0.0,-1.4591741486566596,0.65579761464225,0.0,0.0,-0.7796630951185004,1,-1.6845573249260841,1,0,0,1,1,0,1,0,0,0,0,0,0,1,1,0,0,1,0,1,0,0,1,0,1,0,0,1,1,0,1,0,0,1,0,1,0,1,1,0,0,0,1,1,0,0,-2.9623540231375283,-0.26251408819546146
1.2571666218674964,0.0,-1.1173700042976613,-0.1642097988027183,0.0,0.0,0.9824137546907391,0,1.0585527789819733,1,0,0,1,0,1,1,0,0,1,0,0,0,0,1,0,0,1,0,1,0,0,0,1,0,1,0,1,0,1,0,1,1,0,1,0,1,0,0,0,1,1,0,1,0,0,2.1866350990039387,-0.8078963344238042
-1.2647278783111506,0.0,-1.4591741486566596,1.2157481529951086,0.0,0.0,0.10137532978611936,0,0.5301942699569476,0,1,1,0,0,1,1,0,1,0,0,0,0,0,1,0,0,1,0,1,0,0,1,0,1,0,1,0,1,0,1,0,1,0,0,1,0,1,1,0,0,0,1,0,1,0,-1.0158387930716217,-1.7208227345985125
0.6706795288026948,0.0,1.5885254231515635,0.0949307535196783,0.0,0.0,0.10137532978611936,0,0.659981225422683,1,0,1,0,0,1,1,0,1,0,0,0,0,0,1,0,0,1,1,0,0,0,0,1,0,1,1,0,0,1,0,1,1,0,1,0,0,1,0,1,0,1,0,0,1,0,2.34700245883173,-0.7026537205870099
0.37743598227029396,0.0,-0.2145400821957147,0.4772711516590301,0.0,0.0,-1.2201823075708103,1,-1.491970229718864,1,0,1,0,0,1,1,0,1,0,0,0,0,0,1,0,0,1,0,0,1,0,0,1,1,0,0,1,1,0,0,1,1,0,1,0,0,1,1,0,0,0,1,1,0,0,0.5023294126821046,0.8254664467198414
-0.4436459480204284,0.0,-1.4591741486566596,0.0949307535196783,0.0,0.0,0.10137532978611936,0,-0.853920809945378,1,0,1,0,0,1,1,0,0,0,0,0,0,1,1,0,0,1,0,1,0,0,0,1,1,0,1,0,1,0,1,0,1,0,1,0,0,1,1,0,0,0,1,1,0,0,-3.0873880749470675,-0.6488290930173968
-1.03013304108523,0.0,0.2576295897081767,1.2157481529951086,0.0,0.0,0.10137532978611936,0,0.6248131471674515,1,0,1,0,0,1,1,0,0,1,0,0,0,0,0,1,0,1,0,1,0,0,0,1,0,1,0,1,0,1,0,1,0,1,0,1,0,1,0,0,1,0,1,0,1,0,2.8558989520493827,-0.1415779045048245
-0.7368894945528293,0.0,1.6585725722801627,1.1346027292456944,0.0,0.0,0.10137532978611936,0,0.7872561752987589,1,0,1,0,0,1,0,1,1,0,0,0,0,0,0,1,0,1,0,0,1,0,1,0,0,1,1,0,0,1,1,0,0,1,0,1,0,1,1,0,0,0,1,1,0,0,2.665043794788174,0.14637273509301046
0.5533821101897345,0.0,-1.166662442573342,0.5414890984678798,0.0,0.0,0.9824137546907391,0,0.12157469403901967,1,0,1,0,1,0,1,0,0,0,1,0,0,0,0,1,0,1,1,0,0,0,0,1,1,0,0,1,0,1,0,1,0,1,0,1,0,1,0,0,1,1,0,0,1,0,2.01778985586107,-0.23054363821362703
0.7879769474156552,0.0,1.7156480271256882,0.0949307535196783,0.0,0.0,-0.7796630951185004,1,0.021931805649197073,1,0,1,0,0,1,1,0,1,0,0,0,0,0,0,1,0,1,0,0,1,0,1,0,0,1,0,1,1,0,0,1,0,1,0,1,0,1,1,0,0,0,1,1,0,0,2.916709292507969,0.26030196202375916
1.7263562963193377,0.0,-1.0693747354502876,0.6287713610382961,0.0,0.0,-1.2201823075708103,1,-0.8288007540487842,1,0,0,1,0,1,1,0,0,0,0,0,1,0,0,1,0,1,0,0,1,0,1,0,1,0,1,0,1,0,1,0,0,1,1,0,0,1,1,0,0,1,0,1,0,0,-0.39271324089163456,0.8686988196182571
1.081220493948056,0.0,0.533278093223498,-1.9375899111105526,0.0,0.0,0.10137532978611936,0,0.002673096128475057,1,0,0,1,0,1,1,0,0,1,0,0,0,0,0,1,1,0,0,0,0,1,1,0,1,0,1,0,1,0,1,0,1,0,1,0,1,0,0,0,1,1,0,1,0,0,1.4314520357704892,-2.218686381638771
1.9023024242387783,0.0,0.7862261317434398,0.14806693795787343,0.0,0.0,-1.2201823075708103,1,0.3267218171945368,1,0,0,1,1,0,1,0,1,0,0,0,0,0,1,0,0,1,0,1,0,0,1,0,1,0,0,1,1,0,0,1,1,0,1,0,0,1,1,0,0,0,1,1,0,0,0.3453053199339662,-0.12290826236617754
-1.1474304596981904,0.0,-0.3552829651670671,0.9410480977988882,0.0,0.0,-1.2201823075708103,1,-1.8553737050229229,0,1,1,0,1,0,1,0,0,0,0,0,1,0,0,1,0,1,0,0,1,0,0,1,0,1,1,0,1,0,0,1,1,0,1,0,0,1,1,0,0,0,1,1,0,0,0.2890581755173268,1.1374712880536961
1.785005005625818,0.0,-0.36760607473598744,0.037855076107910814,0.0,0.0,-1.2201823075708103,1,0.2806683813841146,1,0,0,1,1,0,1,0,1,0,0,0,0,0,0,1,0,1,0,0,1,0,1,0,0,1,0,1,1,0,1,0,1,0,1,0,0,1,1,0,0,0,1,1,0,0,1.7932917795842398,0.04636273841929449
-0.9714843317787499,0.0,-0.15162736492280615,-1.9375899111105526,0.0,0.0,0.9824137546907391,0,-1.0917240057664672,1,0,1,0,1,0,1,0,1,0,0,0,0,0,1,0,1,0,0,0,0,1,1,0,1,0,1,0,1,0,1,0,1,0,1,0,1,0,1,0,0,1,0,0,0,1,-2.5208199390516643,-0.839610690232644
0.37743598227029396,0.0,-0.45321925700427534,-1.9375899111105526,0.0,0.0,0.10137532978611936,1,1.0058006615991262,1,0,1,0,1,0,1,0,0,0,0,0,0,1,1,0,1,0,0,0,0,1,1,0,1,0,1,0,1,0,1,0,1,0,1,0,1,0,1,0,0,1,0,0,1,0,-3.7397166368687924,-0.6201483470626157
0.025543726431412957,0.0,1.6183603200026335,0.7071612569928716,0.0,0.0,-1.2201823075708103,1,0.3317458283738556,1,0,1,0,1,0,1,0,1,0,0,0,0,0,0,1,0,1,0,1,0,0,1,0,1,0,0,1,1,0,1,0,0,1,0,1,0,1,1,0,0,0,1,0,1,0,0.23133117362494912,0.14285608708410732
0.37743598227029396,0.0,-1.106992648871202,0.6007621217270765,0.0,0.0,-0.7796630951185004,1,0.8550803262195625,1,0,1,0,1,0,1,0,0,0,0,0,1,0,1,0,0,1,0,0,1,0,1,0,1,0,1,0,1,0,0,1,0,1,0,1,1,0,1,0,0,0,1,1,0,0,-0.040925827393433145,0.9505612085672905
-0.32634852940746806,0.0,1.6598697417084702,-0.1642097988027183,0.0,0.0,0.10137532978611936,0,0.5100982252396725,1,0,1,0,0,1,1,0,1,0,0,0,0,0,1,0,0,1,0,1,0,0,1,0,1,0,1,0,0,1,1,0,1,0,1,0,0,1,0,1,0,0,1,0,1,0,0.9055012116125363,-0.645290561051071
0.729328238109175,0.0,1.7642918806872154,-0.09080483414810245,0.0,0.0,-1.2201823075708103,1,-0.49051733464131914,1,0,1,0,1,0,1,0,1,0,0,0,0,0,0,1,0,1,0,0,1,0,1,0,0,1,1,0,1,0,1,0,1,0,1,0,0,1,1,0,0,0,1,1,0,0,0.029908529084378195,0.7294283262490757
-0.32634852940746806,0.0,-0.15487028849357468,-1.9375899111105526,0.0,0.0,1.863452179595359,0,-1.020550514059451,1,0,1,0,1,0,1,0,0,0,0,0,0,1,1,0,1,0,0,0,0,1,1,0,1,0,1,0,1,0,1,0,1,0,1,0,1,0,1,0,0,1,0,0,1,0,-3.7059713370348515,-0.6604503869127506
0.8466256567221353,0.0,0.8692449751551131,0.6007621217270765,0.0,0.0,0.10137532978611936,1,-1.6091971572363024,1,0,1,0,0,1,1,0,0,0,0,1,0,0,0,1,0,1,1,0,0,0,1,0,1,0,1,0,1,0,0,1,1,0,1,0,0,1,1,0,0,0,1,1,0,0,1.047659856855926,0.4637730483253939
0.3187872729638138,0.0,-0.6322286381106957,0.5414890984678798,0.0,0.0,0.10137532978611936,1,-0.29374356345133334,1,0,1,0,1,0,1,0,1,0,0,0,0,0,0,1,0,1,0,0,1,0,1,0,1,0,1,0,1,0,0,1,0,1,0,1,1,0,1,0,0,0,1,1,0,0,0.08691433195719853,1.0856209362915838
-0.6195920759398689,0.0,1.5457188320174193,0.6007621217270765,0.0,0.0,0.10137532978611936,0,0.24131362714611743,1,0,1,0,1,0,1,0,0,0,0,0,1,0,1,0,0,1,0,0,1,0,0,1,1,0,0,1,1,0,0,1,0,1,0,1,0,1,0,1,0,0,1,1,0,0,0.34873494802039173,1.2848483100011658
0.6706795288026948,0.0,0.8251412145926618,0.24446373527230422,0.0,0.0,-0.7796630951185004,1,-0.16479394318215115,1,0,1,0,0,1,1,0,1,0,0,0,0,0,0,1,0,1,0,0,1,0,1,0,0,1,0,1,1,0,0,1,1,0,1,0,0,1,1,0,0,0,1,1,0,0,2.609150928474421,0.09614303819099215
-0.7955382038593094,0.0,1.5132895963097344,-1.9375899111105526,0.0,0.0,0.9824137546907391,0,-0.10952982020964451,1,0,1,0,1,0,0,1,0,0,0,0,0,1,1,0,1,0,0,0,0,1,1,0,1,0,1,0,1,0,1,0,1,0,1,0,1,0,1,0,0,1,0,0,1,0,-1.418624244634464,-0.9722175001844117
1.4917614590934172,0.0,-0.5291036685602579,0.14806693795787343,0.0,0.0,0.10137532978611936,0,0.7746961473504619,1,0,0,1,0,1,1,0,1,0,0,0,0,0,0,1,0,1,0,0,1,0,1,0,1,0,1,0,1,0,0,1,1,0,1,0,0,1,0,1,0,0,1,1,0,0,-1.2101648504045242,1.0188515143775587
-0.03310498287506721,0.0,-0.9798700448970774,-0.6980504063213363,0.0,0.0,-0.7796630951185004,1,0.19107351535292955,1,0,1,0,1,0,1,0,0,0,0,0,0,1,0,1,0,1,0,0,1,0,1,0,0,1,1,0,0,1,1,0,0,1,0,1,0,1,1,0,0,0,1,1,0,0,-1.097659847722865,1.2959786638972601
-1.675268843456512,0.0,0.21676875271649385,-1.9375899111105526,0.0,0.0,1.863452179595359,0,0.27480703500824266,0,1,1,0,0,1,0,1,0,0,0,1,0,0,1,0,1,0,0,0,0,1,1,0,1,0,1,0,1,0,1,0,1,0,1,0,1,0,0,1,0,0,1,0,1,0,-0.5591211471251376,-1.3099807037761384
0.7879769474156552,0.0,-1.4591741486566596,-0.6980504063213363,0.0,0.0,0.9824137546907391,0,0.5536396554604354,1,0,1,0,0,1,1,0,1,0,0,0,0,0,1,0,0,1,1,0,0,0,1,0,1,0,1,0,0,1,0,1,1,0,1,0,0,1,0,0,1,0,1,1,0,0,0.007388372703505209,-1.7597860015378093
1.1398692032545361,0.0,-1.4591741486566596,0.40720749028027037,0.0,0.0,-1.2201823075708103,1,-0.46874661953093777,1,0,0,1,0,1,1,0,0,0,0,0,0,1,1,0,0,1,0,1,0,0,1,0,1,0,1,0,1,0,0,1,1,0,1,0,0,1,1,0,0,0,1,0,1,0,-3.2375091009013675,-0.3705523671130046
-1.6166201341500317,0.0,-0.9396577926195482,1.2654537340011538,0.0,0.0,1.863452179595359,0,1.4236309246791385,0,1,1,0,0,1,1,0,0,0,1,0,0,0,0,1,0,1,0,0,1,0,1,0,0,1,0,1,0,1,0,1,0,1,0,1,0,1,0,1,0,0,1,1,0,0,2.409149039045814,0.5388981444031031
1.4917614590934172,0.0,1.3693037897676137,-0.24535522255213305,0.0,0.0,-1.2201823075708103,1,-0.6512856923795203,1,0,0,1,1,0,1,0,1,0,0,0,0,0,0,1,0,1,0,0,1,0,1,0,0,1,1,0,1,0,0,1,0,1,1,0,1,0,1,0,0,0,1,1,0,0,1.5943747114722222,0.8441975264902977
1.6677075870128577,0.0,-1.4591741486566596,0.40720749028027037,0.0,0.0,-0.7796630951185004,1,1.152334320995924,1,0,0,1,1,0,1,0,1,0,0,0,0,0,1,0,0,1,1,0,0,0,1,0,1,0,1,0,0,1,1,0,1,0,1,0,1,0,1,0,0,0,1,1,0,0,-2.331136917975899,-0.8530038113684307
-0.678240785246349,0.0,-1.4591741486566596,-0.09080483414810245,0.0,0.0,0.10137532978611936,0,-0.3029542506134178,1,0,1,0,0,1,1,0,0,0,0,0,0,1,1,0,0,1,0,1,0,0,1,0,0,1,1,0,1,0,1,0,1,0,1,0,0,1,1,0,0,0,1,1,0,0,-4.083996023447963,-0.4172337371987169
-0.32634852940746806,0.0,-0.46294802771658083,-1.9375899111105526,0.0,0.0,-1.2201823075708103,1,-1.5405356711189455,1,0,1,0,0,1,1,0,1,0,0,0,0,0,1,0,1,0,0,0,0,1,1,0,1,0,1,0,1,0,1,0,1,0,1,0,1,0,1,0,0,1,0,1,0,0,-0.39465045940274573,-1.4800270868258047
0.6706795288026948,0.0,-1.4591741486566596,-0.33606808855469933,0.0,0.0,0.10137532978611936,0,-1.575703749374177,1,0,1,0,1,0,1,0,1,0,0,0,0,0,1,0,0,1,1,0,0,0,0,1,1,0,1,0,1,0,1,0,1,0,1,0,0,1,1,0,0,0,1,1,0,0,-2.1708491467380617,-0.8817090975314676
0.3187872729638138,0.0,0.23817204828356597,-0.33606808855469933,0.0,0.0,0.10137532978611936,0,-1.6192451795949399,1,0,1,0,0,1,1,0,0,0,0,0,1,0,1,0,0,1,0,1,0,0,1,0,0,1,1,0,1,0,1,0,1,0,1,0,0,1,0,1,0,1,0,0,1,0,-0.7873779422235112,-0.15797851770456195
-1.675268843456512,0.0,-0.4370046391504329,1.2157481529951086,0.0,0.0,0.9824137546907391,0,-0.05342836204058473,0,1,1,0,0,1,0,1,0,0,1,0,0,0,0,1,0,1,0,0,1,0,0,1,0,1,1,0,1,0,0,1,1,0,0,1,0,1,0,1,0,0,1,0,1,0,2.457053188429477,0.023627620363320865
-1.2647278783111506,0.0,0.6370516474880896,-1.9375899111105526,0.0,0.0,0.10137532978611936,0,-0.12460185374760087,0,1,1,0,1,0,1,0,1,0,0,0,0,0,1,0,1,0,0,0,0,1,1,0,1,0,1,0,1,0,1,0,1,0,1,0,1,0,1,0,0,1,0,0,0,1,-1.2594089253530725,-1.0478158434162754
0.9639230753350957,0.0,0.3977238879653753,0.36963080871589915,0.0,0.0,0.9824137546907391,0,0.26392167745305195,1,0,1,0,0,1,0,1,0,1,0,0,0,0,0,1,0,1,0,1,0,0,0,1,0,1,0,1,0,1,0,1,0,1,0,1,0,1,0,0,1,1,0,0,1,0,2.8229599473531017,-0.36044637814424185
-0.8541869131657895,0.0,-1.075211997877671,-0.023791351794107286,0.0,0.0,0.10137532978611936,1,-1.1386147767734427,1,0,1,0,1,0,1,0,0,0,0,0,1,0,0,1,0,1,0,0,1,0,1,0,1,0,1,0,1,0,0,1,1,0,1,0,0,1,1,0,0,0,1,1,0,0,-0.4035069673776292,0.8856976580215128
-1.2647278783111506,0.0,-1.328160036397613,1.2654537340011538,0.0,0.0,0.10137532978611936,1,-0.630352312465692,0,1,1,0,0,1,1,0,0,0,0,0,1,0,0,1,0,1,0,0,1,0,1,0,1,0,1,0,1,0,1,0,0,1,0,1,1,0,1,0,0,0,1,1,0,0,-0.5558587798719822,0.8264555887473338
1.3158153311739766,0.0,1.60019994800633,0.6819075454764912,0.0,0.0,0.10137532978611936,1,1.6396634053898465,1,0,0,1,0,1,1,0,1,0,0,0,0,0,0,1,0,1,0,0,1,0,1,0,0,1,0,1,1,0,0,1,0,1,1,0,0,1,1,0,0,0,1,1,0,0,3.090801679558813,0.21310367511291614
-1.2647278783111506,0.0,-1.4591741486566596,1.2654537340011538,0.0,0.0,-0.7796630951185004,1,-0.310490267382396,0,1,1,0,0,1,1,0,1,0,0,0,0,0,1,0,0,1,0,1,0,0,1,0,0,1,1,0,1,0,0,1,0,1,0,1,0,1,1,0,0,0,1,1,0,0,-2.589703756417267,-0.09914270782116519
-0.09175369218154737,0.0,0.4671224523798209,0.28848538496648446,0.0,0.0,-0.7796630951185004,1,-0.674731077883008,1,0,1,0,1,0,1,0,1,0,0,0,0,0,0,1,0,1,0,0,1,0,1,0,1,0,1,0,1,0,1,0,0,1,0,1,0,1,1,0,0,0,1,1,0,0,-0.14401489089642405,0.8483255849125942
0.4947334008832543,0.0,1.2862849463559405,-0.33606808855469933,0.0,0.0,0.10137532978611936,0,0.8952724156541128,1,0,1,0,1,0,1,0,1,0,0,0,0,0,0,1,0,1,1,0,0,0,0,1,0,1,0,1,0,1,1,0,1,0,1,0,0,1,0,1,0,0,1,0,1,0,2.1870288664443844,-0.593624925070679
1.374464040480457,0.0,-0.06731135208282546,0.19777251896391848,0.0,0.0,1.863452179595359,0,0.9438378570541944,1,0,0,1,0,1,1,0,1,0,0,0,0,0,0,1,0,1,0,0,1,0,1,0,1,0,1,0,0,1,0,1,0,1,1,0,0,1,0,1,0,1,0,1,0,0,2.0965976633099337,0.5113704786746829
0.5533821101897345,0.0,0.5598700665037996,-0.023791351794107286,0.0,0.0,-1.2201823075708103,1,-0.05426569723713786,1,0,1,0,0,1,1,0,1,0,0,0,0,0,0,1,0,1,0,0,1,0,1,0,0,1,0,1,0,1,0,1,0,1,0,1,0,1,0,1,0,0,1,1,0,0,3.1945781252474665,0.24808279955252519
-0.26769982010098786,0.0,-1.4591741486566596,0.36963080871589915,0.0,0.0,0.10137532978611936,1,0.666679906995108,1,0,1,0,0,1,0,1,1,0,0,0,0,0,1,0,0,1,0,1,0,0,1,0,1,0,1,0,0,1,1,0,1,0,1,0,1,0,1,0,0,0,1,0,1,0,-3.223756728218978,-0.5522411025512776
0.2601385636573336,0.0,1.6631126652792385,0.65579761464225,0.0,0.0,0.9824137546907391,0,1.7686130256590284,1,0,1,0,0,1,1,0,1,0,0,0,0,0,0,1,0,1,1,0,0,0,1,0,0,1,1,0,0,1,1,0,0,1,0,1,1,0,0,0,1,1,0,0,1,0,2.293018313442638,-0.80955599805943
-0.678240785246349,0.0,-1.4591741486566596,0.36963080871589915,0.0,0.0,-0.7796630951185004,1,0.0738465878354912,1,0,1,0,1,0,1,0,1,0,0,0,0,0,1,0,0,1,0,1,0,0,1,0,0,1,1,0,1,0,1,0,0,1,0,1,0,1,1,0,0,0,1,0,1,0,-2.377247476086168,-0.45360810161808335
0.6706795288026948,0.0,0.9827473001320102,-1.9375899111105526,0.0,0.0,0.10137532978611936,1,-1.4007006932945727,1,0,1,0,0,1,1,0,1,0,0,0,0,0,1,0,1,0,0,0,0,1,1,0,1,0,1,0,1,0,1,0,1,0,1,0,1,0,0,1,0,1,0,1,0,0,-1.2375964921905231,-1.0621647688247906
-0.4436459480204284,0.0,0.42561303067398426,-1.9375899111105526,0.0,0.0,1.863452179595359,0,0.7679974657780368,1,0,1,0,0,1,0,1,1,0,0,0,0,0,0,1,1,0,0,0,0,1,1,0,1,0,1,0,1,0,1,0,1,0,1,0,1,0,0,0,1,0,1,0,1,0,0.9714612102719818,-1.884350741369275
-0.678240785246349,0.0,-0.5316980074168727,0.40720749028027037,0.0,0.0,-1.2201823075708103,1,1.2921692988202969,1,0,1,0,1,0,1,0,1,0,0,0,0,0,0,1,0,1,0,0,1,0,1,0,1,0,1,0,1,0,1,0,0,1,0,1,0,1,1,0,0,0,1,1,0,0,0.8725781647333944,0.4529730468180572
1.5504101683998974,0.0,-0.8916625237721746,0.0949307535196783,0.0,0.0,-0.7796630951185004,1,1.2871452876409781,1,0,0,1,0,1,1,0,0,0,1,0,0,0,0,1,0,1,0,0,1,0,0,1,1,0,0,1,0,1,0,1,0,1,1,0,0,1,0,1,0,0,1,0,1,0,1.9459664491970252,0.8340552875082273
-1.3820252969241111,0.0,0.22130884571556975,-1.9375899111105526,0.0,0.0,0.9824137546907391,0,0.19526019133569522,0,1,1,0,1,0,1,0,0,0,1,0,0,0,1,0,1,0,0,0,0,1,1,0,1,0,1,0,1,0,1,0,1,0,1,0,1,0,0,1,0,1,0,1,0,0,0.9504031979433301,-2.141860937594676
-0.6195920759398689,0.0,1.7312140602653765,-1.9375899111105526,0.0,0.0,1.863452179595359,0,1.2653745725305967,1,0,1,0,0,1,0,1,0,0,0,0,1,0,1,0,1,0,0,0,0,1,1,0,1,0,1,0,1,0,1,0,1,0,1,0,1,0,0,1,0,0,1,0,1,0,-1.2467299517932107,-1.0332614745617488
-0.678240785246349,0.0,-1.0142450347472234,-0.24535522255213305,0.0,0.0,0.10137532978611936,1,0.6407225159019609,1,0,1,0,1,0,1,0,0,0,0,0,1,0,1,0,0,1,0,1,0,0,1,0,0,1,1,0,0,1,1,0,1,0,1,0,1,0,1,0,0,0,1,0,1,0,-0.5002149569791072,-0.20148185066155938
-0.8541869131657895,0.0,0.7979006565982063,-1.9375899111105526,0.0,0.0,0.10137532978611936,0,0.775533482547015,1,0,1,0,1,0,1,0,1,0,0,0,0,0,1,0,1,0,0,0,0,1,1,0,1,0,1,0,1,0,1,0,1,0,1,0,1,0,1,0,0,1,0,0,1,0,-2.062624324058584,-0.8616497206181605
1.9023024242387783,0.0,-1.4591741486566596,0.19777251896391848,0.0,0.0,0.10137532978611936,1,-0.2635994963754206,1,0,0,1,0,1,1,0,1,0,0,0,0,0,1,0,0,1,0,1,0,0,1,0,0,1,0,1,0,1,0,1,0,1,1,0,1,0,0,1,0,0,1,1,0,0,0.07270212617208556,-0.8375966837916012
0.3187872729638138,0.0,1.7597517876881397,-0.1642097988027183,0.0,0.0,-1.2201823075708103,1,1.177454376892518,1,0,1,0,0,1,1,0,1,0,0,0,0,0,0,1,0,1,0,0,1,0,1,0,1,0,1,0,1,0,0,1,0,1,0,1,0,1,1,0,0,0,1,1,0,0,2.337749099071238,0.3185814834409572
0.37743598227029396,0.0,0.83357281587666,0.6819075454764912,0.0,0.0,0.9824137546907391,0,0.19526019133569522,1,0,1,0,0,1,0,1,1,0,0,0,0,0,1,0,0,1,0,1,0,0,1,0,0,1,1,0,0,1,0,1,0,1,0,1,0,1,0,1,0,0,1,0,1,0,2.179585390094617,-0.4687805652107342
0.5533821101897345,0.0,-0.31442212817538423,0.40720749028027037,0.0,0.0,-0.7796630951185004,1,1.1498223154062646,1,0,1,0,1,0,1,0,1,0,0,0,0,0,0,1,0,1,0,0,1,0,1,0,1,0,1,0,1,0,1,0,0,1,0,1,0,1,1,0,0,1,0,1,0,0,-0.17242890047671353,0.917748709771296
-1.2060791690046706,0.0,1.7467800934050655,1.0597702031126737,0.0,0.0,-0.7796630951185004,1,-1.0749773018354047,0,1,1,0,1,0,1,0,0,0,0,0,0,1,1,0,0,1,0,0,1,0,1,0,1,0,1,0,1,0,1,0,1,0,0,1,0,1,1,0,0,0,1,1,0,0,-2.251871704553681,0.7726364283377637
0.9052743660286154,0.0,-0.9195516664807836,0.4772711516590301,0.0,0.0,0.9824137546907391,0,0.372775253004959,1,0,1,0,1,0,1,0,0,0,0,0,0,1,1,0,0,1,0,1,0,0,0,1,1,0,1,0,0,1,0,1,1,0,1,0,0,1,1,0,0,0,1,1,0,0,-1.3429203503534468,0.3966048587888457
-1.2060791690046706,0.0,-1.4591741486566596,1.2654537340011538,0.0,0.0,-0.7796630951185004,1,-1.404050034080785,0,1,1,0,1,0,1,0,1,0,0,0,0,0,1,0,0,1,0,1,0,0,1,0,1,0,1,0,1,0,1,0,0,1,0,1,1,0,1,0,0,0,1,1,0,0,-1.7698499505968417,-0.895084642011344
0.3187872729638138,0.0,0.02349050789869205,0.5414890984678798,0.0,0.0,0.10137532978611936,1,-1.8846804369022825,1,0,1,0,1,0,1,0,1,0,0,0,0,0,1,0,0,1,0,0,1,0,1,0,1,0,1,0,1,0,1,0,0,1,0,1,0,1,1,0,0,0,1,1,0,0,-2.25285481380791,1.1105513197325887
-0.7955382038593094,0.0,1.1092213193919813,0.28848538496648446,0.0,0.0,-0.7796630951185004,1,-1.0155265028801324,1,0,1,0,1,0,0,1,1,0,0,0,0,0,1,0,0,1,0,1,0,0,1,0,1,0,1,0,0,1,1,0,1,0,1,0,0,1,1,0,0,0,1,0,0,1,-2.7018094163267983,0.1979952798984737
-1.4406740062305912,0.0,-0.9409549620478556,1.2654537340011538,0.0,0.0,-1.2201823075708103,1,-0.7668379495038524,0,1,1,0,1,0,1,0,1,0,0,0,0,0,0,1,0,1,0,0,1,0,0,1,0,1,0,1,1,0,0,1,0,1,0,1,0,1,1,0,0,0,1,0,1,0,1.5268818923002048,1.0371698424431024
-0.7368894945528293,0.0,-0.5719102596944019,-0.023791351794107286,0.0,0.0,-1.2201823075708103,1,0.11990002364591341,1,0,1,0,0,1,1,0,1,0,0,0,0,0,1,0,0,1,0,0,1,0,1,0,1,0,1,0,1,0,1,0,1,0,1,0,0,1,1,0,0,0,1,1,0,0,0.07655654292184381,0.26276884271282225
1.6090588777063775,0.0,0.8990798720061832,0.037855076107910814,0.0,0.0,-1.2201823075708103,1,-1.1436387879527614,1,0,0,1,1,0,1,0,1,0,0,0,0,0,0,1,0,1,0,0,1,0,1,0,0,1,1,0,1,0,1,0,0,1,1,0,0,1,1,0,0,0,1,1,0,0,-0.5162629768974796,1.1603365428711436
0.08419243573789313,0.0,0.8180067827369711,0.4772711516590301,0.0,0.0,0.10137532978611936,0,0.18856150976327016,1,0,1,0,1,0,1,0,1,0,0,0,0,0,0,1,0,1,0,0,1,0,1,0,0,1,0,1,0,1,0,1,0,1,0,1,0,1,0,0,1,1,0,1,0,0,3.207363190501537,0.2502080952619658
0.4947334008832543,0.0,-1.4591741486566596,0.5716956836265287,0.0,0.0,-1.2201823075708103,1,0.3970579737049998,1,0,1,0,1,0,1,0,1,0,0,0,0,0,1,0,0,1,1,0,0,0,1,0,0,1,1,0,1,0,0,1,0,1,0,1,0,1,1,0,0,0,1,1,0,0,-2.754776664518546,0.00916700604374142
1.3158153311739766,0.0,1.3589264343411547,0.7071612569928716,0.0,0.0,-1.2201823075708103,1,0.6114157840226013,1,0,0,1,1,0,1,0,1,0,0,0,0,0,1,0,0,1,0,0,1,0,1,0,1,0,1,0,1,0,1,0,1,0,1,0,1,0,1,0,0,0,1,1,0,0,-2.1848733479351785,0.7597508799715804
0.729328238109175,0.0,-0.7145988968082153,-0.09080483414810245,0.0,0.0,0.9824137546907391,0,0.6130904544157076,1,0,1,0,0,1,0,1,1,0,0,0,0,0,1,0,0,1,0,0,1,0,1,0,0,1,0,1,0,1,1,0,1,0,1,0,0,1,0,1,0,0,1,0,1,0,2.0388496106718863,-0.1278180905738364
-1.2060791690046706,0.0,1.3336316304891604,1.0276751759851788,0.0,0.0,-1.2201823075708103,1,0.28736706295653963,0,1,1,0,1,0,1,0,0,0,0,0,0,1,1,0,0,1,0,0,1,0,1,0,1,0,1,0,1,0,1,0,0,1,0,1,0,1,1,0,0,0,1,1,0,0,-0.8997276100434697,0.91279939293253
-0.3849972387139482,0.0,0.13829000230389643,-1.9375899111105526,0.0,0.0,0.10137532978611936,1,-1.4057247044738914,1,0,1,0,1,0,1,0,0,0,0,0,0,1,1,0,1,0,0,0,0,1,1,0,1,0,1,0,1,0,1,0,1,0,1,0,1,0,1,0,0,1,0,1,0,0,-2.70086565657429,-0.7776938418140923
0.2601385636573336,0.0,-1.4591741486566596,0.33012629336122234,0.0,0.0,0.10137532978611936,0,-0.24266611646159236,1,0,1,0,0,1,1,0,1,0,0,0,0,0,1,0,0,1,0,1,0,0,0,1,0,1,0,1,0,1,0,1,0,1,0,1,0,1,0,0,1,0,1,0,1,0,0.9362843666139495,-1.2378511338321434
-0.5609433666333887,0.0,-0.5537498876980983,-0.5576319593127251,0.0,0.0,0.9824137546907391,0,-1.027249195631876,1,0,1,0,1,0,1,0,0,0,0,0,0,1,1,0,0,1,0,1,0,0,1,0,1,0,0,1,0,1,0,1,1,0,1,0,0,1,1,0,0,0,1,0,1,0,-1.2976002922118282,0.4020920462741943
-0.20905111079450772,0.0,1.7811550832552114,-1.9375899111105526,0.0,0.0,0.10137532978611936,0,1.1992250920028993,1,0,1,0,0,1,1,0,0,0,0,1,0,0,1,0,1,0,0,0,0,1,1,0,1,0,1,0,1,0,1,0,1,0,1,0,1,0,0,0,1,0,1,0,1,0,-0.0992168392277189,-1.468702062201712
-1.5579714248435517,0.0,-0.4953772634242657,1.2157481529951086,0.0,0.0,0.10137532978611936,0,0.8224242535539904,0,1,1,0,1,0,1,0,0,1,0,0,0,0,1,0,0,1,1,0,0,0,0,1,0,1,0,1,0,1,0,1,0,1,0,1,1,0,0,0,1,0,1,0,1,0,2.4311711335757376,-0.47122346018351835
0.2601385636573336,0.0,-1.3612378568194512,0.65579761464225,0.0,0.0,0.10137532978611936,1,0.2655963478461582,1,0,1,0,0,1,1,0,1,0,0,0,0,0,1,0,0,1,0,0,1,0,1,0,1,0,0,1,1,0,0,1,0,1,0,1,0,1,1,0,0,1,0,0,1,0,0.19168018217640273,0.915249500790455
-1.4993227155370714,0.0,-0.6776295681014545,1.2654537340011538,0.0,0.0,0.10137532978611936,1,0.7880935104953121,0,1,1,0,1,0,1,0,0,0,0,0,0,1,1,0,0,1,0,0,1,0,1,0,0,1,1,0,1,0,0,1,0,1,0,1,0,1,1,0,0,0,1,1,0,0,-0.4386366361620882,1.221903254807902
1.2571666218674964,0.0,0.7356365240394518,-0.5576319593127251,0.0,0.0,-1.2201823075708103,1,0.6122531192191545,1,0,0,1,1,0,1,0,1,0,0,0,0,0,1,0,0,1,0,0,1,0,1,0,1,0,1,0,1,0,1,0,1,0,1,0,0,1,1,0,0,0,1,1,0,0,-2.359024882867398,0.7790086553762229
1.785005005625818,0.0,-0.2664268593280105,0.65579761464225,0.0,0.0,-1.2201823075708103,1,-0.10869248501309138,1,0,0,1,0,1,1,0,0,0,1,0,0,0,0,1,0,1,0,0,1,0,0,1,1,0,0,1,1,0,0,1,0,1,1,0,0,1,1,0,0,1,0,1,0,0,2.766119505535597,0.2685789513311243
-0.09175369218154737,0.0,-1.2412496847010175,0.19777251896391848,0.0,0.0,-1.2201823075708103,1,1.0041259912060199,1,0,1,0,1,0,1,0,1,0,0,0,0,0,0,1,0,1,0,0,1,0,0,1,1,0,1,0,1,0,0,1,0,1,0,1,1,0,1,0,0,1,0,0,0,1,-0.013666028034506734,1.149215067245608
-1.2647278783111506,0.0,-1.2736789204087022,-1.9375899111105526,0.0,0.0,0.9824137546907391,0,1.056040773392314,0,1,1,0,0,1,0,1,1,0,0,0,0,0,1,0,1,0,0,0,0,1,1,0,1,0,1,0,1,0,1,0,1,0,1,0,1,0,1,0,0,1,0,0,1,0,-0.5049483079366263,-1.63597764490966
0.3187872729638138,0.0,-0.8663677199201804,-1.9375899111105526,0.0,0.0,0.10137532978611936,1,0.13664672757697605,1,0,1,0,1,0,1,0,1,0,0,0,0,0,1,0,1,0,0,0,0,1,1,0,1,0,1,0,1,0,1,0,1,0,1,0,1,0,1,0,0,1,0,1,0,0,-2.3555123552229498,-0.9134428506790151
-0.7955382038593094,0.0,0.11818387616513189,0.4772711516590301,0.0,0.0,-1.2201823075708103,1,0.928765823516238,1,0,1,0,1,0,1,0,0,0,0,0,0,1,1,0,0,1,1,0,0,0,0,1,1,0,1,0,0,1,1,0,1,0,1,0,1,0,1,0,0,1,0,0,1,0,-1.393738617344306,0.11829647962018147
0.9639230753350957,0.0,0.509929043513965,-0.023791351794107286,0.0,0.0,0.9824137546907391,0,-1.2164869500528839,1,0,1,0,0,1,1,0,1,0,0,0,0,0,0,1,0,1,0,1,0,0,0,1,1,0,0,1,0,1,1,0,1,0,1,0,0,1,0,1,0,1,0,0,1,0,1.2361853615839282,-0.2391038975595659
0.37743598227029396,0.0,0.6597521124834691,0.14806693795787343,0.0,0.0,0.10137532978611936,0,1.7443303049589878,1,0,1,0,1,0,1,0,0,0,1,0,0,0,1,0,0,1,0,0,1,0,0,1,0,1,1,0,1,0,0,1,0,1,0,1,0,1,0,1,0,1,0,1,0,0,2.577763145237524,0.23785729368150496
1.6090588777063775,0.0,-1.4591741486566596,0.6819075454764912,0.0,0.0,1.863452179595359,0,-1.5338369895465205,1,0,0,1,1,0,1,0,0,0,0,1,0,0,1,0,0,1,0,1,0,0,1,0,0,1,0,1,1,0,1,0,1,0,1,0,0,1,0,0,1,1,0,1,0,0,-0.8658865097373695,-1.2910525880948827
-1.0887817503917103,0.0,-1.4591741486566596,1.0597702031126737,0.0,0.0,0.10137532978611936,0,-1.1277294192182519,0,1,1,0,1,0,1,0,1,0,0,0,0,0,1,0,0,1,1,0,0,0,1,0,1,0,1,0,0,1,0,1,0,1,0,1,0,1,0,1,0,0,1,0,1,0,-2.387221944602419,-0.14104284984450943
-0.5609433666333887,0.0,1.2947165476399387,0.6287713610382961,0.0,0.0,-0.7796630951185004,1,0.5611756722294134,1,0,1,0,1,0,1,0,0,0,0,0,0,1,1,0,0,1,1,0,0,0,1,0,1,0,1,0,1,0,0,1,0,1,0,1,0,1,1,0,0,0,1,1,0,0,-1.9463689944663567,1.3637820484444587
-0.26769982010098786,0.0,1.4503768790368259,-1.9375899111105526,0.0,0.0,1.863452179595359,0,0.06882257665617242,1,0,1,0,0,1,1,0,1,0,0,0,0,0,1,0,1,0,0,0,0,1,1,0,1,0,1,0,1,0,1,0,1,0,1,0,1,0,0,0,1,1,0,1,0,0,0.9826200027528362,-2.050113474927543
0.37743598227029396,0.0,1.469185835747283,-1.9375899111105526,0.0,0.0,0.9824137546907391,0,-0.8782035306454189,1,0,1,0,0,1,1,0,1,0,0,0,0,0,0,1,1,0,0,0,0,1,1,0,1,0,1,0,1,0,1,0,1,0,1,0,1,0,0,1,0,1,0,0,0,1,-0.9565497154897932,-0.8822887049213898
-1.0887817503917103,0.0,-0.7664856739405111,1.2157481529951086,0.0,0.0,0.9824137546907391,0,0.05709988390442858,0,1,1,0,0,1,1,0,0,1,0,0,0,0,0,1,0,1,0,0,1,0,1,0,0,1,0,1,0,1,0,1,0,1,0,1,0,1,0,0,1,0,1,1,0,0,2.9173651704489987,0.20999848806499719
1.5504101683998974,0.0,-0.038125039945909135,-0.023791351794107286,0.0,0.0,0.10137532978611936,1,-0.8882515530040564,1,0,0,1,0,1,1,0,1,0,0,0,0,0,0,1,0,1,1,0,0,0,1,0,1,0,1,0,1,0,0,1,0,1,1,0,0,1,1,0,0,0,1,1,0,0,-0.31405665425908363,1.27565318921696
-0.3849972387139482,0.0,-0.3818749384473687,-0.869908696073317,0.0,0.0,-1.2201823075708103,1,0.7102213372158709,1,0,1,0,0,1,1,0,1,0,0,0,0,0,1,0,0,1,0,0,1,0,1,0,1,0,1,0,1,0,0,1,1,0,1,0,0,1,1,0,0,1,0,1,0,0,0.31999500409734616,0.571234951300312
0.20148985435085345,0.0,-0.14319576363880815,0.7071612569928716,0.0,0.0,-0.7796630951185004,1,0.9463498626438538,1,0,1,0,1,0,1,0,1,0,0,0,0,0,0,1,0,1,0,0,1,0,1,0,1,0,1,0,1,0,1,0,0,1,0,1,1,0,1,0,0,0,1,1,0,0,1.2577112031412458,0.2890379990823374
0.43608469157677415,0.0,-0.5985022329747035,-1.9375899111105526,0.0,0.0,-1.2201823075708103,1,-0.0006762446577374677,1,0,1,0,1,0,1,0,1,0,0,0,0,0,1,0,1,0,0,0,0,1,1,0,1,0,1,0,1,0,1,0,1,0,1,0,1,0,1,0,0,0,1,0,0,1,-3.8105130636052267,-0.6383485962838515
0.6120308194962146,0.0,-0.36630890530767984,0.0949307535196783,0.0,0.0,-1.2201823075708103,1,0.7328293875228054,1,0,1,0,0,1,1,0,0,0,0,1,0,0,1,0,0,1,0,0,1,0,1,0,1,0,1,0,1,0,1,0,0,1,0,1,0,1,1,0,0,0,1,1,0,0,0.9253429521053436,0.3306592928626507
-0.09175369218154737,0.0,1.7467800934050655,0.28848538496648446,0.0,0.0,0.10137532978611936,1,-1.7842002133159067,1,0,1,0,1,0,1,0,0,0,0,0,1,0,0,1,0,1,1,0,0,0,0,1,0,1,1,0,1,0,1,0,1,0,1,0,0,1,1,0,0,1,0,1,0,0,0.4865131082581873,-0.17700714640825752
-1.2060791690046706,0.0,-1.238006761130249,-1.9375899111105526,0.0,0.0,0.9824137546907391,0,0.9262538179265787,0,1,1,0,0,1,0,1,0,0,1,0,0,0,1,0,1,0,0,0,0,1,1,0,1,0,1,0,1,0,1,0,1,0,1,0,1,0,0,0,1,1,0,0,0,1,0.050692186822052614,-1.945011065972863
-0.6195920759398689,0.0,-0.9214974206232448,0.0949307535196783,0.0,0.0,0.10137532978611936,0,0.1709774706356544,1,0,1,0,1,0,1,0,1,0,0,0,0,0,0,1,0,1,1,0,0,0,1,0,0,1,0,1,0,1,0,1,0,1,0,1,0,1,0,0,1,1,0,1,0,0,2.507594400555886,-0.4411220482778338
1.8436537149322982,0.0,1.2603415577897925,0.5100492557245105,0.0,0.0,-1.2201823075708103,1,0.47409281178788787,1,0,0,1,1,0,1,0,0,0,0,1,0,0,0,1,0,1,0,0,1,0,1,0,1,0,1,0,1,0,0,1,0,1,1,0,1,0,1,0,0,0,1,1,0,0,1.9155095324991398,0.5285827009359262
0.7879769474156552,0.0,0.7985492413123604,0.24446373527230422,0.0,0.0,-0.7796630951185004,1,-0.6596590443450516,1,0,1,0,1,0,1,0,1,0,0,0,0,0,1,0,0,1,0,0,1,0,1,0,1,0,0,1,1,0,0,1,0,1,0,1,0,1,0,1,0,1,0,0,0,1,0.34745446626262083,1.1383336452645012
-1.1474304596981904,0.0,-0.8034550026472719,1.2157481529951086,0.0,0.0,0.9824137546907391,0,1.7803357184107724,0,1,1,0,0,1,0,1,0,1,0,0,0,0,0,1,0,1,0,1,0,0,0,1,0,1,0,1,0,1,0,1,0,1,0,1,0,1,0,0,1,1,0,1,0,0,2.5207107102051136,-0.4093433447815684
1.374464040480457,0.0,1.6942447315586158,-0.869908696073317,0.0,0.0,0.10137532978611936,1,0.46069544864303774,1,0,0,1,0,1,1,0,0,0,1,0,0,0,1,0,0,1,0,0,1,0,1,0,1,0,1,0,1,0,1,0,0,1,1,0,1,0,1,0,0,0,1,1,0,0,1.9416574417588628,-0.06586634112083713
-1.675268843456512,0.0,-1.1575822565751903,1.1346027292456944,0.0,0.0,0.10137532978611936,0,0.8668030189713063,0,1,1,0,0,1,1,0,1,0,0,0,0,0,1,0,0,1,0,0,1,0,0,1,0,1,1,0,1,0,0,1,1,0,1,0,0,1,1,0,0,1,0,1,0,0,-1.7894052612039812,1.2781774537115425
1.785005005625818,0.0,0.5929478869256383,-0.33606808855469933,0.0,0.0,0.9824137546907391,0,-0.7048751449589207,1,0,0,1,1,0,1,0,0,0,0,1,0,0,0,1,0,1,0,0,1,0,0,1,1,0,1,0,1,0,0,1,0,1,0,1,0,1,1,0,0,0,1,1,0,0,1.733363811158767,0.7133999415659334
0.14284114504437329,0.0,0.3023819349847819,-0.869908696073317,0.0,0.0,0.10137532978611936,0,-0.21587139017189216,1,0,1,0,0,1,1,0,1,0,0,0,0,0,0,1,0,1,0,0,1,0,1,0,0,1,0,1,0,1,0,1,0,1,0,1,0,1,0,1,0,0,1,1,0,0,3.1700151242474734,0.3863223197465669
0.14284114504437329,0.0,1.7376999074069137,0.4772711516590301,0.0,0.0,0.10137532978611936,0,-0.2627621611788675,1,0,1,0,0,1,1,0,0,0,1,0,0,0,1,0,0,1,1,0,0,0,0,1,0,1,1,0,0,1,1,0,1,0,1,0,0,1,0,0,1,0,1,1,0,0,1.9724799550301086,-0.9049075957223301
-1.675268843456512,0.0,-1.4591741486566596,1.2654537340011538,0.0,0.0,0.9824137546907391,0,0.45148476148095334,0,1,1,0,0,1,1,0,1,0,0,0,0,0,1,0,0,1,1,0,0,0,0,1,1,0,1,0,0,1,1,0,1,0,1,0,0,1,0,1,0,0,1,0,1,0,-0.4498577553011916,-1.579260469925148
0.37743598227029396,0.0,-1.317134096257,0.33012629336122234,0.0,0.0,-1.2201823075708103,1,-0.5491307984000383,1,0,1,0,1,0,1,0,0,0,0,0,1,0,0,1,0,1,0,0,1,0,1,0,0,1,1,0,1,0,0,1,0,1,0,1,0,1,1,0,0,0,1,1,0,0,0.39193374173269635,1.044033166396155
-0.5609433666333887,0.0,-1.169256781429957,-1.9375899111105526,0.0,0.0,0.9824137546907391,0,-0.14051122248211037,1,0,1,0,0,1,0,1,0,0,0,1,0,0,1,0,1,0,0,0,0,1,1,0,1,0,1,0,1,0,1,0,1,0,1,0,1,0,0,1,0,1,0,0,1,0,-1.0089606178893937,-1.3482567957197042
-1.1474304596981904,0.0,-0.008938727808992809,1.2157481529951086,0.0,0.0,0.10137532978611936,0,-1.6803706489433186,0,1,1,0,0,1,1,0,0,0,1,0,0,0,0,1,0,1,0,0,1,0,0,1,0,1,0,1,1,0,0,1,0,1,0,1,0,1,1,0,0,0,1,1,0,0,2.341604353837533,0.8055698261151507
-1.2647278783111506,0.0,-0.7126531426657542,1.1346027292456944,0.0,0.0,0.10137532978611936,1,0.3049511020841554,0,1,1,0,0,1,0,1,0,0,0,0,0,1,0,1,0,1,0,0,1,0,1,0,1,0,0,1,0,1,0,1,0,1,0,1,0,1,1,0,0,0,1,1,0,0,-1.37984080924665,1.714787226693227
-0.4436459480204284,0.0,0.9062143038618738,-0.24535522255213305,0.0,0.0,1.863452179595359,0,-1.115169391269955,1,0,1,0,1,0,1,0,0,0,1,0,0,0,0,1,0,1,0,1,0,0,1,0,0,1,1,0,1,0,1,0,1,0,1,0,0,1,0,1,0,0,1,0,1,0,1.2410877195332541,-0.6721195402328313
-0.32634852940746806,0.0,0.7135846437582258,0.6287713610382961,0.0,0.0,-1.2201823075708103,1,-0.03249498212675645,1,0,1,0,1,0,0,1,0,0,0,0,0,1,1,0,0,1,0,0,1,0,1,0,1,0,1,0,1,0,1,0,1,0,1,0,0,1,1,0,0,0,1,1,0,0,-1.1694647807761702,0.6530055165801084
-0.20905111079450772,0.0,-1.4591741486566596,0.44303577337051536,0.0,0.0,-1.2201823075708103,1,1.2553265501719593,1,0,1,0,1,0,1,0,0,0,0,0,0,1,1,0,0,1,0,1,0,0,1,0,0,1,1,0,0,1,1,0,1,0,1,0,0,1,1,0,0,0,1,0,0,1,-3.1364963413979443,-0.37358196652823417
-1.3233765876176309,0.0,-0.8209667899294216,1.120206624171783,0.0,0.0,0.9824137546907391,0,-0.8061927037418496,0,1,1,0,0,1,1,0,1,0,0,0,0,0,0,1,0,1,0,1,0,0,0,1,1,0,0,1,0,1,0,1,0,1,0,1,0,1,0,0,1,1,0,0,1,0,1.483977925024583,0.11573627668351674
-1.5579714248435517,0.0,1.7376999074069137,1.1055362911451465,0.0,0.0,-0.7796630951185004,1,0.2547109902909675,0,1,1,0,1,0,1,0,1,0,0,0,0,0,1,0,0,1,0,0,1,0,1,0,0,1,0,1,0,1,0,1,0,1,0,1,0,1,0,1,0,0,1,1,0,0,2.579762591138723,0.5377402837359266
0.6120308194962146,0.0,1.3375231387740825,-0.43890985399893934,0.0,0.0,0.10137532978611936,0,1.802943768717707,1,0,1,0,0,1,1,0,1,0,0,0,0,0,0,1,0,1,0,0,1,0,0,1,0,1,0,1,0,1,0,1,0,1,0,1,0,1,0,0,1,0,1,1,0,0,3.3439803882945958,0.4481962939170153
-1.2647278783111506,0.0,-0.32155656003107486,1.2157481529951086,0.0,0.0,-1.2201823075708103,1,-1.5154156152223517,0,1,1,0,0,1,1,0,0,0,1,0,0,0,0,1,0,1,0,0,1,0,1,0,0,1,0,1,1,0,1,0,1,0,0,1,1,0,1,0,0,0,1,1,0,0,1.806545690532594,-0.01374833050805896
1.9023024242387783,0.0,-0.2618867663289346,-0.869908696073317,0.0,0.0,0.10137532978611936,0,-0.08608443470615684,1,0,0,1,1,0,1,0,0,0,1,0,0,0,0,1,0,1,1,0,0,0,0,1,1,0,1,0,0,1,1,0,0,1,0,1,0,1,0,0,1,0,1,1,0,0,1.449351296440669,-0.3534780893576829
-0.8541869131657895,0.0,-1.3528062555354532,-1.9375899111105526,0.0,0.0,1.863452179595359,0,-1.792573565281438,1,0,1,0,0,1,1,0,0,0,0,0,1,0,1,0,1,0,0,0,0,1,1,0,1,0,1,0,1,0,1,0,1,0,1,0,1,0,0,1,0,1,0,0,0,1,-1.781422627069467,-1.1987685411989488
-1.675268843456512,0.0,0.6967214411902298,1.1346027292456944,0.0,0.0,0.10137532978611936,0,-1.4894582241292045,0,1,1,0,0,1,1,0,1,0,0,0,0,0,1,0,0,1,0,1,0,0,0,1,1,0,1,0,1,0,1,0,1,0,1,0,0,1,1,0,0,0,1,1,0,0,-1.025909679774047,-0.05509140058560907
0.20148985435085345,0.0,1.3615207731977694,-0.6980504063213363,0.0,0.0,-0.7796630951185004,1,-1.913149833585089,1,0,1,0,1,0,1,0,1,0,0,0,0,0,0,1,0,1,1,0,0,0,1,0,1,0,1,0,1,0,1,0,1,0,1,0,0,1,1,0,0,0,1,1,0,0,-2.6707812998786395,0.19876473280672297
0.43608469157677415,0.0,-1.1802827215705698,0.5100492557245105,0.0,0.0,-0.7796630951185004,1,0.17851348740463258,1,0,1,0,1,0,1,0,0,0,0,0,1,0,1,0,0,1,1,0,0,0,1,0,1,0,0,1,0,1,1,0,1,0,1,0,1,0,1,0,0,0,1,0,1,0,-0.3550200096743361,-0.2521275896507024
-0.26769982010098786,0.0,1.0754949142559889,-1.9375899111105526,0.0,0.0,1.863452179595359,0,1.657247444517462,1,0,1,0,1,0,1,0,1,0,0,0,0,0,0,1,1,0,0,0,0,1,1,0,1,0,1,0,1,0,1,0,1,0,1,0,1,0,0,0,1,1,0,1,0,0,1.5729585016205054,-2.178466326869526
1.6677075870128577,0.0,1.4516740484651334,0.19777251896391848,0.0,0.0,-0.7796630951185004,1,1.1096302259717143,1,0,0,1,1,0,1,0,0,0,1,0,0,0,0,1,0,1,0,0,1,0,1,0,1,0,0,1,1,0,1,0,0,1,1,0,0,1,1,0,0,0,1,0,1,0,2.2262672021237138,0.1780379213808627
0.729328238109175,0.0,0.5138205517988873,0.14806693795787343,0.0,0.0,0.10137532978611936,0,-0.949377022352435,1,0,1,0,1,0,1,0,0,0,0,1,0,0,0,1,0,1,0,0,1,0,1,0,1,0,1,0,1,0,0,1,0,1,0,1,1,0,1,0,0,0,1,1,0,0,1.1337198824751784,0.8042652936002895
-0.7368894945528293,0.0,0.9302119382855609,0.28848538496648446,0.0,0.0,-1.2201823075708103,1,-0.1438605632683229,1,0,1,0,1,0,1,0,1,0,0,0,0,0,0,1,0,1,0,0,1,0,1,0,1,0,0,1,1,0,0,1,1,0,1,0,1,0,1,0,0,0,1,0,1,0,-0.2397876459454169,1.0863826822104243
0.08419243573789313,0.0,-0.24048347076186272,0.36963080871589915,0.0,0.0,-0.7796630951185004,1,-0.5114507145551475,1,0,1,0,0,1,1,0,1,0,0,0,0,0,1,0,0,1,0,0,1,0,1,0,1,0,1,0,0,1,0,1,0,1,0,1,0,1,1,0,0,0,1,1,0,0,-1.5509851175767886,1.4324399245837764
0.08419243573789313,0.0,-0.07250002979605516,0.6007621217270765,0.0,0.0,0.10137532978611936,0,1.5408578521965768,1,0,1,0,0,1,1,0,1,0,0,0,0,0,0,1,0,1,0,0,1,0,1,0,0,1,0,1,1,0,1,0,0,1,0,1,1,0,0,1,0,0,1,1,0,0,2.4169087598934085,0.08556087070803428
1.3158153311739766,0.0,-0.34101410145568584,0.5716956836265287,0.0,0.0,-1.2201823075708103,1,-0.7743739662728306,1,0,0,1,1,0,1,0,0,0,0,1,0,0,0,1,0,1,0,0,1,0,1,0,0,1,0,1,0,1,0,1,0,1,0,1,1,0,1,0,0,0,1,1,0,0,1.6850512860262716,1.0872777785416397
0.729328238109175,0.0,1.2292094915104153,1.1346027292456944,0.0,0.0,1.863452179595359,0,-1.6091971572363024,1,0,1,0,0,1,0,1,1,0,0,0,0,0,0,1,0,1,0,0,1,0,1,0,0,1,0,1,1,0,1,0,1,0,1,0,0,1,0,1,0,1,0,1,0,0,1.0113878366822262,0.48558263424227605
-1.6166201341500317,0.0,-0.920848835909091,1.0597702031126737,0.0,0.0,0.10137532978611936,0,-0.5642028319379947,0,1,1,0,0,1,1,0,1,0,0,0,0,0,1,0,0,1,0,1,0,0,1,0,0,1,1,0,1,0,1,0,0,1,0,1,0,1,1,0,0,0,1,0,1,0,-0.12922690087588212,-0.0986352471380067
0.14284114504437329,0.0,1.0936552862522924,-0.5576319593127251,0.0,0.0,-1.2201823075708103,1,1.247790533402981,1,0,1,0,1,0,1,0,1,0,0,0,0,0,1,0,0,1,0,0,1,0,1,0,1,0,1,0,1,0,1,0,1,0,1,0,0,1,1,0,0,0,1,0,0,1,-0.7484238261641699,0.5298206116585067
-0.3849972387139482,0.0,0.8030893343114363,-0.24535522255213305,0.0,0.0,-1.2201823075708103,1,1.101256874006183,1,0,1,0,1,0,1,0,1,0,0,0,0,0,0,1,0,1,0,0,1,0,1,0,1,0,1,0,1,0,0,1,0,1,0,1,0,1,1,0,0,0,1,1,0,0,1.2026682433823814,0.8058848948271545
-1.5579714248435517,0.0,1.3284429527759305,0.7071612569928716,0.0,0.0,-1.2201823075708103,1,0.251361649504755,0,1,1,0,0,1,0,1,0,0,0,0,1,0,1,0,0,1,0,1,0,0,0,1,0,1,0,1,1,0,1,0,1,0,1,0,1,0,1,0,0,1,0,0,1,0,0.5406017455710781,-0.12208705516857736
-0.7955382038593094,0.0,0.4535021733825932,-1.0914725668313427,0.0,0.0,0.10137532978611936,0,0.0361665039906003,1,0,1,0,0,1,1,0,1,0,0,0,0,0,1,0,0,1,0,1,0,0,1,0,1,0,1,0,1,0,1,0,1,0,1,0,0,1,0,1,0,1,0,1,0,0,-0.5625025057047143,-0.40823167487283496
1.9023024242387783,0.0,-0.023207591520374073,0.7071612569928716,0.0,0.0,-1.2201823075708103,1,0.38700995134636224,1,0,0,1,0,1,1,0,0,0,1,0,0,0,0,1,0,1,0,0,1,0,0,1,1,0,0,1,1,0,0,1,1,0,1,0,0,1,1,0,0,0,1,1,0,0,2.1519429706159228,0.22023489397682294
0.5533821101897345,0.0,-0.9746813671838479,0.6819075454764912,0.0,0.0,1.863452179595359,0,0.6239758119708984,1,0,1,0,0,1,0,1,1,0,0,0,0,0,0,1,0,1,0,1,0,0,0,1,0,1,0,1,0,1,1,0,0,1,0,1,0,1,0,1,0,0,1,1,0,0,2.201934202172745,-0.5990697991090723
0.08419243573789313,0.0,-0.4032782340144406,-1.0914725668313427,0.0,0.0,-1.2201823075708103,1,1.3708788072962912,1,0,1,0,1,0,1,0,0,0,0,0,1,0,0,1,0,1,0,0,1,0,1,0,1,0,0,1,0,1,0,1,0,1,0,1,0,1,1,0,0,0,1,0,1,0,1.0910711931254988,1.1154130373425277
0.20148985435085345,0.0,-0.3455541944547615,0.40720749028027037,0.0,0.0,-0.7796630951185004,1,1.0359447286750387,1,0,1,0,0,1,1,0,0,1,0,0,0,0,0,1,0,1,0,0,1,0,0,1,0,1,0,1,0,1,0,1,0,1,0,1,1,0,0,1,0,1,0,0,1,0,3.0721919411798417,0.4747006880814912
0.37743598227029396,0.0,-1.0337025761718344,0.28848538496648446,0.0,0.0,0.9824137546907391,0,1.1556836617821367,1,0,1,0,1,0,1,0,0,0,0,0,1,0,1,0,0,1,0,1,0,0,1,0,1,0,1,0,1,0,1,0,1,0,1,0,0,1,1,0,0,1,0,1,0,0,-1.0359136783205256,-0.39438752112320946
-0.9714843317787499,0.0,1.5560961874438786,-1.9375899111105526,0.0,0.0,0.9824137546907391,0,-0.49805335141029733,1,0,1,0,1,0,1,0,0,0,0,0,1,0,1,0,1,0,0,0,0,1,1,0,1,0,1,0,1,0,1,0,1,0,1,0,1,0,0,1,0,1,0,0,1,0,-1.238443755748785,-1.035592726323773
0.08419243573789313,0.0,-0.16330188977757268,-0.5576319593127251,0.0,0.0,-1.2201823075708103,1,1.010824672778445,1,0,1,0,1,0,1,0,0,0,0,0,0,1,1,0,0,1,0,0,1,0,1,0,1,0,1,0,1,0,1,0,0,1,0,1,0,1,1,0,0,0,1,1,0,0,-2.318004466397807,1.0547963707647268
-1.6166201341500317,0.0,0.44831349566936374,1.2157481529951086,0.0,0.0,-1.2201823075708103,1,-0.7266458600693021,0,1,1,0,1,0,1,0,1,0,0,0,0,0,1,0,0,1,0,0,1,0,1,0,1,0,1,0,1,0,0,1,1,0,0,1,1,0,1,0,0,1,0,1,0,0,-2.215375282562135,1.0161165528667624
-0.7368894945528293,0.0,1.1046812263929053,1.1346027292456944,0.0,0.0,0.10137532978611936,0,1.8012690983246007,1,0,1,0,0,1,0,1,0,1,0,0,0,0,1,0,0,1,0,1,0,0,0,1,1,0,1,0,0,1,0,1,0,1,0,1,0,1,0,0,1,1,0,0,1,0,2.6202014977854664,-0.7129810262270111
-1.03013304108523,0.0,0.2835729782743247,1.120206624171783,0.0,0.0,-1.2201823075708103,1,-1.862909721791901,1,0,1,0,1,0,1,0,1,0,0,0,0,0,0,1,0,1,0,0,1,0,1,0,1,0,1,0,1,0,1,0,1,0,1,0,0,1,1,0,0,0,1,1,0,0,-1.7512793487243654,0.8909562237184377
-0.678240785246349,0.0,-0.226863191764635,-0.24535522255213305,0.0,0.0,0.10137532978611936,0,-0.1899139990787451,1,0,1,0,0,1,1,0,0,0,0,0,0,1,1,0,0,1,1,0,0,0,1,0,0,1,0,1,1,0,1,0,1,0,1,0,0,1,1,0,0,0,1,0,1,0,-0.9536542044944433,0.0422167856027892
-1.4993227155370714,0.0,1.458808480320824,0.6287713610382961,0.0,0.0,0.9824137546907391,0,-0.3607303791755838,0,1,1,0,1,0,1,0,1,0,0,0,0,0,1,0,0,1,0,0,1,0,1,0,1,0,1,0,1,0,1,0,0,1,0,1,0,1,1,0,0,0,1,1,0,0,0.23939386825499784,0.6714391823662975
0.9639230753350957,0.0,1.2168863819414948,0.5100492557245105,0.0,0.0,0.9824137546907391,0,-0.821264737279806,1,0,1,0,1,0,1,0,1,0,0,0,0,0,1,0,0,1,0,0,1,0,1,0,0,1,1,0,1,0,1,0,1,0,1,0,0,1,0,1,0,1,0,1,0,0,1.9097292587529975,-0.26767649320188974
1.0225717846415758,0.0,0.9808015459895489,-0.09080483414810245,0.0,0.0,0.10137532978611936,0,-0.6898031114209644,1,0,0,1,1,0,1,0,1,0,0,0,0,0,0,1,0,1,0,0,1,0,1,0,1,0,1,0,1,0,0,1,0,1,0,1,0,1,1,0,0,0,1,1,0,0,0.5228169958053694,1.093234617884968
-0.32634852940746806,0.0,-0.030342023376064706,0.36963080871589915,0.0,0.0,-0.7796630951185004,1,-1.5648183918189864,1,0,1,0,0,1,1,0,1,0,0,0,0,0,1,0,0,1,0,0,1,0,1,0,1,0,1,0,1,0,1,0,1,0,1,0,0,1,1,0,0,0,1,1,0,0,-0.4439868460948762,0.4446049364410015
-0.15040240148802755,0.0,0.025436262041153214,-1.9375899111105526,0.0,0.0,1.863452179595359,0,-1.5355116599396268,1,0,1,0,0,1,1,0,1,0,0,0,0,0,1,0,1,0,0,0,0,1,1,0,1,0,1,0,1,0,1,0,1,0,1,0,1,0,0,1,0,1,0,0,1,0,-0.30569937669950686,-1.443887165948131
0.6120308194962146,0.0,1.4432424471811351,0.037855076107910814,0.0,0.0,-0.7796630951185004,1,1.343246745810038,1,0,1,0,1,0,1,0,0,0,0,0,0,1,1,0,0,1,1,0,0,0,1,0,1,0,1,0,1,0,1,0,1,0,1,0,0,1,1,0,0,0,1,0,1,0,-2.747558350142317,0.07918011593076053
1.785005005625818,0.0,-1.4591741486566596,-0.24535522255213305,0.0,0.0,0.10137532978611936,1,0.9270911531231318,1,0,0,1,1,0,1,0,1,0,0,0,0,0,1,0,0,1,0,1,0,0,1,0,1,0,0,1,1,0,1,0,0,1,1,0,1,0,1,0,0,0,1,1,0,0,-3.6625205093909785,-0.17639292251162778
-1.675268843456512,0.0,-1.4591741486566596,1.2654537340011538,0.0,0.0,1.863452179595359,0,1.2209958071132807,0,1,1,0,0,1,1,0,1,0,0,0,0,0,1,0,0,1,0,1,0,0,1,0,0,1,0,1,0,1,0,1,0,1,0,1,0,1,0,0,1,1,0,0,1,0,0.49009470600880006,-1.1011093287501492
-0.8541869131657895,0.0,-1.2931364618333132,0.5716956836265287,0.0,0.0,0.10137532978611936,0,1.6924155227726936,1,0,1,0,1,0,1,0,0,1,0,0,0,0,0,1,0,1,0,0,1,0,0,1,0,1,0,1,0,1,0,1,0,1,0,1,0,1,0,0,1,1,0,1,0,0,2.7365758923820107,0.32442647842340994
-0.678240785246349,0.0,1.4614028191774389,-0.09080483414810245,0.0,0.0,-1.2201823075708103,1,-1.8654217273815603,1,0,1,0,0,1,1,0,0,0,1,0,0,0,0,1,0,1,0,0,1,0,1,0,1,0,0,1,0,1,0,1,0,1,0,1,0,1,0,1,0,0,1,1,0,0,2.115715847066124,0.6954175572905478
-1.2647278783111506,0.0,-1.4591741486566596,1.2028038281759472,0.0,0.0,0.9824137546907391,0,-0.821264737279806,0,1,1,0,0,1,1,0,1,0,0,0,0,0,1,0,0,1,1,0,0,0,0,1,0,1,0,1,1,0,1,0,1,0,1,0,0,1,0,0,1,1,0,0,1,0,-2.424420631137499,-0.49610167211030504
-0.678240785246349,0.0,-0.47981123028457695,-0.1642097988027183,0.0,0.0,0.9824137546907391,0,0.915368460371388,1,0,1,0,1,0,1,0,1,0,0,0,0,0,1,0,0,1,0,0,1,0,1,0,0,1,1,0,0,1,0,1,0,1,0,1,0,1,0,0,1,0,1,0,1,0,2.146512133077317,0.4234230433049744
-0.8541869131657895,0.0,-1.2788675981219317,-1.9375899111105526,0.0,0.0,0.9824137546907391,0,-1.2884977769564532,1,0,1,0,1,0,1,0,1,0,0,0,0,0,1,0,1,0,0,0,0,1,1,0,1,0,1,0,1,0,1,0,1,0,1,0,1,0,0,1,0,0,1,0,1,0,-3.1921356819455418,-0.807413141004695
1.081220493948056,0.0,0.3147050445537022,0.6287713610382961,0.0,0.0,-1.2201823075708103,1,-0.8547581451419312,1,0,0,1,1,0,1,0,1,0,0,0,0,0,1,0,0,1,0,0,1,0,1,0,1,0,0,1,1,0,0,1,1,0,1,0,1,0,1,0,0,0,1,0,1,0,-0.7399822525736873,1.0206835338432534
-1.1474304596981904,0.0,-0.8884196002014061,1.0597702031126737,0.0,0.0,-1.2201823075708103,1,0.9522112090197257,0,1,1,0,0,1,1,0,0,0,1,0,0,0,1,0,0,1,0,1,0,0,0,1,0,1,1,0,0,1,1,0,1,0,1,0,1,0,0,0,1,1,0,1,0,0,1.3796123219423673,-0.9352802345607042
-0.32634852940746806,0.0,-0.942252131476163,-0.09080483414810245,0.0,0.0,-1.2201823075708103,1,-1.0741399666388516,1,0,1,0,1,0,1,0,1,0,0,0,0,0,1,0,0,1,1,0,0,0,0,1,1,0,1,0,0,1,1,0,1,0,1,0,0,1,1,0,0,1,0,0,1,0,-0.737906235987349,-0.017094175520464997
1.6090588777063775,0.0,-0.4117098352984388,0.6007621217270765,0.0,0.0,0.10137532978611936,0,1.8138291262728976,1,0,0,1,0,1,0,1,1,0,0,0,0,0,0,1,0,1,0,0,1,0,1,0,1,0,0,1,1,0,1,0,0,1,1,0,0,1,1,0,0,0,1,0,1,0,2.279612871707547,-0.1008182781560628
1.6090588777063775,0.0,-0.3734433371633707,0.19777251896391848,0.0,0.0,0.10137532978611936,0,1.7945704167521757,1,0,0,1,1,0,1,0,1,0,0,0,0,0,1,0,0,1,0,0,1,0,1,0,0,1,1,0,1,0,1,0,1,0,1,0,0,1,1,0,0,0,1,0,1,0,1.8145315526136128,-0.4160388487604987
1.9023024242387783,0.0,0.2673583604204823,-0.023791351794107286,0.0,0.0,-0.7796630951185004,1,1.318126689913444,1,0,0,1,1,0,1,0,0,0,0,0,0,1,1,0,0,1,0,1,0,0,1,0,1,0,1,0,1,0,1,0,1,0,1,0,0,1,1,0,0,1,0,0,1,0,-2.371817549671325,-0.012136370045897961
0.4947334008832543,0.0,1.1656481895233528,0.7071612569928716,0.0,0.0,-1.2201823075708103,1,0.7378533987021242,1,0,1,0,0,1,1,0,0,0,1,0,0,0,1,0,0,1,0,1,0,0,0,1,1,0,1,0,0,1,0,1,0,1,0,1,0,1,0,0,1,0,1,1,0,0,2.4403275669512516,-0.6242183573326205
1.3158153311739766,0.0,1.6507895557103185,0.44303577337051536,0.0,0.0,-0.7796630951185004,1,-0.23094342370984852,1,0,0,1,0,1,1,0,0,0,0,1,0,0,1,0,0,1,0,0,1,0,1,0,1,0,0,1,0,1,0,1,0,1,1,0,0,1,1,0,0,0,1,1,0,0,1.6237460279871139,0.803788989743865
-0.03310498287506721,0.0,0.10261784302544304,0.36963080871589915,0.0,0.0,0.10137532978611936,0,-0.26946084275129256,1,0,1,0,0,1,0,1,1,0,0,0,0,0,1,0,0,1,0,0,1,0,0,1,0,1,0,1,0,1,0,1,0,1,0,1,0,1,0,0,1,1,0,1,0,0,3.156672723017702,0.3282338543555881
-0.9714843317787499,0.0,1.1131128276769031,-0.24535522255213305,0.0,0.0,-1.2201823075708103,1,1.3985108687825445,1,0,1,0,1,0,1,0,0,0,0,0,0,1,1,0,0,1,0,0,1,0,1,0,0,1,1,0,1,0,1,0,1,0,1,0,0,1,1,0,0,0,1,0,1,0,-2.231209009865749,0.9130612841720578
0.5533821101897345,0.0,1.5282070447352696,-1.9375899111105526,0.0,0.0,0.10137532978611936,0,-1.2014149165149275,1,0,1,0,0,1,0,1,1,0,0,0,0,0,1,0,1,0,0,0,0,1,1,0,1,0,1,0,1,0,1,0,1,0,1,0,1,0,1,0,0,1,0,0,1,0,-1.1036367333692532,-1.051242535065702
0.3187872729638138,0.0,-1.4591741486566596,0.4772711516590301,0.0,0.0,-1.2201823075708103,1,-1.280961760187475,1,0,1,0,1,0,1,0,1,0,0,0,0,0,1,0,0,1,1,0,0,0,1,0,1,0,1,0,1,0,1,0,1,0,1,0,0,1,1,0,0,0,1,0,1,0,-1.5433712706809322,-1.4261528890676833
0.08419243573789313,0.0,0.13115557044820578,-0.1642097988027183,0.0,0.0,0.10137532978611936,1,-1.7498694702572284,1,0,1,0,1,0,1,0,1,0,0,0,0,0,1,0,0,1,0,0,1,0,1,0,1,0,1,0,1,0,1,0,1,0,1,0,0,1,1,0,0,1,0,1,0,0,-0.43117932410468274,0.4873867672189231
0.7879769474156552,0.0,-1.1485020705770388,-1.9375899111105526,0.0,0.0,0.9824137546907391,0,-0.7726992958797243,1,0,1,0,1,0,1,0,0,0,0,0,1,0,0,1,1,0,0,0,0,1,1,0,1,0,1,0,1,0,1,0,1,0,1,0,1,0,0,0,1,1,0,0,1,0,-0.9565830755812739,-1.1523254462852075
0.5533821101897345,0.0,-1.0434313468841399,0.14806693795787343,0.0,0.0,0.9824137546907391,0,0.6867759517123831,1,0,1,0,0,1,0,1,1,0,0,0,0,0,0,1,0,1,0,0,1,0,0,1,0,1,0,1,0,1,0,1,1,0,1,0,0,1,0,0,1,1,0,0,1,0,2.786462426264789,0.12988355751994843
-0.03310498287506721,0.0,-0.6899526776703748,0.0949307535196783,0.0,0.0,-1.2201823075708103,1,-0.5432694520241664,1,0,1,0,1,0,0,1,1,0,0,0,0,0,1,0,0,1,1,0,0,0,0,1,1,0,1,0,1,0,1,0,1,0,1,0,0,1,1,0,0,1,0,0,1,0,-3.008435452620458,0.21474591568331722
0.7879769474156552,0.0,-0.4201414365824368,0.33012629336122234,0.0,0.0,0.10137532978611936,0,-0.020772289375012614,1,0,1,0,0,1,0,1,0,0,1,0,0,0,0,1,0,1,0,0,1,0,1,0,1,0,1,0,0,1,0,1,0,1,0,1,0,1,0,1,0,0,1,1,0,0,2.097051932043344,0.37693145391508753
1.6677075870128577,0.0,1.7578060335456784,-0.09080483414810245,0.0,0.0,-1.2201823075708103,1,-1.351297916697938,1,0,0,1,0,1,1,0,1,0,0,0,0,0,0,1,0,1,0,0,1,0,1,0,1,0,1,0,1,0,1,0,0,1,0,1,0,1,1,0,0,1,0,1,0,0,1.4662838586564257,0.3766317761106251
-1.2060791690046706,0.0,-1.4591741486566596,1.0597702031126737,0.0,0.0,0.10137532978611936,1,-0.09948179785100694,0,1,1,0,1,0,1,0,0,0,0,0,0,1,1,0,0,1,0,1,0,0,1,0,1,0,0,1,1,0,1,0,1,0,0,1,0,1,1,0,0,0,1,1,0,0,-3.139306528345264,-0.6213239808864597
0.025543726431412957,0.0,-0.20870281976833144,-1.9375899111105526,0.0,0.0,1.863452179595359,0,0.723618700360721,1,0,1,0,0,1,0,1,1,0,0,0,0,0,1,0,1,0,0,0,0,1,1,0,1,0,1,0,1,0,1,0,1,0,1,0,1,0,0,0,1,1,0,1,0,0,-1.489725563066831,-1.0342659790847908
0.729328238109175,0.0,-0.040070794088370304,-0.6980504063213363,0.0,0.0,-0.7796630951185004,1,1.235230505454684,1,0,1,0,1,0,1,0,1,0,0,0,0,0,0,1,0,1,0,0,1,0,1,0,0,1,0,1,1,0,1,0,1,0,1,0,0,1,1,0,0,0,1,1,0,0,0.11915562796670176,0.7831765300085614
0.20148985435085345,0.0,-0.9883016461810755,0.6819075454764912,0.0,0.0,-1.2201823075708103,1,1.3030546563754877,1,0,1,0,1,0,1,0,1,0,0,0,0,0,1,0,0,1,0,0,1,0,1,0,1,0,0,1,1,0,1,0,1,0,1,0,0,1,1,0,0,0,1,1,0,0,-1.3775852405386757,0.7366654544299617
-0.09175369218154737,0.0,-0.38576644673229077,0.36963080871589915,0.0,0.0,-1.2201823075708103,1,0.37947393457738404,1,0,1,0,0,1,1,0,0,0,0,0,0,1,1,0,0,1,0,0,1,0,1,0,1,0,1,0,1,0,1,0,1,0,1,0,0,1,1,0,0,0,1,0,1,0,-2.5511753631923324,0.7552136522353089
-1.6166201341500317,0.0,0.6993157800468446,1.2654537340011538,0.0,0.0,0.9824137546907391,0,0.2697830238289239,0,1,1,0,1,0,0,1,0,0,0,0,0,1,1,0,0,1,1,0,0,0,0,1,1,0,0,1,1,0,1,0,1,0,0,1,0,1,1,0,0,1,0,0,1,0,-1.7233790180374096,0.2553450657322212
-1.0887817503917103,0.0,1.3063910724947052,1.2654537340011538,0.0,0.0,0.10137532978611936,0,1.16991836012354,0,1,1,0,0,1,0,1,0,0,0,0,1,0,1,0,0,1,0,1,0,0,0,1,0,1,1,0,0,1,1,0,1,0,1,0,0,1,1,0,0,1,0,1,0,0,-0.093470916349324,0.02801027266866875
-0.8541869131657895,0.0,0.7790916998877492,0.4772711516590301,0.0,0.0,1.863452179595359,0,1.2695612485133625,1,0,1,0,0,1,1,0,0,0,0,0,1,0,1,0,0,1,1,0,0,0,1,0,1,0,1,0,1,0,1,0,1,0,1,0,0,1,1,0,0,1,0,0,1,0,-0.08980214166963124,-0.517745365364107
1.8436537149322982,0.0,-0.8410729160681862,0.28848538496648446,0.0,0.0,-0.7796630951185004,1,0.4565087726602721,1,0,0,1,1,0,1,0,1,0,0,0,0,0,0,1,0,1,0,0,1,0,1,0,1,0,1,0,1,0,0,1,1,0,1,0,0,1,1,0,0,0,1,1,0,0,1.4752770894687217,0.1251025966209834
1.374464040480457,0.0,1.2194807207981095,-1.0914725668313427,0.0,0.0,-0.7796630951185004,1,-1.3487859111082785,1,0,0,1,0,1,1,0,1,0,0,0,0,0,0,1,0,1,0,0,1,0,1,0,0,1,0,1,1,0,0,1,0,1,1,0,0,1,1,0,0,0,1,1,0,0,-0.7106593493613345,1.7214698054705915
0.729328238109175,0.0,-0.45321925700427534,0.5100492557245105,0.0,0.0,-1.2201823075708103,1,-0.6864537706347519,1,0,1,0,1,0,1,0,1,0,0,0,0,0,0,1,0,1,0,0,1,0,1,0,1,0,1,0,1,0,0,1,0,1,0,1,0,1,1,0,0,0,1,1,0,0,-0.4201727107405636,1.2187327946417992
0.9639230753350957,0.0,0.3179479681244705,-1.9375899111105526,0.0,0.0,0.10137532978611936,0,-1.032273206811195,1,0,1,0,0,1,1,0,1,0,0,0,0,0,1,0,1,0,0,0,0,1,1,0,1,0,1,0,1,0,1,0,1,0,1,0,1,0,0,1,0,0,1,1,0,0,0.3404003342213155,-1.7517752294671454
-1.0887817503917103,0.0,-1.4591741486566596,0.6287713610382961,0.0,0.0,0.9824137546907391,0,0.22121758242884226,0,1,1,0,0,1,1,0,0,0,0,0,1,0,1,0,0,1,0,1,0,0,1,0,1,0,0,1,0,1,0,1,0,1,0,1,0,1,0,1,0,1,0,1,0,0,-1.2893566225845348,-0.3195910248415932
0.20148985435085345,0.0,-0.8054007567897329,0.33012629336122234,0.0,0.0,-0.7796630951185004,1,-1.4140980564394228,1,0,1,0,1,0,1,0,1,0,0,0,0,0,1,0,0,1,0,0,1,0,1,0,1,0,1,0,1,0,1,0,1,0,1,0,0,1,1,0,0,0,1,1,0,0,-2.655093894437397,0.7516970366467185
-0.20905111079450772,0.0,-0.30469335746307863,-0.5576319593127251,0.0,0.0,-0.7796630951185004,1,0.7202693595745084,1,0,1,0,1,0,1,0,0,0,0,0,1,0,0,1,0,1,0,0,1,0,1,0,1,0,0,1,1,0,1,0,0,1,0,1,1,0,1,0,0,0,1,1,0,0,0.4208131491033199,0.8152457453081655
0.9639230753350957,0.0,-0.49213433985349714,0.44303577337051536,0.0,0.0,-1.2201823075708103,1,-1.0297612012215356,1,0,1,0,1,0,1,0,1,0,0,0,0,0,1,0,0,1,0,0,1,0,1,0,1,0,1,0,1,0,1,0,0,1,0,1,0,1,1,0,0,0,1,0,1,0,-2.3541816385914998,1.0983045137564917
-0.4436459480204284,0.0,-1.4591741486566596,0.0949307535196783,0.0,0.0,0.10137532978611936,0,-0.27029817794784566,1,0,1,0,1,0,1,0,0,0,0,1,0,0,1,0,0,1,0,1,0,0,0,1,1,0,1,0,0,1,0,1,1,0,1,0,0,1,0,1,0,1,0,1,0,0,-0.5345826584941602,-1.105231723210533
1.1985179125610164,0.0,-1.3307543752542277,0.36963080871589915,0.0,0.0,-1.2201823075708103,1,1.3658547961169725,1,0,0,1,0,1,1,0,1,0,0,0,0,0,0,1,0,1,0,0,1,0,0,1,0,1,1,0,1,0,1,0,0,1,1,0,0,1,0,1,0,0,1,0,1,0,2.282635720858429,-0.09844654820881207
0.6706795288026948,0.0,-0.11465803621604538,-1.9375899111105526,0.0,0.0,0.10137532978611936,0,-1.8545363698263697,1,0,1,0,0,1,0,1,0,0,1,0,0,0,0,1,1,0,0,0,0,1,1,0,1,0,1,0,1,0,1,0,1,0,1,0,1,0,0,0,1,1,0,1,0,0,0.5886496959740669,-1.6734833235729396
1.081220493948056,0.0,0.9652355128498605,-0.33606808855469933,0.0,0.0,0.10137532978611936,1,1.133075611475202,1,0,0,1,1,0,1,0,1,0,0,0,0,0,0,1,0,1,0,0,1,0,1,0,1,0,0,1,1,0,0,1,0,1,0,1,1,0,0,1,0,0,1,1,0,0,2.5347479877076666,0.32429208411828053
-0.03310498287506721,0.0,-1.2600586414114745,0.5100492557245105,0.0,0.0,0.10137532978611936,1,0.6105784488260483,1,0,1,0,0,1,1,0,1,0,0,0,0,0,0,1,0,1,0,0,1,0,1,0,0,1,0,1,1,0,0,1,0,1,0,1,0,1,0,0,1,0,1,1,0,0,2.5951912975431255,0.034176547516362364
0.9639230753350957,0.0,-1.4591741486566596,-0.33606808855469933,0.0,0.0,-1.2201823075708103,1,-1.2390950003598185,1,0,1,0,1,0,1,0,0,0,0,0,0,1,1,0,0,1,0,1,0,0,1,0,1,0,1,0,1,0,1,0,1,0,1,0,0,1,1,0,0,0,1,1,0,0,-4.2762805295692905,-0.5673162632909182
1.6677075870128577,0.0,-1.3638321956760662,-0.5576319593127251,0.0,0.0,-1.2201823075708103,1,-0.3891997758583903,1,0,0,1,0,1,1,0,0,0,0,0,1,0,1,0,0,1,0,0,1,0,1,0,0,1,1,0,0,1,1,0,0,1,1,0,0,1,1,0,0,0,1,1,0,0,-0.3006887815785511,0.8594136384911754
1.1985179125610164,0.0,-1.0116506958906086,0.40720749028027037,0.0,0.0,0.9824137546907391,0,-1.414935391635976,1,0,0,1,1,0,1,0,0,0,1,0,0,0,0,1,0,1,0,0,1,0,1,0,1,0,0,1,1,0,0,1,0,1,1,0,0,1,0,1,0,0,1,1,0,0,1.7935892307059031,0.5125985554316194
1.3158153311739766,0.0,-1.351509086107146,-1.9375899111105526,0.0,0.0,0.9824137546907391,0,-1.6946053472847218,1,0,0,1,0,1,1,0,1,0,0,0,0,0,1,0,1,0,0,0,0,1,1,0,1,0,1,0,1,0,1,0,1,0,1,0,1,0,0,1,0,0,1,0,1,0,-2.275171947464754,-0.9618946186107776
0.43608469157677415,0.0,-0.9811672143253848,-0.43890985399893934,0.0,0.0,1.863452179595359,0,0.781394828922887,1,0,1,0,1,0,1,0,1,0,0,0,0,0,0,1,0,1,0,0,1,0,1,0,1,0,1,0,1,0,0,1,0,1,0,1,0,1,1,0,0,0,1,1,0,0,-0.5093765136932291,1.2031657011307297
-0.6195920759398689,0.0,-0.892959693200482,0.65579761464225,0.0,0.0,0.10137532978611936,0,-1.082513318604383,1,0,1,0,1,0,1,0,0,0,0,0,0,1,0,1,0,1,0,1,0,0,0,1,0,1,0,1,1,0,1,0,1,0,1,0,0,1,1,0,0,0,1,1,0,0,-0.8659325086266316,0.33696706997041936
1.433112749786937,0.0,-0.8806365836315618,0.28848538496648446,0.0,0.0,0.10137532978611936,1,0.538567621922479,1,0,0,1,0,1,1,0,1,0,0,0,0,0,0,1,0,1,0,0,1,0,1,0,1,0,1,0,1,0,1,0,1,0,1,0,0,1,1,0,0,0,1,0,1,0,-0.8816033557371792,0.6376959949245334
1.4917614590934172,0.0,1.5463674167315733,0.4772711516590301,0.0,0.0,-0.7796630951185004,1,-0.035844322912968976,1,0,0,1,1,0,1,0,0,0,0,1,0,0,0,1,0,1,0,0,1,0,1,0,0,1,0,1,1,0,0,1,0,1,1,0,0,1,1,0,0,1,0,0,1,0,1.4665688141156719,1.1409334720651854
-0.8541869131657895,0.0,-0.35593154988122067,-0.023791351794107286,0.0,0.0,0.10137532978611936,0,1.1171662427406925,1,0,1,0,0,1,0,1,1,0,0,0,0,0,1,0,0,1,0,1,0,0,0,1,0,1,1,0,1,0,1,0,1,0,1,0,0,1,0,1,0,1,0,1,0,0,1.5321104037009798,-1.0889321462576376
-0.3849972387139482,0.0,0.6539148500560856,0.19777251896391848,0.0,0.0,0.10137532978611936,1,1.0669261309475047,1,0,1,0,1,0,1,0,0,0,1,0,0,0,0,1,0,1,0,0,1,0,1,0,1,0,0,1,1,0,0,1,0,1,0,1,0,1,0,1,0,0,1,1,0,0,2.7458737150261796,0.18218340835439112
-1.675268843456512,0.0,0.6396459863447044,1.120206624171783,0.0,0.0,0.10137532978611936,0,1.6714821428588653,0,1,1,0,0,1,1,0,1,0,0,0,0,0,0,1,0,1,0,1,0,0,1,0,0,1,0,1,0,1,0,1,0,1,0,1,0,1,0,0,1,0,1,1,0,0,2.799757839613811,-0.46536126471581757
0.20148985435085345,0.0,-1.4591741486566596,0.40720749028027037,0.0,0.0,0.10137532978611936,0,1.0912088516475456,1,0,1,0,1,0,1,0,0,0,1,0,0,0,1,0,0,1,0,1,0,0,0,1,0,1,1,0,1,0,1,0,1,0,1,0,0,1,1,0,0,0,1,0,1,0,-0.4395694462641251,-1.6229231809652074
0.9052743660286154,0.0,-0.33906834731322466,0.33012629336122234,0.0,0.0,-1.2201823075708103,1,1.1498223154062646,1,0,1,0,0,1,0,1,0,0,0,1,0,0,0,1,0,1,0,1,0,0,0,1,1,0,1,0,1,0,1,0,1,0,1,0,0,1,1,0,0,1,0,1,0,0,0.23450563001881208,-0.35111389934349885
-1.2060791690046706,0.0,-0.6088795884011627,1.1055362911451465,0.0,0.0,-1.2201823075708103,1,-0.7668379495038524,0,1,1,0,0,1,1,0,1,0,0,0,0,0,0,1,0,1,0,1,0,0,0,1,1,0,1,0,0,1,0,1,0,1,0,1,0,1,1,0,0,0,1,1,0,0,0.5330939944143909,0.40492397825318527
-1.6166201341500317,0.0,-1.2853534452634687,-1.9375899111105526,0.0,0.0,1.863452179595359,0,-1.64603990588464,0,1,1,0,0,1,0,1,1,0,0,0,0,0,1,0,1,0,0,0,0,1,1,0,1,0,1,0,1,0,1,0,1,0,1,0,1,0,1,0,0,1,0,1,0,0,-0.637217904402807,-1.639290265179791
-0.03310498287506721,0.0,1.5833367454383336,-1.9375899111105526,0.0,0.0,0.9824137546907391,0,-0.5776001950828448,1,0,1,0,0,1,0,1,1,0,0,0,0,0,1,0,1,0,0,0,0,1,1,0,1,0,1,0,1,0,1,0,1,0,1,0,1,0,1,0,0,1,0,0,0,1,-0.6108044666505636,-1.227903612160106
-0.26769982010098786,0.0,-1.2133605419924085,0.14806693795787343,0.0,0.0,0.9824137546907391,0,1.3641801257238662,1,0,1,0,0,1,1,0,1,0,0,0,0,0,1,0,0,1,0,0,1,0,1,0,1,0,1,0,1,0,0,1,0,1,0,1,0,1,1,0,0,1,0,0,1,0,1.879222492481942,-0.03618637589037269
1.0225717846415758,0.0,1.7578060335456784,0.0949307535196783,0.0,0.0,-0.7796630951185004,1,-1.0917240057664672,1,0,0,1,0,1,1,0,0,0,0,0,0,1,1,0,0,1,0,0,1,0,1,0,1,0,1,0,1,0,1,0,1,0,1,0,0,1,1,0,0,1,0,0,1,0,-2.2272587640531185,0.8109406596021043
-0.4436459480204284,0.0,-0.5783961068359389,0.5414890984678798,0.0,0.0,-1.2201823075708103,1,0.5812717169466887,1,0,1,0,1,0,0,1,1,0,0,0,0,0,1,0,0,1,0,1,0,0,1,0,1,0,0,1,1,0,1,0,0,1,0,1,0,1,1,0,0,1,0,1,0,0,-2.793422277048408,0.46470420118475125
1.3158153311739766,0.0,0.4411790638136731,-0.09080483414810245,0.0,0.0,0.9824137546907391,0,-0.08692176990270997,1,0,0,1,1,0,1,0,1,0,0,0,0,0,0,1,0,1,0,0,1,0,0,1,0,1,0,1,0,1,0,1,0,1,1,0,0,1,1,0,0,0,1,1,0,0,2.732437574693029,0.813724307333775
-0.26769982010098786,0.0,0.7505539724649867,-1.9375899111105526,0.0,0.0,1.863452179595359,0,-1.3429245647324066,1,0,1,0,1,0,0,1,0,0,0,0,1,0,1,0,1,0,0,0,0,1,1,0,1,0,1,0,1,0,1,0,1,0,1,0,1,0,1,0,0,1,0,0,1,0,-0.5701919621860427,-1.2898818093778688
0.9052743660286154,0.0,1.0806835919692184,-0.24535522255213305,0.0,0.0,0.10137532978611936,0,-0.5474561280069321,1,0,1,0,1,0,1,0,1,0,0,0,0,0,1,0,0,1,0,1,0,0,0,1,1,0,1,0,1,0,1,0,1,0,1,0,0,1,1,0,0,0,1,1,0,0,-1.1136336758077208,-0.05298111878374026
-0.7368894945528293,0.0,1.1578651729535085,0.24446373527230422,0.0,0.0,0.10137532978611936,0,0.3803112697739372,1,0,1,0,0,1,0,1,0,1,0,0,0,0,0,1,0,1,0,0,1,0,0,1,1,0,1,0,0,1,0,1,0,1,0,1,0,1,0,0,1,1,0,0,1,0,3.037239432372238,0.28045816432194687
0.025543726431412957,0.0,-0.8812851683457155,-0.09080483414810245,0.0,0.0,0.10137532978611936,1,-0.572576183903526,1,0,1,0,0,1,1,0,0,0,0,1,0,0,0,1,0,1,0,0,1,0,1,0,1,0,0,1,0,1,0,1,0,1,0,1,0,1,1,0,0,0,1,1,0,0,1.0542710476892665,1.0910218268615322
-1.5579714248435517,0.0,0.35102578854630917,1.2157481529951086,0.0,0.0,1.863452179595359,0,-1.9416192302678954,0,1,1,0,1,0,1,0,1,0,0,0,0,0,1,0,0,1,0,0,1,0,1,0,0,1,0,1,1,0,1,0,0,1,0,1,0,1,1,0,0,0,1,1,0,0,1.0160945121445166,0.6724880930203774
-0.4436459480204284,0.0,0.462582359380745,0.19777251896391848,0.0,0.0,-1.2201823075708103,1,-0.07352440675785987,1,0,1,0,1,0,1,0,0,0,0,0,0,1,1,0,0,1,0,0,1,0,1,0,1,0,1,0,1,0,1,0,1,0,1,0,0,1,1,0,0,1,0,1,0,0,-2.383017037349913,0.7977163701957022
-0.32634852940746806,0.0,1.0722519906852206,0.7071612569928716,0.0,0.0,-1.2201823075708103,1,0.6105784488260483,1,0,1,0,1,0,1,0,0,0,0,0,0,1,1,0,0,1,0,0,1,0,1,0,1,0,1,0,1,0,0,1,1,0,1,0,1,0,1,0,0,0,1,1,0,0,-1.582450347198081,1.0209554823359348
-1.4993227155370714,0.0,0.5261436613678073,1.2157481529951086,0.0,0.0,-0.7796630951185004,1,-0.4570239267791939,0,1,1,0,1,0,1,0,0,0,0,0,0,1,0,1,0,1,0,0,1,0,1,0,1,0,1,0,1,0,1,0,0,1,0,1,0,1,1,0,0,0,1,1,0,0,-0.34856529529213487,1.0137880524268374
1.785005005625818,0.0,-1.0745634131635173,0.36963080871589915,0.0,0.0,0.9824137546907391,0,1.700788874738225,1,0,0,1,0,1,0,1,0,0,1,0,0,0,1,0,0,1,0,1,0,0,0,1,1,0,1,0,0,1,0,1,0,1,1,0,1,0,0,0,1,0,1,0,1,0,1.6702656006668548,-0.5316487520458064
-0.20905111079450772,0.0,-0.4175470977258221,-0.869908696073317,0.0,0.0,-0.7796630951185004,1,-1.1896922237631837,1,0,1,0,1,0,1,0,1,0,0,0,0,0,1,0,0,1,0,0,1,0,1,0,1,0,1,0,1,0,0,1,0,1,0,1,0,1,1,0,0,0,1,1,0,0,-2.1907996721672243,1.3421210438896929
0.7879769474156552,0.0,-1.356049179106222,0.14806693795787343,0.0,0.0,-1.2201823075708103,1,-1.6745093025674465,1,0,1,0,1,0,1,0,1,0,0,0,0,0,1,0,0,1,1,0,0,0,1,0,1,0,1,0,1,0,0,1,1,0,1,0,0,1,1,0,0,0,1,0,1,0,-3.2779700280805266,0.26975620120783855
-1.03013304108523,0.0,0.5689502525019514,1.2654537340011538,0.0,0.0,-1.2201823075708103,1,0.793954856871184,1,0,1,0,1,0,1,0,0,0,0,1,0,0,0,1,0,1,0,0,1,0,1,0,1,0,0,1,1,0,0,1,0,1,0,1,0,1,1,0,0,0,1,1,0,0,1.8448361896478942,0.6571980179463714
1.2571666218674964,0.0,0.17720508515311834,0.5100492557245105,0.0,0.0,0.10137532978611936,0,1.0635767901612923,1,0,0,1,1,0,1,0,0,0,1,0,0,0,0,1,0,1,0,1,0,0,0,1,0,1,1,0,1,0,0,1,1,0,1,0,1,0,1,0,0,0,1,1,0,0,1.729164983304304,-0.4487509185429614
0.20148985435085345,0.0,-1.2172520502773305,0.0949307535196783,0.0,0.0,-1.2201823075708103,1,0.5645250130156261,1,0,1,0,0,1,1,0,1,0,0,0,0,0,0,1,0,1,0,0,1,0,1,0,1,0,0,1,0,1,0,1,0,1,0,1,0,1,1,0,0,0,1,1,0,0,1.1818042275860772,0.915194514996752
-1.4406740062305912,0.0,1.5703650511552598,0.9410480977988882,0.0,0.0,0.9824137546907391,0,-1.3780926429876381,0,1,1,0,0,1,1,0,1,0,0,0,0,0,1,0,0,1,1,0,0,0,0,1,0,1,0,1,0,1,1,0,1,0,1,0,0,1,0,0,1,1,0,0,1,0,1.680559429987188,-0.5029833346856217
0.9639230753350957,0.0,-1.267841657981319,0.44303577337051536,0.0,0.0,0.9824137546907391,0,0.11822535325280714,1,0,1,0,1,0,1,0,1,0,0,0,0,0,1,0,0,1,0,1,0,0,1,0,0,1,1,0,1,0,1,0,1,0,1,0,0,1,1,0,0,1,0,1,0,0,-1.1641933106487534,-0.16789177764207455
-1.3233765876176309,0.0,0.8802709152957261,0.9410480977988882,0.0,0.0,-1.2201823075708103,1,-1.038134553187067,0,1,1,0,1,0,1,0,1,0,0,0,0,0,1,0,0,1,0,0,1,0,1,0,1,0,0,1,1,0,0,1,1,0,0,1,0,1,1,0,0,0,1,1,0,0,-2.071181567332416,1.2242123709317312
-1.5579714248435517,0.0,-0.4674881207156567,1.2157481529951086,0.0,0.0,0.9824137546907391,0,-0.20163669183048893,0,1,1,0,0,1,0,1,1,0,0,0,0,0,0,1,0,1,1,0,0,0,0,1,1,0,1,0,1,0,0,1,0,1,0,1,1,0,0,1,0,1,0,1,0,0,0.4287949156787378,0.3528040967138179
-0.7368894945528293,0.0,0.25114374256663985,0.36963080871589915,0.0,0.0,0.10137532978611936,1,-0.07603641234751926,1,0,1,0,0,1,1,0,1,0,0,0,0,0,0,1,0,1,0,0,1,0,1,0,0,1,1,0,1,0,0,1,0,1,0,1,0,1,0,1,0,1,0,0,0,1,2.2419521419691937,0.4596462288665703
-0.4436459480204284,0.0,1.1040326416787518,1.1896382221608675,0.0,0.0,0.9824137546907391,0,-0.2527141388202299,1,0,1,0,0,1,0,1,0,0,1,0,0,0,0,1,0,1,0,0,1,0,1,0,1,0,0,1,0,1,0,1,0,1,0,1,0,1,0,0,1,0,1,1,0,0,2.9324251628297286,0.24306007531090998
1.6677075870128577,0.0,1.611225888146943,-0.09080483414810245,0.0,0.0,-0.7796630951185004,1,-0.18488998789942632,1,0,0,1,0,1,1,0,0,0,0,1,0,0,0,1,0,1,0,0,1,0,1,0,1,0,1,0,1,0,1,0,1,0,1,0,0,1,1,0,0,0,1,1,0,0,1.2634165737077063,0.07031067488368638
0.2601385636573336,0.0,1.4724287593180518,0.28848538496648446,0.0,0.0,0.10137532978611936,1,-1.2834737657771342,1,0,1,0,1,0,1,0,1,0,0,0,0,0,1,0,0,1,0,1,0,0,1,0,1,0,0,1,0,1,1,0,1,0,1,0,0,1,0,0,1,1,0,0,1,0,1.4384125642884609,-0.8322326116946223
-1.2060791690046706,0.0,-0.07768870750928462,0.9591705620964788,0.0,0.0,-0.7796630951185004,1,0.18772417456671703,0,1,1,0,0,1,1,0,1,0,0,0,0,0,0,1,0,1,0,0,1,0,1,0,1,0,1,0,1,0,1,0,0,1,0,1,0,1,1,0,0,0,1,1,0,0,0.19098678006652012,0.7813514372820121
1.5504101683998974,0.0,-0.40457540344274795,0.6287713610382961,0.0,0.0,0.9824137546907391,0,1.4052095503549697,1,0,0,1,0,1,1,0,0,1,0,0,0,0,1,0,0,1,0,0,1,0,1,0,0,1,0,1,1,0,1,0,0,1,1,0,0,1,0,0,1,1,0,0,1,0,2.667951640792859,-0.3244443233755773
-0.15040240148802755,0.0,-0.8605304574927971,0.5716956836265287,0.0,0.0,-0.7796630951185004,1,-1.710514716019231,1,0,1,0,0,1,1,0,1,0,0,0,0,0,1,0,0,1,0,0,1,0,1,0,0,1,1,0,0,1,0,1,0,1,0,1,0,1,1,0,0,0,1,0,0,1,-0.773071074265034,1.4335457352148917
1.081220493948056,0.0,-0.24696931790339954,0.7071612569928716,0.0,0.0,-1.2201823075708103,1,1.3725534776893975,1,0,0,1,0,1,1,0,1,0,0,0,0,0,0,1,0,1,0,0,1,0,1,0,0,1,0,1,1,0,0,1,0,1,1,0,0,1,0,1,0,0,1,1,0,0,2.7976227289087143,0.29673300249543494
1.7263562963193377,0.0,-0.998030416893381,0.24446373527230422,0.0,0.0,-1.2201823075708103,1,0.6080664432363888,1,0,0,1,0,1,1,0,1,0,0,0,0,0,0,1,0,1,0,0,1,0,1,0,0,1,0,1,1,0,0,1,0,1,0,1,0,1,0,1,0,0,1,1,0,0,2.4482816987409732,0.26757071993142767
0.025543726431412957,0.0,-0.32220514474522843,0.19777251896391848,0.0,0.0,-0.7796630951185004,1,-1.1654095030631428,1,0,1,0,1,0,1,0,1,0,0,0,0,0,0,1,0,1,0,0,1,0,1,0,1,0,1,0,1,0,1,0,1,0,1,0,0,1,1,0,0,0,1,1,0,0,0.6984455540148162,0.19999391131783678
0.2601385636573336,0.0,-1.4591741486566596,0.36963080871589915,0.0,0.0,1.863452179595359,0,-0.17484196554078874,1,0,1,0,0,1,0,1,0,1,0,0,0,0,1,0,0,1,1,0,0,0,1,0,0,1,0,1,0,1,0,1,0,1,0,1,0,1,0,1,0,0,1,1,0,0,0.7363807258809275,-1.3797861447824933
0.43608469157677415,0.0,-0.6302828839682347,-1.0914725668313427,0.0,0.0,0.10137532978611936,1,-0.10031913304756007,1,0,1,0,1,0,1,0,0,0,0,0,1,0,1,0,0,1,0,0,1,0,1,0,1,0,1,0,1,0,0,1,0,1,0,1,0,1,1,0,0,0,1,1,0,0,-0.18838593512281898,1.0023931917580065
-0.09175369218154737,0.0,0.2647640215638673,1.1346027292456944,0.0,0.0,0.10137532978611936,0,-1.569005067801752,1,0,1,0,0,1,0,1,0,0,0,0,1,0,0,1,0,1,0,0,1,0,1,0,1,0,1,0,1,0,0,1,1,0,1,0,0,1,1,0,0,0,1,1,0,0,0.28326194224006024,0.7660754979910199
-0.03310498287506721,0.0,1.5560961874438786,0.14806693795787343,0.0,0.0,-0.7796630951185004,1,0.37863659938083094,1,0,1,0,1,0,1,0,1,0,0,0,0,0,0,1,0,1,0,1,0,0,1,0,1,0,1,0,1,0,1,0,1,0,1,0,0,1,1,0,0,0,1,0,1,0,-2.6458832666710577,0.20255641522607015
-0.20905111079450772,0.0,-0.09195757122066613,-0.1642097988027183,0.0,0.0,-1.2201823075708103,1,0.35267920828768384,1,0,1,0,0,1,1,0,1,0,0,0,0,0,0,1,0,1,0,0,1,0,1,0,1,0,1,0,1,0,0,1,0,1,0,1,0,1,1,0,0,0,1,1,0,0,2.15723071770222,0.24438705466590405
0.025543726431412957,0.0,-1.4591741486566596,0.36963080871589915,0.0,0.0,0.10137532978611936,0,-1.0372972179905138,1,0,1,0,0,1,0,1,1,0,0,0,0,0,1,0,0,1,0,1,0,0,1,0,1,0,0,1,1,0,0,1,0,1,0,1,0,1,1,0,0,1,0,0,1,0,-0.6584785546187267,-0.79303043082023
-1.3820252969241111,0.0,0.5216035683687315,1.0438898632431284,0.0,0.0,-0.7796630951185004,1,-0.5390827760414008,0,1,1,0,1,0,1,0,0,0,0,0,1,0,0,1,0,1,0,0,1,0,1,0,1,0,0,1,1,0,0,1,0,1,0,1,0,1,1,0,0,0,1,1,0,0,0.38851497384139955,1.2755525650134416
0.4947334008832543,0.0,1.572310805297721,0.24446373527230422,0.0,0.0,-1.2201823075708103,1,1.0058006615991262,1,0,1,0,1,0,1,0,1,0,0,0,0,0,0,1,0,1,0,0,1,0,1,0,0,1,0,1,0,1,0,1,0,1,0,1,1,0,1,0,0,1,0,1,0,0,2.7380366221962724,0.6765537729616408
0.43608469157677415,0.0,-1.3631836109619124,-1.9375899111105526,0.0,0.0,0.10137532978611936,0,0.8743390357402845,1,0,1,0,1,0,1,0,0,0,0,0,0,1,1,0,1,0,0,0,0,1,1,0,1,0,1,0,1,0,1,0,1,0,1,0,1,0,1,0,0,1,0,0,1,0,-4.238481544066798,-0.6433632695895828
-1.5579714248435517,0.0,-0.5200234825621061,-1.9375899111105526,0.0,0.0,0.10137532978611936,0,-1.5229516319913299,0,1,1,0,1,0,1,0,1,0,0,0,0,0,1,0,1,0,0,0,0,1,1,0,1,0,1,0,1,0,1,0,1,0,1,0,1,0,0,0,1,1,0,0,1,0,-0.29324515915503874,-1.5202071374748996
1.6677075870128577,0.0,-0.039422209374216505,0.6007621217270765,0.0,0.0,0.10137532978611936,1,-1.2617030506667528,1,0,0,1,1,0,1,0,1,0,0,0,0,0,0,1,0,1,0,0,1,0,1,0,1,0,0,1,1,0,0,1,0,1,1,0,0,1,1,0,0,0,1,1,0,0,0.3178638313359749,1.2478686178680336
0.9052743660286154,0.0,-1.4591741486566596,-0.023791351794107286,0.0,0.0,0.9824137546907391,0,-1.5103916040430327,1,0,1,0,1,0,1,0,0,0,1,0,0,0,1,0,0,1,0,1,0,0,1,0,1,0,0,1,0,1,1,0,0,1,0,1,0,1,0,1,0,1,0,1,0,0,-0.41943047583359117,-1.217457762104349
0.3187872729638138,0.0,-1.3845869065289846,0.5100492557245105,0.0,0.0,0.9824137546907391,0,-1.54974635828103,1,0,1,0,1,0,1,0,1,0,0,0,0,0,1,0,0,1,0,0,1,0,1,0,1,0,1,0,1,0,1,0,1,0,1,0,0,1,1,0,0,1,0,1,0,0,-2.9613266324936363,0.7431938906695947
0.9639230753350957,0.0,-1.4591741486566596,0.6819075454764912,0.0,0.0,0.10137532978611936,0,1.7661010200693692,1,0,1,0,1,0,1,0,0,1,0,0,0,0,1,0,0,1,0,1,0,0,0,1,0,1,0,1,0,1,1,0,1,0,1,0,1,0,0,0,1,0,1,0,0,1,0.37518020794887275,-1.6122615223027723
-1.4406740062305912,0.0,-0.6049880801162405,1.2157481529951086,0.0,0.0,0.10137532978611936,0,0.5620130074259666,0,1,1,0,0,1,0,1,1,0,0,0,0,0,0,1,0,1,0,0,1,0,0,1,1,0,0,1,1,0,0,1,0,1,0,1,1,0,0,0,1,0,1,0,1,0,2.680839862581627,0.23416809240971115
0.9052743660286154,0.0,1.0268510606944614,0.5414890984678798,0.0,0.0,0.10137532978611936,0,0.07970793421136312,1,0,1,0,1,0,1,0,0,0,0,0,0,1,1,0,0,1,0,1,0,0,0,1,1,0,1,0,1,0,1,0,1,0,1,0,1,0,1,0,0,1,0,1,0,0,-2.558084032921432,0.17269959769257792
-0.5022946573269086,0.0,1.1079241499636736,0.037855076107910814,0.0,0.0,-0.7796630951185004,1,0.9312778291058974,1,0,1,0,1,0,1,0,0,0,0,0,1,0,1,0,0,1,0,0,1,0,1,0,0,1,0,1,1,0,0,1,1,0,1,0,0,1,1,0,0,0,1,1,0,0,0.9955805087409071,0.7155551685215321
0.37743598227029396,0.0,-0.21324291276740734,0.24446373527230422,0.0,0.0,-1.2201823075708103,1,-0.41515716695153737,1,0,1,0,1,0,1,0,1,0,0,0,0,0,1,0,0,1,0,0,1,0,1,0,1,0,1,0,1,0,1,0,0,1,0,1,1,0,1,0,0,0,1,1,0,0,-0.6396845607853863,0.7942699545436133
0.9052743660286154,0.0,-1.121910097296737,0.5100492557245105,0.0,0.0,-1.2201823075708103,1,0.9622592313783633,1,0,1,0,1,0,1,0,0,0,0,0,0,1,0,1,0,1,0,0,1,0,1,0,1,0,1,0,1,0,1,0,1,0,1,0,1,0,1,0,0,0,1,1,0,0,-1.6598207823987863,0.7974396782819171
1.7263562963193377,0.0,-1.4591741486566596,0.19777251896391848,0.0,0.0,-0.7796630951185004,1,0.25303631989786124,1,0,0,1,1,0,1,0,0,0,0,0,0,1,1,0,0,1,0,1,0,0,1,0,1,0,1,0,1,0,1,0,1,0,1,0,0,1,1,0,0,1,0,1,0,0,-4.239925202554006,-0.5408338547582682
0.5533821101897345,0.0,1.6760843595623127,0.65579761464225,0.0,0.0,-0.7796630951185004,1,-0.782747318238362,1,0,1,0,1,0,1,0,1,0,0,0,0,0,0,1,0,1,0,0,1,0,1,0,1,0,1,0,1,0,0,1,0,1,0,1,0,1,1,0,0,0,1,1,0,0,-1.26291387615961,1.4900337689273713
-0.7368894945528293,0.0,-0.11984671392927508,-1.9375899111105526,0.0,0.0,0.10137532978611936,0,0.6080664432363888,1,0,1,0,1,0,1,0,0,0,0,0,1,0,1,0,1,0,0,0,0,1,1,0,1,0,1,0,1,0,1,0,1,0,1,0,1,0,0,1,0,1,0,0,1,0,-1.1597052246680495,-1.1395665930561727
-1.6166201341500317,0.0,0.19536545714942194,1.2654537340011538,0.0,0.0,1.863452179595359,0,0.6968239740710207,0,1,1,0,1,0,1,0,1,0,0,0,0,0,0,1,0,1,0,0,1,0,1,0,1,0,0,1,1,0,1,0,1,0,1,0,1,0,1,0,0,0,1,1,0,0,1.0236376452653413,0.3575967869894301
0.6706795288026948,0.0,1.7668862195438302,-1.9375899111105526,0.0,0.0,0.10137532978611936,1,0.9019710972265379,1,0,1,0,1,0,1,0,0,0,0,0,0,1,1,0,1,0,0,0,0,1,1,0,1,0,1,0,1,0,1,0,1,0,1,0,1,0,1,0,0,0,1,0,1,0,-1.3975499453982814,-1.0189306796118454
0.20148985435085345,0.0,1.2836906074993257,0.24446373527230422,0.0,0.0,0.10137532978611936,1,-0.5441067872207196,1,0,1,0,0,1,1,0,0,0,0,0,0,1,0,1,0,1,0,0,1,0,1,0,0,1,1,0,0,1,1,0,1,0,1,0,0,1,1,0,0,0,1,1,0,0,-0.6731807605743698,1.0506324389907609
0.025543726431412957,0.0,0.3289739082650835,0.33012629336122234,0.0,0.0,0.10137532978611936,1,1.1288889354924363,1,0,1,0,1,0,0,1,1,0,0,0,0,0,0,1,0,1,1,0,0,0,1,0,1,0,0,1,1,0,0,1,0,1,0,1,0,1,1,0,0,0,1,1,0,0,0.2675020281017774,1.2273091703806578
1.6677075870128577,0.0,1.332334461060853,-0.5576319593127251,0.0,0.0,-1.2201823075708103,1,1.330686717861741,1,0,0,1,0,1,1,0,1,0,0,0,0,0,0,1,0,1,0,0,1,0,0,1,0,1,0,1,0,1,0,1,0,1,1,0,0,1,1,0,0,1,0,1,0,0,2.581535679259051,0.993336472111445
1.2571666218674964,0.0,-0.43116737672304967,-1.0914725668313427,0.0,0.0,1.863452179595359,0,1.3457587513996974,1,0,0,1,0,1,1,0,0,1,0,0,0,0,0,1,0,1,0,0,1,0,1,0,0,1,0,1,0,1,0,1,0,1,1,0,0,1,0,0,1,0,1,0,1,0,3.0390177805276,0.2885090044146648
1.433112749786937,0.0,-0.8689620587767952,0.24446373527230422,0.0,0.0,0.9824137546907391,0,0.8751763709368376,1,0,0,1,1,0,1,0,0,0,1,0,0,0,0,1,0,1,0,1,0,0,1,0,0,1,0,1,1,0,0,1,0,1,1,0,0,1,0,0,1,0,1,1,0,0,1.898656916648475,-0.3296920289850079
-1.2060791690046706,0.0,-1.4591741486566596,1.2028038281759472,0.0,0.0,-1.2201823075708103,1,-1.1813188717976524,0,1,1,0,0,1,1,0,1,0,0,0,0,0,1,0,0,1,0,1,0,0,1,0,0,1,1,0,1,0,1,0,1,0,1,0,0,1,1,0,0,1,0,1,0,0,-4.07279236313404,-0.4077253228338698
-1.2647278783111506,0.0,0.9146459051458721,1.1055362911451465,0.0,0.0,-1.2201823075708103,1,1.1665690193373273,0,1,1,0,0,1,0,1,1,0,0,0,0,0,0,1,0,1,0,0,1,0,0,1,1,0,1,0,1,0,1,0,1,0,0,1,0,1,1,0,0,1,0,1,0,0,0.702723581224088,0.5593906715588483
0.8466256567221353,0.0,-0.44154473214950885,0.037855076107910814,0.0,0.0,-1.2201823075708103,1,-1.2273723076080745,1,0,1,0,0,1,1,0,0,0,0,0,1,0,0,1,0,1,0,1,0,0,1,0,1,0,1,0,0,1,1,0,0,1,0,1,0,1,1,0,0,0,1,1,0,0,-0.44461457855159564,0.2953864312285008
0.5533821101897345,0.0,-0.6620635349617658,0.5414890984678798,0.0,0.0,0.10137532978611936,0,1.2687239133168093,1,0,1,0,0,1,0,1,1,0,0,0,0,0,0,1,0,1,0,0,1,0,0,1,0,1,0,1,0,1,0,1,0,1,0,1,0,1,0,0,1,0,1,1,0,0,3.0847144136989213,0.4294413333254078
0.5533821101897345,0.0,-0.7249762522346744,-0.023791351794107286,0.0,0.0,0.10137532978611936,0,-0.1631192727890449,1,0,1,0,1,0,1,0,0,0,0,1,0,0,1,0,0,1,0,1,0,0,0,1,0,1,1,0,0,1,1,0,1,0,1,0,0,1,0,1,0,0,1,1,0,0,0.4267824086009946,-0.2930260901722141
-0.8541869131657895,0.0,1.7448343392626042,-0.09080483414810245,0.0,0.0,-0.7796630951185004,1,0.7336667227193585,1,0,1,0,1,0,1,0,0,0,0,0,0,1,1,0,0,1,0,0,1,0,1,0,1,0,0,1,0,1,0,1,1,0,1,0,0,1,1,0,0,0,1,0,1,0,-0.9853982976896664,1.206243926362382
-0.15040240148802755,0.0,-0.21259432805325376,-0.09080483414810245,0.0,0.0,-0.7796630951185004,1,0.570386359391498,1,0,1,0,1,0,1,0,1,0,0,0,0,0,0,1,0,1,0,0,1,0,1,0,1,0,1,0,1,0,0,1,0,1,0,1,0,1,1,0,0,0,1,1,0,0,-0.09925754186028797,1.2129824267022815
-1.4406740062305912,0.0,1.332334461060853,1.2654537340011538,0.0,0.0,-0.7796630951185004,1,-0.8405234468005279,0,1,1,0,1,0,1,0,1,0,0,0,0,0,1,0,0,1,0,0,1,0,0,1,0,1,1,0,0,1,0,1,0,1,0,1,0,1,0,1,0,0,1,1,0,0,2.33240653112033,0.6678110675327441
-0.8541869131657895,0.0,-0.8618276269211045,0.65579761464225,0.0,0.0,0.10137532978611936,0,0.24298829753922369,1,0,1,0,1,0,1,0,1,0,0,0,0,0,0,1,0,1,0,0,1,0,1,0,0,1,1,0,1,0,1,0,0,1,0,1,1,0,0,1,0,1,0,0,1,0,2.325363548554724,-0.14389227000220353
-1.3233765876176309,0.0,0.8977827025778761,1.0597702031126737,0.0,0.0,-1.2201823075708103,1,0.6725412533709799,0,1,1,0,1,0,1,0,0,0,0,0,1,0,1,0,0,1,0,1,0,0,1,0,1,0,0,1,1,0,1,0,0,1,0,1,0,1,1,0,0,0,1,1,0,0,-0.033075695971834684,-0.0007434138898424299
-0.7955382038593094,0.0,1.270718913216252,-0.1642097988027183,0.0,0.0,-0.7796630951185004,1,1.631290053424315,1,0,1,0,0,1,1,0,1,0,0,0,0,0,1,0,0,1,0,0,1,0,0,1,0,1,0,1,0,1,0,1,0,1,0,1,0,1,0,0,1,1,0,1,0,0,2.702191254413165,0.6339225808712373
0.43608469157677415,0.0,-0.07768870750928462,0.33012629336122234,0.0,0.0,0.10137532978611936,0,0.2890417333496459,1,0,1,0,1,0,0,1,1,0,0,0,0,0,1,0,0,1,0,0,1,0,1,0,0,1,1,0,1,0,0,1,0,1,0,1,0,1,1,0,0,0,1,1,0,0,1.608811062158399,0.5584322673130144
-1.6166201341500317,0.0,-0.8073465109321939,1.1055362911451465,0.0,0.0,0.9824137546907391,0,-0.2200580661546578,0,1,1,0,1,0,1,0,1,0,0,0,0,0,1,0,0,1,0,0,1,0,1,0,1,0,1,0,1,0,1,0,1,0,1,0,1,0,1,0,0,0,1,1,0,0,-2.5963154806252278,0.7737181741381008
0.6706795288026948,0.0,0.1752593310106572,0.5100492557245105,0.0,0.0,0.10137532978611936,0,1.3323613882548473,1,0,1,0,1,0,1,0,1,0,0,0,0,0,0,1,0,1,1,0,0,0,0,1,0,1,0,1,0,1,1,0,0,1,0,1,0,1,1,0,0,1,0,1,0,0,0.8915890023356925,0.4212295259981517
-0.7955382038593094,0.0,-1.2023346018517955,0.40720749028027037,0.0,0.0,-1.2201823075708103,1,-1.1386147767734427,1,0,1,0,1,0,0,1,1,0,0,0,0,0,1,0,0,1,0,0,1,0,0,1,0,1,1,0,1,0,0,1,0,1,0,1,0,1,1,0,0,0,1,0,1,0,0.17538255776985423,1.1342289597942368
0.20148985435085345,0.0,1.3615207731977694,0.65579761464225,0.0,0.0,1.863452179595359,0,0.9463498626438538,1,0,1,0,0,1,1,0,1,0,0,0,0,0,1,0,0,1,0,0,1,0,1,0,1,0,1,0,1,0,1,0,1,0,1,0,0,1,1,0,0,0,1,1,0,0,0.6026640983856243,0.17681424327264822
-0.8541869131657895,0.0,-1.2587614719831672,0.6007621217270765,0.0,0.0,1.863452179595359,0,1.0828354996820142,1,0,1,0,0,1,1,0,1,0,0,0,0,0,1,0,0,1,0,1,0,0,0,1,0,1,0,1,0,1,0,1,0,1,0,1,0,1,0,0,1,0,1,0,1,0,2.2329843085046606,-0.5050130731869438
0.20148985435085345,0.0,-1.3813439829582161,0.19777251896391848,0.0,0.0,1.863452179595359,0,-1.8160189507849256,1,0,1,0,0,1,1,0,1,0,0,0,0,0,1,0,0,1,0,1,0,0,1,0,1,0,1,0,0,1,1,0,1,0,1,0,1,0,1,0,0,0,1,0,1,0,-0.09507615760985845,-0.7164518499536241
1.0225717846415758,0.0,0.7713086833179049,-1.9375899111105526,0.0,0.0,0.10137532978611936,0,0.0009984257353687946,1,0,0,1,1,0,1,0,1,0,0,0,0,0,1,0,1,0,0,0,0,1,1,0,1,0,1,0,1,0,1,0,1,0,1,0,1,0,0,1,0,0,1,0,1,0,-0.5837980129321555,-1.2910718827931573
0.9052743660286154,0.0,0.23298337057033627,-1.0914725668313427,0.0,0.0,-0.7796630951185004,1,-0.4947040106240848,1,0,1,0,1,0,1,0,1,0,0,0,0,0,1,0,0,1,0,0,1,0,1,0,1,0,1,0,1,0,0,1,1,0,1,0,0,1,1,0,0,0,1,1,0,0,-0.5717222617553015,0.7890963099821864
0.08419243573789313,0.0,0.6175941060634789,0.65579761464225,0.0,0.0,0.10137532978611936,1,-1.5145782800257985,1,0,1,0,0,1,1,0,1,0,0,0,0,0,1,0,0,1,0,1,0,0,1,0,0,1,1,0,0,1,1,0,0,1,0,1,0,1,0,1,0,0,1,1,0,0,1.3905045555826925,-0.37206891128186453
1.785005005625818,0.0,-0.34814853331137646,-0.1642097988027183,0.0,0.0,0.9824137546907391,0,0.7077093316262114,1,0,0,1,1,0,1,0,0,0,0,0,0,1,1,0,0,1,0,0,1,0,1,0,1,0,1,0,1,0,1,0,1,0,1,0,0,1,0,0,1,0,1,0,1,0,-1.0764306426575527,0.6195007495802141
-0.7955382038593094,0.0,0.23428053999864362,-1.9375899111105526,0.0,0.0,1.863452179595359,0,-0.29709290423754586,1,0,1,0,0,1,1,0,1,0,0,0,0,0,1,0,1,0,0,0,0,1,1,0,1,0,1,0,1,0,1,0,1,0,1,0,1,0,0,1,0,0,1,0,1,0,-1.5188425663159115,-0.9985566890429888
0.37743598227029396,0.0,-1.4591741486566596,0.6287713610382961,0.0,0.0,-1.2201823075708103,1,0.17432681142186693,1,0,1,0,1,0,1,0,0,0,0,0,0,1,1,0,0,1,0,1,0,0,1,0,0,1,1,0,1,0,1,0,1,0,1,0,0,1,1,0,0,1,0,1,0,0,-4.08078642424572,-0.41451839488057207
1.5504101683998974,0.0,1.7720748972570597,0.6287713610382961,0.0,0.0,0.9824137546907391,0,0.6884506221054895,1,0,0,1,0,1,1,0,1,0,0,0,0,0,0,1,0,1,0,0,1,0,0,1,0,1,1,0,1,0,1,0,0,1,0,1,1,0,0,1,0,1,0,0,1,0,1.9009916285023127,0.5330834853507163
0.025543726431412957,0.0,0.7972520718840528,-1.9375899111105526,0.0,0.0,0.10137532978611936,0,-1.0766519722285108,1,0,1,0,0,1,0,1,1,0,0,0,0,0,0,1,1,0,0,0,0,1,1,0,1,0,1,0,1,0,1,0,1,0,1,0,1,0,0,0,1,1,0,0,1,0,0.28782678981904386,-1.4626582545088955
-0.678240785246349,0.0,-0.3267452377443043,-0.1642097988027183,0.0,0.0,-1.2201823075708103,1,0.6038797672536231,1,0,1,0,1,0,1,0,0,0,0,0,1,0,1,0,0,1,0,0,1,0,1,0,1,0,0,1,0,1,1,0,0,1,0,1,0,1,1,0,0,0,1,1,0,0,0.102529672248423,0.9464519098722591
0.6706795288026948,0.0,-1.1977945088527195,0.6007621217270765,0.0,0.0,0.10137532978611936,0,-0.482981317872341,1,0,1,0,1,0,0,1,0,0,0,0,1,0,1,0,0,1,1,0,0,0,1,0,1,0,1,0,0,1,1,0,1,0,1,0,0,1,1,0,0,1,0,0,1,0,-0.502329947990205,-0.4315584048366489
-0.5609433666333887,0.0,-0.3935494633021352,0.6819075454764912,0.0,0.0,-1.2201823075708103,1,0.3577032194670026,1,0,1,0,1,0,1,0,1,0,0,0,0,0,0,1,0,1,0,0,1,0,1,0,1,0,1,0,1,0,0,1,1,0,1,0,0,1,1,0,0,1,0,1,0,0,2.0086043265040434,-0.0718711855820547
0.14284114504437329,0.0,0.83357281587666,-1.9375899111105526,0.0,0.0,1.863452179595359,0,1.3993482039790976,1,0,1,0,1,0,1,0,1,0,0,0,0,0,1,0,1,0,0,0,0,1,1,0,1,0,1,0,1,0,1,0,1,0,1,0,1,0,0,1,0,1,0,0,1,0,1.1217103065234995,-2.153333585330978
-0.4436459480204284,0.0,-1.4591741486566596,0.40720749028027037,0.0,0.0,-1.2201823075708103,1,0.1676281298494419,1,0,1,0,0,1,1,0,0,0,0,0,0,1,1,0,0,1,0,1,0,0,1,0,1,0,0,1,1,0,0,1,0,1,0,1,0,1,1,0,0,0,1,1,0,0,-3.5272306992681473,0.1553548583787109
-1.4993227155370714,0.0,-1.4591741486566596,1.2028038281759472,0.0,0.0,0.9824137546907391,0,0.7437147450779961,0,1,1,0,1,0,1,0,0,0,1,0,0,0,1,0,0,1,1,0,0,0,1,0,1,0,0,1,1,0,1,0,1,0,1,0,0,1,1,0,0,0,1,1,0,0,-0.6445092598926165,-1.728970099626295
1.5504101683998974,0.0,0.23492912471279742,-0.24535522255213305,0.0,0.0,-1.2201823075708103,1,-1.8838431017057293,1,0,0,1,0,1,1,0,0,0,0,0,1,0,1,0,0,1,0,0,1,0,1,0,0,1,1,0,1,0,1,0,1,0,1,0,0,1,1,0,0,0,1,0,1,0,0.22471096299752064,0.41005815169349363
-1.2647278783111506,0.0,1.7720748972570597,1.1055362911451465,0.0,0.0,0.10137532978611936,0,0.538567621922479,0,1,1,0,0,1,1,0,1,0,0,0,0,0,1,0,0,1,0,0,1,0,0,1,0,1,0,1,0,1,0,1,0,1,0,1,0,1,0,0,1,0,1,1,0,0,2.602891122176512,0.5765468029334041
0.9052743660286154,0.0,1.561284865157108,0.24446373527230422,0.0,0.0,0.10137532978611936,1,1.0543661029992077,1,0,1,0,1,0,1,0,1,0,0,0,0,0,1,0,0,1,1,0,0,0,1,0,0,1,1,0,1,0,1,0,1,0,1,0,0,1,1,0,0,0,1,0,1,0,-1.77598059809405,0.08331223824958553
-0.8541869131657895,0.0,-1.4591741486566596,0.4772711516590301,0.0,0.0,0.10137532978611936,0,-0.3573810383893713,1,0,1,0,0,1,0,1,1,0,0,0,0,0,1,0,0,1,1,0,0,0,0,1,1,0,0,1,0,1,1,0,1,0,1,0,0,1,0,0,1,0,1,0,1,0,-1.4615773500446092,-0.8319719352691834
-0.8541869131657895,0.0,0.1694220685832739,0.6007621217270765,0.0,0.0,-0.7796630951185004,1,-0.4243678541136218,1,0,1,0,0,1,1,0,0,0,0,0,0,1,0,1,0,1,0,0,1,0,1,0,0,1,1,0,1,0,1,0,1,0,1,0,0,1,1,0,0,0,1,1,0,0,-0.8108130536939667,0.9141204396058801
-0.09175369218154737,0.0,0.34259418726231117,-1.9375899111105526,0.0,0.0,0.10137532978611936,0,-1.716376062395103,1,0,1,0,1,0,0,1,1,0,0,0,0,0,1,0,1,0,0,0,0,1,1,0,1,0,1,0,1,0,1,0,1,0,1,0,1,0,1,0,0,1,0,0,0,1,-2.0542970673834557,-0.8888075895096834
1.5504101683998974,0.0,-1.4591741486566596,-0.33606808855469933,0.0,0.0,-0.7796630951185004,1,-1.0967480169457862,1,0,0,1,1,0,1,0,1,0,0,0,0,0,1,0,0,1,1,0,0,0,1,0,1,0,0,1,1,0,0,1,1,0,1,0,1,0,1,0,0,0,1,1,0,0,-1.0056768014664141,-1.0392654646373711
1.4917614590934172,0.0,-1.4591741486566596,0.36963080871589915,0.0,0.0,0.10137532978611936,1,0.3083004428703679,1,0,0,1,1,0,1,0,0,0,0,0,0,1,1,0,0,1,0,1,0,0,1,0,1,0,1,0,1,0,1,0,1,0,1,0,0,1,1,0,0,0,1,1,0,0,-3.2819572578034313,-0.7421845095795333
1.6090588777063775,0.0,-0.9805186296112312,-0.023791351794107286,0.0,0.0,-1.2201823075708103,1,-0.7216218488899834,1,0,0,1,0,1,1,0,1,0,0,0,0,0,1,0,0,1,0,0,1,0,1,0,1,0,1,0,0,1,0,1,1,0,1,0,0,1,1,0,0,0,1,0,1,0,-1.4671400180372813,1.0462604736250465
-0.3849972387139482,0.0,-0.017370329092990806,0.33012629336122234,0.0,0.0,0.10137532978611936,0,0.3752872585946184,1,0,1,0,1,0,1,0,0,0,1,0,0,0,0,1,0,1,0,1,0,0,1,0,0,1,0,1,0,1,1,0,0,1,0,1,0,1,0,0,1,0,1,0,1,0,2.2700265409840377,-0.645302714084556
-0.09175369218154737,0.0,0.24336072599679542,0.5716956836265287,0.0,0.0,1.863452179595359,0,1.0962328628268643,1,0,1,0,0,1,0,1,1,0,0,0,0,0,1,0,0,1,0,0,1,0,1,0,1,0,0,1,1,0,0,1,0,1,0,1,0,1,1,0,0,0,1,1,0,0,1.933216970776759,0.3417406155304154
-0.6195920759398689,0.0,1.722782458981379,0.6287713610382961,0.0,0.0,-1.2201823075708103,1,0.6934746332848082,1,0,1,0,0,1,0,1,1,0,0,0,0,0,0,1,0,1,0,0,1,0,0,1,0,1,1,0,1,0,0,1,1,0,1,0,0,1,1,0,0,0,1,1,0,0,2.5422586117309565,0.23125865234963638
-0.32634852940746806,0.0,1.4983721478841996,0.36963080871589915,0.0,0.0,-1.2201823075708103,1,-1.2097882684804588,1,0,1,0,0,1,0,1,1,0,0,0,0,0,1,0,0,1,1,0,0,0,0,1,0,1,1,0,1,0,0,1,1,0,1,0,0,1,1,0,0,0,1,1,0,0,0.08698639725278612,0.19746371341843388
0.9639230753350957,0.0,-0.24048347076186272,0.24446373527230422,0.0,0.0,-0.7796630951185004,1,1.0208726951370826,1,0,1,0,1,0,1,0,1,0,0,0,0,0,0,1,0,1,0,0,1,0,1,0,0,1,1,0,1,0,0,1,0,1,0,1,0,1,1,0,0,0,1,1,0,0,1.922341787107747,0.6406081438488697
-0.7955382038593094,0.0,-0.1931367866286428,0.24446373527230422,0.0,0.0,-1.2201823075708103,1,-0.40427180939634666,1,0,1,0,1,0,1,0,1,0,0,0,0,0,1,0,0,1,1,0,0,0,1,0,1,0,1,0,1,0,1,0,1,0,1,0,0,1,1,0,0,1,0,0,1,0,-2.4780216720971686,0.0191828867693797
0.5533821101897345,0.0,-1.08558935330413,-0.023791351794107286,0.0,0.0,-1.2201823075708103,1,0.5494529794776697,1,0,1,0,0,1,1,0,0,1,0,0,0,0,0,1,0,1,0,0,1,0,1,0,0,1,0,1,0,1,0,1,0,1,0,1,1,0,0,0,1,0,1,0,1,0,2.7752043209760386,0.22205476280158795
1.5504101683998974,0.0,-1.4591741486566596,-0.5576319593127251,0.0,0.0,-1.2201823075708103,1,1.1406116282441803,1,0,0,1,1,0,1,0,1,0,0,0,0,0,1,0,0,1,1,0,0,0,1,0,1,0,1,0,1,0,1,0,1,0,1,0,0,1,1,0,0,0,1,1,0,0,-4.241719681971418,-0.5421616438029904
0.43608469157677415,0.0,1.004150595699082,-1.9375899111105526,0.0,0.0,1.863452179595359,0,1.0778114885026955,1,0,1,0,0,1,1,0,1,0,0,0,0,0,0,1,1,0,0,0,0,1,1,0,1,0,1,0,1,0,1,0,1,0,1,0,1,0,0,0,1,0,1,0,1,0,1.5409301353708915,-2.236223264399844
-0.09175369218154737,0.0,-1.2814619369785467,-1.9375899111105526,0.0,0.0,0.9824137546907391,0,-0.8036806981521902,1,0,1,0,1,0,1,0,1,0,0,0,0,0,1,0,1,0,0,0,0,1,1,0,1,0,1,0,1,0,1,0,1,0,1,0,1,0,1,0,0,1,0,0,0,1,-1.6975018218662612,-1.1428281174260106
-0.20905111079450772,0.0,0.7862261317434398,0.5100492557245105,0.0,0.0,-1.2201823075708103,1,0.36858857702219333,1,0,1,0,0,1,1,0,1,0,0,0,0,0,0,1,0,1,0,0,1,0,1,0,1,0,0,1,1,0,0,1,0,1,0,1,0,1,1,0,0,0,1,1,0,0,1.2470155779767205,1.017446023360835
0.37743598227029396,0.0,-0.9649525964715423,0.40720749028027037,0.0,0.0,-0.7796630951185004,1,1.2871452876409781,1,0,1,0,0,1,1,0,0,0,1,0,0,0,0,1,0,1,0,0,1,0,1,0,0,1,0,1,0,1,0,1,0,1,0,1,1,0,1,0,0,0,1,1,0,0,2.0489808411318746,0.750240147596629
-1.03013304108523,0.0,-1.4591741486566596,1.1346027292456944,0.0,0.0,0.10137532978611936,1,-1.1377774415768895,1,0,1,0,1,0,1,0,1,0,0,0,0,0,1,0,0,1,0,1,0,0,1,0,1,0,1,0,1,0,1,0,1,0,1,0,0,1,1,0,0,0,1,1,0,0,-2.423148790303904,-1.065820107515417
1.5504101683998974,0.0,1.1332189538156678,-0.1642097988027183,0.0,0.0,-1.2201823075708103,1,1.1364249522614145,1,0,0,1,1,0,1,0,0,0,0,0,1,0,0,1,0,1,0,0,1,0,1,0,0,1,1,0,1,0,0,1,1,0,1,0,0,1,1,0,0,0,1,1,0,0,0.8221227861692817,0.7458098722386629
0.2601385636573336,0.0,0.1564503743002,0.33012629336122234,0.0,0.0,-1.2201823075708103,1,0.4648821246258034,1,0,1,0,1,0,1,0,1,0,0,0,0,0,1,0,0,1,0,0,1,0,1,0,1,0,1,0,1,0,1,0,1,0,1,0,1,0,1,0,0,1,0,0,1,0,0.6954157437191707,0.10281127653961919
1.374464040480457,0.0,-0.972087028327233,0.5414890984678798,0.0,0.0,0.10137532978611936,0,0.8266109295367561,1,0,0,1,1,0,1,0,1,0,0,0,0,0,1,0,0,1,0,0,1,0,1,0,0,1,1,0,1,0,1,0,1,0,1,0,0,1,0,0,1,0,1,1,0,0,0.08311468672252108,0.3195886208567104
-1.2647278783111506,0.0,0.0027357970457737215,-1.9375899111105526,0.0,0.0,1.863452179595359,0,0.06379856547685363,0,1,1,0,1,0,1,0,1,0,0,0,0,0,1,0,1,0,0,0,0,1,1,0,1,0,1,0,1,0,1,0,1,0,1,0,1,0,1,0,0,1,0,0,1,0,-2.396838343207714,-0.839749468752667
-1.0887817503917103,0.0,-1.4591741486566596,1.120206624171783,0.0,0.0,0.9824137546907391,0,1.1514969857993709,0,1,1,0,0,1,0,1,1,0,0,0,0,0,1,0,0,1,0,1,0,0,0,1,0,1,1,0,0,1,1,0,1,0,1,0,1,0,0,0,1,1,0,0,1,0,-0.3396047020520812,-1.4657381475878282
-1.03013304108523,0.0,0.3802121006832255,1.2654537340011538,0.0,0.0,0.9824137546907391,0,1.1272142650993302,1,0,1,0,0,1,1,0,0,1,0,0,0,0,0,1,0,1,0,0,1,0,1,0,1,0,0,1,1,0,0,1,1,0,1,0,0,1,0,0,1,0,1,1,0,0,2.6956097509916246,-0.23869980527307355
1.785005005625818,0.0,-0.5368866851301022,-0.023791351794107286,0.0,0.0,-0.7796630951185004,1,0.7437147450779961,1,0,0,1,1,0,1,0,1,0,0,0,0,0,0,1,0,1,0,0,1,0,1,0,0,1,1,0,0,1,0,1,1,0,1,0,0,1,1,0,0,0,1,1,0,0,1.9392190876368798,0.33249804099944724
-0.15040240148802755,0.0,0.09418624174144503,-1.9375899111105526,0.0,0.0,0.10137532978611936,0,-1.192204229352843,1,0,1,0,0,1,0,1,1,0,0,0,0,0,1,0,1,0,0,0,0,1,1,0,1,0,1,0,1,0,1,0,1,0,1,0,1,0,0,0,1,1,0,1,0,0,0.166800161756317,-1.7108264068741834
-0.9714843317787499,0.0,-1.4591741486566596,-0.1642097988027183,0.0,0.0,-1.2201823075708103,1,0.4883275101292911,1,0,1,0,1,0,1,0,0,0,0,0,0,1,1,0,0,1,0,1,0,0,1,0,1,0,1,0,1,0,1,0,1,0,1,0,0,1,1,0,0,0,1,1,0,0,-3.3997458973415213,-0.7477854783242325
-0.3849972387139482,0.0,1.3245514444910087,0.5100492557245105,0.0,0.0,-0.7796630951185004,1,-0.7032004745658145,1,0,1,0,1,0,1,0,1,0,0,0,0,0,1,0,0,1,0,0,1,0,1,0,0,1,1,0,0,1,0,1,0,1,0,1,0,1,1,0,0,1,0,1,0,0,2.1801767812535884,0.5717458155666658
-0.8541869131657895,0.0,0.6720752220523892,-1.9375899111105526,0.0,0.0,0.10137532978611936,0,-0.630352312465692,1,0,1,0,0,1,1,0,0,0,0,1,0,0,1,0,1,0,0,0,0,1,1,0,1,0,1,0,1,0,1,0,1,0,1,0,1,0,0,1,0,1,0,0,1,0,-0.4886562502829661,-1.332492024904931
0.729328238109175,0.0,-1.0829950144475153,0.037855076107910814,0.0,0.0,-0.7796630951185004,1,0.21284423046331097,1,0,1,0,0,1,1,0,1,0,0,0,0,0,0,1,0,1,0,1,0,0,1,0,1,0,1,0,1,0,1,0,1,0,1,0,0,1,0,1,0,0,1,0,1,0,-0.2491169349664408,-0.5223199857411521
-1.4406740062305912,0.0,0.7732544374603662,0.9591705620964788,0.0,0.0,1.863452179595359,0,-1.6376665539191089,0,1,1,0,1,0,1,0,1,0,0,0,0,0,0,1,0,1,0,0,1,0,1,0,0,1,1,0,1,0,0,1,1,0,1,0,1,0,1,0,0,0,1,1,0,0,-0.3852744169551032,1.12685746725139
0.14284114504437329,0.0,-1.4591741486566596,-0.24535522255213305,0.0,0.0,1.863452179595359,0,1.0853475052716737,1,0,1,0,1,0,1,0,1,0,0,0,0,0,1,0,0,1,1,0,0,0,1,0,1,0,0,1,1,0,0,1,0,1,0,1,1,0,0,1,0,0,1,1,0,0,-0.31927524989810663,-0.9695727278698505
-1.3820252969241111,0.0,0.9898817319877008,1.0597702031126737,0.0,0.0,0.10137532978611936,0,0.37110058261185275,0,1,1,0,1,0,1,0,1,0,0,0,0,0,0,1,0,1,0,0,1,0,1,0,0,1,1,0,1,0,0,1,0,1,0,1,0,1,0,0,1,1,0,1,0,0,2.7634638341800333,0.08394518805946072
-1.2647278783111506,0.0,0.8945397790071073,0.6287713610382961,0.0,0.0,-1.2201823075708103,1,-0.07771108274062553,0,1,1,0,0,1,1,0,1,0,0,0,0,0,0,1,0,1,0,0,1,0,1,0,1,0,0,1,1,0,0,1,0,1,0,1,0,1,1,0,0,0,1,1,0,0,1.8579305764012428,0.685365576317146
0.9639230753350957,0.0,-1.4591741486566596,0.4772711516590301,0.0,0.0,0.10137532978611936,1,-1.6954426824812747,1,0,1,0,1,0,1,0,0,0,0,0,0,1,1,0,0,1,0,1,0,0,1,0,1,0,1,0,1,0,1,0,0,1,0,1,0,1,1,0,0,0,1,1,0,0,-3.913744122259816,-0.26368019962556805
0.9639230753350957,0.0,-0.7152474815223689,-1.9375899111105526,0.0,0.0,0.9824137546907391,0,0.19107351535292955,1,0,1,0,0,1,0,1,1,0,0,0,0,0,1,0,1,0,0,0,0,1,1,0,1,0,1,0,1,0,1,0,1,0,1,0,1,0,0,0,1,1,0,1,0,0,0.8831047798436356,-2.2694453824450713
-0.03310498287506721,0.0,-1.0745634131635173,0.36963080871589915,0.0,0.0,1.863452179595359,0,1.6689701372692058,1,0,1,0,0,1,0,1,0,1,0,0,0,0,0,1,0,1,0,0,1,0,1,0,0,1,0,1,1,0,0,1,0,1,0,1,0,1,0,1,0,0,1,1,0,0,2.710771686401876,0.18163191962967126
0.37743598227029396,0.0,-1.3391859765382257,0.4772711516590301,0.0,0.0,0.10137532978611936,0,0.4766048173775473,1,0,1,0,1,0,1,0,1,0,0,0,0,0,1,0,0,1,0,0,1,0,1,0,1,0,0,1,1,0,1,0,1,0,1,0,1,0,1,0,0,0,1,1,0,0,-0.8716403256214393,0.5146786136682665
1.2571666218674964,0.0,-1.0998582170155116,0.24446373527230422,0.0,0.0,0.10137532978611936,1,0.7026853204468927,1,0,0,1,1,0,1,0,1,0,0,0,0,0,1,0,0,1,0,0,1,0,1,0,1,0,1,0,1,0,1,0,1,0,1,0,0,1,1,0,0,0,1,1,0,0,-1.7485622945256838,0.6381178052232489
1.374464040480457,0.0,1.5898225925798706,0.36963080871589915,0.0,0.0,-1.2201823075708103,1,-0.8011686925625308,1,0,0,1,0,1,1,0,1,0,0,0,0,0,0,1,0,1,0,0,1,0,1,0,0,1,1,0,1,0,0,1,0,1,1,0,0,1,1,0,0,0,1,1,0,0,0.6746772209814893,1.2284727048415773
0.8466256567221353,0.0,1.102735472250444,0.24446373527230422,0.0,0.0,0.10137532978611936,0,-1.4718741850015888,1,0,1,0,0,1,1,0,1,0,0,0,0,0,0,1,0,1,0,0,1,0,1,0,0,1,0,1,1,0,1,0,1,0,1,0,1,0,1,0,0,0,1,1,0,0,1.2877149742779797,0.45303857477873105
-1.03013304108523,0.0,0.7628770820339067,-1.9375899111105526,0.0,0.0,0.10137532978611936,1,-1.441730117925676,1,0,1,0,1,0,1,0,0,0,0,0,0,1,1,0,1,0,0,0,0,1,1,0,1,0,1,0,1,0,1,0,1,0,1,0,1,0,1,0,0,1,0,0,1,0,-2.0394487588407144,-0.8300276893224389
0.6706795288026948,0.0,1.11959867481844,1.2654537340011538,0.0,0.0,0.9824137546907391,0,0.7947921920677371,1,0,1,0,0,1,0,1,1,0,0,0,0,0,1,0,0,1,0,1,0,0,0,1,0,1,1,0,0,1,0,1,0,1,0,1,0,1,1,0,0,0,1,0,1,0,2.3461309521831115,-0.39590316850933593
0.14284114504437329,0.0,1.2506127870774872,0.14806693795787343,0.0,0.0,0.9824137546907391,0,0.7830694993159932,1,0,1,0,1,0,1,0,1,0,0,0,0,0,0,1,0,1,0,0,1,0,0,1,0,1,0,1,1,0,0,1,0,1,0,1,0,1,1,0,0,0,1,0,1,0,3.0557033719460103,0.450507510224641
-0.6195920759398689,0.0,-0.3799291843049075,-0.24535522255213305,0.0,0.0,0.9824137546907391,0,0.5888077337156669,1,0,1,0,1,0,1,0,1,0,0,0,0,0,0,1,0,1,0,0,1,0,1,0,0,1,0,1,1,0,0,1,0,1,0,1,0,1,0,1,0,0,1,1,0,0,2.1107863564061273,0.5729913210306441
-1.4406740062305912,0.0,1.7085135952699975,0.9410480977988882,0.0,0.0,0.10137532978611936,1,0.4380873983361032,0,1,1,0,1,0,1,0,0,0,0,0,0,1,1,0,0,1,0,1,0,0,1,0,1,0,1,0,1,0,1,0,1,0,0,1,0,1,1,0,0,0,1,1,0,0,-1.8549764141237297,-0.11537380471820853
1.4917614590934172,0.0,-1.0862379380182838,0.7071612569928716,0.0,0.0,0.10137532978611936,1,-1.4073993748669977,1,0,0,1,1,0,1,0,0,0,0,1,0,0,1,0,0,1,1,0,0,0,1,0,0,1,0,1,0,1,0,1,1,0,1,0,0,1,0,1,0,0,1,0,1,0,0.9011414669162584,-0.2183637016735768
-1.6166201341500317,0.0,-1.0998582170155116,1.2157481529951086,0.0,0.0,-1.2201823075708103,1,-0.176516635933895,0,1,1,0,1,0,1,0,0,0,0,0,1,0,0,1,0,1,0,0,1,0,1,0,1,0,0,1,1,0,0,1,1,0,1,0,0,1,1,0,0,0,1,1,0,0,0.4092180803669758,0.7137415555902081
-0.5609433666333887,0.0,0.8789737458674185,0.5414890984678798,0.0,0.0,0.10137532978611936,0,-1.8302536491263288,1,0,1,0,0,1,0,1,0,0,0,1,0,0,0,1,0,1,1,0,0,0,0,1,1,0,0,1,0,1,0,1,0,1,0,1,0,1,0,1,0,0,1,0,0,1,0.9728858780114082,0.5384368551345038
-0.26769982010098786,0.0,0.22974044699956772,0.24446373527230422,0.0,0.0,-1.2201823075708103,1,0.07217191744238494,1,0,1,0,1,0,0,1,0,0,0,0,0,1,1,0,0,1,1,0,0,0,0,1,1,0,1,0,0,1,1,0,1,0,1,0,0,1,1,0,0,0,1,0,0,1,-1.8136659473651702,0.232467774518692
0.9052743660286154,0.0,0.49306584094596895,0.6819075454764912,0.0,0.0,-0.7796630951185004,1,0.6867759517123831,1,0,1,0,0,1,1,0,1,0,0,0,0,0,0,1,0,1,1,0,0,0,1,0,1,0,1,0,1,0,0,1,1,0,1,0,0,1,1,0,0,0,1,1,0,0,-0.0620361629610892,0.89900833205823
-1.03013304108523,0.0,1.746131508690912,1.1346027292456944,0.0,0.0,-1.2201823075708103,1,0.7319920523262522,1,0,1,0,1,0,1,0,0,1,0,0,0,0,0,1,0,1,0,0,1,0,0,1,1,0,0,1,0,1,0,1,0,1,0,1,0,1,0,0,1,0,1,1,0,0,3.203635526410091,0.2346999871114585
1.1398692032545361,0.0,-0.7308135146620577,0.7071612569928716,0.0,0.0,0.9824137546907391,0,0.36272723064632145,1,0,0,1,1,0,1,0,0,0,1,0,0,0,1,0,0,1,0,1,0,0,0,1,1,0,0,1,0,1,0,1,1,0,1,0,0,1,0,0,1,1,0,1,0,0,1.77286501765693,-0.6182510002714571
-0.7955382038593094,0.0,1.2499642023633337,0.19777251896391848,0.0,0.0,0.10137532978611936,1,0.0822199398010225,1,0,1,0,1,0,1,0,1,0,0,0,0,0,1,0,0,1,0,0,1,0,1,0,1,0,1,0,1,0,1,0,0,1,0,1,0,1,1,0,0,0,1,1,0,0,-2.1012217738280654,1.1048913947650716
0.729328238109175,0.0,0.14347868001712613,-1.9375899111105526,0.0,0.0,-0.7796630951185004,1,-0.4025971390032404,1,0,1,0,1,0,1,0,0,0,0,0,0,1,1,0,1,0,0,0,0,1,1,0,1,0,1,0,1,0,1,0,1,0,1,0,1,0,1,0,0,1,0,0,0,1,-3.0470273819530114,-0.6992794839294055
-0.20905111079450772,0.0,0.47360829952135797,-0.6980504063213363,0.0,0.0,-1.2201823075708103,1,1.0250593711198481,1,0,1,0,1,0,1,0,1,0,0,0,0,0,0,1,0,1,0,0,1,0,0,1,1,0,0,1,1,0,0,1,0,1,0,1,0,1,0,1,0,0,1,0,1,0,2.528942863662081,0.5693037555959573
-1.0887817503917103,0.0,-1.3742095511025254,1.1346027292456944,0.0,0.0,0.10137532978611936,0,-1.0632546090836608,0,1,1,0,1,0,1,0,1,0,0,0,0,0,1,0,0,1,1,0,0,0,1,0,0,1,1,0,0,1,1,0,1,0,1,0,0,1,1,0,0,0,1,0,0,1,-0.15130266957672409,-0.41994962897883936
0.6120308194962146,0.0,-0.9811672143253848,-1.9375899111105526,0.0,0.0,1.863452179595359,0,1.2888199580340844,1,0,1,0,0,1,0,1,1,0,0,0,0,0,0,1,1,0,0,0,0,1,1,0,1,0,1,0,1,0,1,0,1,0,1,0,1,0,0,0,1,1,0,0,1,0,-0.7652888252068046,-1.2229428527169932
-0.5022946573269086,0.0,-0.6212026979700829,0.5414890984678798,0.0,0.0,0.9824137546907391,0,-1.377255307791085,1,0,1,0,1,0,1,0,1,0,0,0,0,0,1,0,0,1,0,0,1,0,1,0,0,1,1,0,0,1,0,1,1,0,1,0,1,0,1,0,0,1,0,0,1,0,1.0863943003022873,0.5548094603067644
-0.7368894945528293,0.0,-1.4591741486566596,-0.43890985399893934,0.0,0.0,0.10137532978611936,0,-0.930118312831713,1,0,1,0,1,0,1,0,0,0,0,0,1,0,1,0,0,1,1,0,0,0,1,0,0,1,1,0,0,1,1,0,1,0,1,0,0,1,1,0,0,1,0,0,1,0,-2.079659688841273,-0.7783400973165073
-1.03013304108523,0.0,-0.4824055691411917,1.2654537340011538,0.0,0.0,1.863452179595359,0,0.6055544376467294,1,0,1,0,0,1,1,0,0,0,1,0,0,0,0,1,0,1,0,0,1,0,1,0,1,0,0,1,1,0,0,1,0,1,0,1,0,1,1,0,0,0,1,1,0,0,2.554426498381654,0.21230097611880408
0.14284114504437329,0.0,1.0339854925501522,1.1896382221608675,0.0,0.0,1.863452179595359,0,0.6482585326709391,1,0,1,0,0,1,0,1,0,0,1,0,0,0,0,1,0,1,0,0,1,0,1,0,1,0,1,0,1,0,1,0,1,0,1,0,0,1,1,0,0,1,0,1,0,0,2.260534632608197,-0.5357083737252644
0.43608469157677415,0.0,-0.5420753628433318,0.65579761464225,0.0,0.0,0.9824137546907391,0,0.39287129772223417,1,0,1,0,0,1,1,0,0,0,1,0,0,0,1,0,0,1,0,1,0,0,1,0,0,1,0,1,1,0,0,1,0,1,0,1,0,1,0,0,1,1,0,1,0,0,1.5561635539913636,-0.29908414191657706
-1.4993227155370714,0.0,0.5533842193622628,0.6287713610382961,0.0,0.0,-1.2201823075708103,1,-1.6812079841398715,0,1,1,0,1,0,1,0,1,0,0,0,0,0,0,1,0,1,0,0,1,0,1,0,1,0,1,0,1,0,1,0,0,1,0,1,0,1,1,0,0,0,1,0,1,0,-2.100257166875839,1.2411830209024295
-0.6195920759398689,0.0,-1.0239738054595289,-0.869908696073317,0.0,0.0,-1.2201823075708103,1,-1.217324285249437,1,0,1,0,1,0,1,0,1,0,0,0,0,0,0,1,0,1,0,1,0,0,1,0,0,1,1,0,0,1,0,1,0,1,0,1,0,1,0,1,0,0,1,0,0,1,0.882831736245378,0.19549348777352085
-1.03013304108523,0.0,1.2506127870774872,1.2157481529951086,0.0,0.0,-0.7796630951185004,1,-1.4182847324221883,1,0,1,0,1,0,1,0,0,0,0,0,0,1,1,0,0,1,0,1,0,0,1,0,1,0,1,0,1,0,1,0,1,0,1,0,0,1,1,0,0,0,1,1,0,0,-2.7907524834141584,0.052263298236691076
-0.6195920759398689,0.0,0.3808606853973793,0.037855076107910814,0.0,0.0,-1.2201823075708103,1,-1.402375363687679,1,0,1,0,0,1,1,0,1,0,0,0,0,0,0,1,0,1,0,0,1,0,0,1,0,1,1,0,1,0,1,0,1,0,1,0,0,1,1,0,0,0,1,1,0,0,1.1766375722900255,0.4121685487222711
-1.0887817503917103,0.0,0.7064502119025352,1.2157481529951086,0.0,0.0,-1.2201823075708103,1,0.762136119402165,0,1,1,0,1,0,1,0,1,0,0,0,0,0,1,0,0,1,0,0,1,0,0,1,1,0,0,1,1,0,0,1,0,1,0,1,1,0,1,0,0,0,1,0,1,0,-0.9185103870290805,1.5204330263407182
-0.09175369218154737,0.0,-0.6179597743993144,0.5414890984678798,0.0,0.0,0.10137532978611936,0,-0.7860966590245745,1,0,1,0,0,1,1,0,0,0,1,0,0,0,1,0,0,1,0,0,1,0,1,0,0,1,0,1,1,0,1,0,1,0,1,0,0,1,0,1,0,1,0,1,0,0,1.3758741118022204,0.06225847739041506
0.4947334008832543,0.0,0.227146108142953,-0.24535522255213305,0.0,0.0,-0.7796630951185004,1,-0.3037915858099709,1,0,1,0,1,0,1,0,1,0,0,0,0,0,1,0,0,1,0,0,1,0,1,0,1,0,1,0,1,0,1,0,1,0,1,0,0,1,1,0,0,1,0,0,0,1,-2.410621972438412,0.8073487960414903
0.43608469157677415,0.0,0.8484902643021948,-0.24535522255213305,0.0,0.0,-1.2201823075708103,1,-0.6981764633864956,1,0,1,0,1,0,1,0,1,0,0,0,0,0,0,1,0,1,0,0,1,0,1,0,1,0,0,1,0,1,0,1,0,1,0,1,0,1,1,0,0,1,0,1,0,0,2.040300973734785,0.7818483894132974
-0.15040240148802755,0.0,1.6955419009869235,0.65579761464225,0.0,0.0,-0.7796630951185004,1,-1.7557308166331003,1,0,1,0,1,0,1,0,1,0,0,0,0,0,0,1,0,1,0,0,1,0,1,0,1,0,0,1,1,0,0,1,0,1,0,1,0,1,1,0,0,0,1,1,0,0,0.4601778302500637,1.3177785901970251
0.43608469157677415,0.0,-1.4591741486566596,-1.0914725668313427,0.0,0.0,-0.7796630951185004,1,-1.2248603020184152,1,0,1,0,1,0,1,0,0,0,0,0,0,1,1,0,0,1,0,1,0,0,1,0,1,0,0,1,1,0,1,0,0,1,0,1,0,1,1,0,0,1,0,1,0,0,-2.706532016458363,-0.38419584907099297
-0.5609433666333887,0.0,-1.3865326606714454,0.4772711516590301,0.0,0.0,-1.2201823075708103,1,-0.6010455805863325,1,0,1,0,0,1,1,0,0,0,0,0,0,1,1,0,0,1,0,0,1,0,1,0,1,0,1,0,0,1,0,1,1,0,1,0,0,1,1,0,0,0,1,1,0,0,-1.3114040646714338,0.9847296651231476
-0.9714843317787499,0.0,-1.1731482897148793,0.7071612569928716,0.0,0.0,0.10137532978611936,1,1.3641801257238662,1,0,1,0,1,0,1,0,0,0,0,0,0,1,1,0,0,1,0,1,0,0,1,0,1,0,1,0,1,0,1,0,1,0,1,0,0,1,1,0,0,0,1,1,0,0,-3.355711052451699,0.015894056341323303
-1.4993227155370714,0.0,-0.25150941090247547,1.1055362911451465,0.0,0.0,1.863452179595359,0,1.29300663401685,0,1,1,0,1,0,1,0,0,0,0,0,0,1,1,0,0,1,0,1,0,0,1,0,0,1,1,0,1,0,1,0,1,0,1,0,0,1,1,0,0,0,1,0,1,0,-2.3682265403989438,0.14389972119346256
-0.20905111079450772,0.0,-0.26512968989970315,-1.9375899111105526,0.0,0.0,0.9824137546907391,0,-0.17149262475457622,1,0,1,0,0,1,1,0,1,0,0,0,0,0,1,0,1,0,0,0,0,1,1,0,1,0,1,0,1,0,1,0,1,0,1,0,1,0,0,0,1,1,0,0,1,0,1.0924279608924659,-2.321906035437322
1.8436537149322982,0.0,-1.4591741486566596,0.6007621217270765,0.0,0.0,0.10137532978611936,1,0.8182375775712247,1,0,0,1,1,0,1,0,1,0,0,0,0,0,1,0,0,1,1,0,0,0,1,0,1,0,1,0,1,0,0,1,1,0,1,0,0,1,1,0,0,0,1,1,0,0,-3.8851314558965746,-0.23597801412610794
-0.3849972387139482,0.0,0.9042685497194127,0.24446373527230422,0.0,0.0,0.10137532978611936,1,1.0284087119060608,1,0,1,0,0,1,1,0,1,0,0,0,0,0,0,1,0,1,0,0,1,0,1,0,1,0,1,0,1,0,1,0,1,0,1,0,0,1,1,0,0,0,1,1,0,0,-2.251440203667479,0.9188671338663557
-0.5022946573269086,0.0,0.4145870905333715,-0.869908696073317,0.0,0.0,-0.7796630951185004,1,-0.5801122006725042,1,0,1,0,1,0,1,0,1,0,0,0,0,0,1,0,0,1,0,1,0,0,1,0,1,0,0,1,0,1,0,1,0,1,0,1,0,1,1,0,0,0,1,1,0,0,-1.1131603513491959,0.750046417951195
-1.4406740062305912,0.0,1.32649719863347,0.6287713610382961,0.0,0.0,0.10137532978611936,0,-1.2633777210598591,0,1,1,0,0,1,0,1,1,0,0,0,0,0,1,0,0,1,0,0,1,0,0,1,0,1,1,0,1,0,1,0,1,0,1,0,0,1,1,0,0,1,0,1,0,0,1.0789990422750324,0.4092483236216488
0.20148985435085345,0.0,1.235695338651952,0.5716956836265287,0.0,0.0,0.9824137546907391,0,-0.11957784256828208,1,0,1,0,0,1,0,1,1,0,0,0,0,0,1,0,0,1,0,0,1,0,0,1,0,1,0,1,0,1,0,1,0,1,0,1,1,0,0,0,1,0,1,1,0,0,3.220407538755962,0.22493305338692693
0.6706795288026948,0.0,0.7829832081726715,-1.9375899111105526,0.0,0.0,0.10137532978611936,0,-1.4467541291049948,1,0,1,0,1,0,1,0,1,0,0,0,0,0,1,0,1,0,0,0,0,1,1,0,1,0,1,0,1,0,1,0,1,0,1,0,1,0,0,0,1,1,0,0,1,0,-0.08669848273380938,-1.4832251386677815
0.4947334008832543,0.0,-0.5089975424214933,0.40720749028027037,0.0,0.0,0.10137532978611936,0,1.6229167014587838,1,0,1,0,0,1,1,0,0,1,0,0,0,0,0,1,0,1,0,1,0,0,0,1,1,0,0,1,0,1,1,0,1,0,1,0,0,1,0,0,1,1,0,1,0,0,2.2400301961780067,-1.00683883175638
0.43608469157677415,0.0,-1.4591741486566596,-0.5576319593127251,0.0,0.0,-0.7796630951185004,1,-1.9106378279954295,1,0,1,0,0,1,1,0,0,0,1,0,0,0,1,0,0,1,1,0,0,0,1,0,0,1,1,0,0,1,1,0,1,0,1,0,1,0,0,1,0,1,0,0,0,1,-0.7319765641925808,-1.4940842476074732
-0.7955382038593094,0.0,0.3594573898303072,0.4772711516590301,0.0,0.0,0.10137532978611936,1,-1.6552505930467245,1,0,1,0,0,1,1,0,0,0,0,0,1,0,0,1,0,1,0,0,1,0,1,0,1,0,0,1,0,1,0,1,0,1,0,1,0,1,1,0,0,1,0,1,0,0,0.9656738541882148,1.1930679359666623
-0.3849972387139482,0.0,0.6694808831957745,0.44303577337051536,0.0,0.0,0.10137532978611936,1,0.8023282088367153,1,0,1,0,1,0,1,0,1,0,0,0,0,0,1,0,0,1,0,0,1,0,1,0,0,1,1,0,1,0,1,0,1,0,1,0,1,0,1,0,0,0,1,1,0,0,-2.235322756545866,0.9371541788681262
0.6706795288026948,0.0,-0.5089975424214933,0.19777251896391848,0.0,0.0,0.9824137546907391,0,-1.141964117559655,1,0,1,0,1,0,1,0,1,0,0,0,0,0,1,0,0,1,1,0,0,0,1,0,1,0,0,1,0,1,1,0,1,0,1,0,0,1,1,0,0,1,0,0,1,0,-2.8633291736386,0.3452514661230296
-1.4406740062305912,0.0,-0.884528091916484,1.2654537340011538,0.0,0.0,0.10137532978611936,0,1.350782762579016,0,1,1,0,1,0,1,0,0,0,0,1,0,0,0,1,0,1,0,0,1,0,1,0,1,0,0,1,1,0,0,1,0,1,0,1,1,0,0,1,0,0,1,1,0,0,1.0916842816680323,0.9125160921168934
0.08419243573789313,0.0,1.7331598144078377,-1.9375899111105526,0.0,0.0,0.10137532978611936,0,-1.7708028501710567,1,0,1,0,0,1,0,1,1,0,0,0,0,0,0,1,1,0,0,0,0,1,1,0,1,0,1,0,1,0,1,0,1,0,1,0,1,0,1,0,0,0,1,1,0,0,0.612060505671605,-1.5230125879160745
-0.20905111079450772,0.0,1.2817448533568645,-1.0914725668313427,0.0,0.0,1.863452179595359,0,0.3886846217394685,1,0,1,0,1,0,1,0,1,0,0,0,0,0,1,0,0,1,1,0,0,0,1,0,1,0,0,1,1,0,1,0,1,0,1,0,1,0,1,0,0,1,0,0,1,0,0.31682961506263724,-0.4739760891284419
1.6090588777063775,0.0,-1.4591741486566596,0.6007621217270765,0.0,0.0,0.10137532978611936,1,0.5410796275121383,1,0,0,1,1,0,1,0,0,0,0,0,0,1,1,0,0,1,0,1,0,0,1,0,0,1,0,1,1,0,1,0,0,1,1,0,0,1,1,0,0,0,1,1,0,0,-3.7005889792472715,-0.04441353758441087
1.0225717846415758,0.0,0.936049200712944,0.33012629336122234,0.0,0.0,0.10137532978611936,1,0.8165629071781185,1,0,0,1,1,0,1,0,1,0,0,0,0,0,1,0,0,1,0,0,1,0,1,0,1,0,1,0,1,0,0,1,1,0,1,0,0,1,1,0,0,0,1,1,0,0,-1.010459755538747,0.8885829662185909
-0.32634852940746806,0.0,1.3816268993365337,-0.5576319593127251,0.0,0.0,-0.7796630951185004,1,1.0811608292889079,1,0,1,0,1,0,1,0,0,0,0,0,0,1,0,1,0,1,0,0,1,0,1,0,1,0,1,0,1,0,0,1,0,1,0,1,0,1,1,0,0,0,1,1,0,0,-0.32036933658054734,1.2518324555532645
0.9639230753350957,0.0,0.9250232605723311,0.40720749028027037,0.0,0.0,-1.2201823075708103,1,0.3041137668876023,1,0,1,0,1,0,1,0,0,0,0,0,0,1,0,1,0,1,0,0,1,0,1,0,0,1,1,0,1,0,0,1,1,0,1,0,0,1,1,0,0,1,0,0,1,0,-0.7728288734063704,1.1986303762949262
-0.678240785246349,0.0,0.21612016800234005,0.5414890984678798,0.0,0.0,0.9824137546907391,0,1.1556836617821367,1,0,1,0,0,1,1,0,1,0,0,0,0,0,0,1,0,1,0,0,1,0,1,0,0,1,0,1,1,0,1,0,0,1,0,1,0,1,0,1,0,1,0,1,0,0,2.713416545134439,-0.042436926516221045
-1.4993227155370714,0.0,0.7122874743299182,-1.9375899111105526,0.0,0.0,0.9824137546907391,0,1.2553265501719593,0,1,1,0,1,0,1,0,0,0,0,0,1,0,1,0,1,0,0,0,0,1,1,0,1,0,1,0,1,0,1,0,1,0,1,0,1,0,0,1,0,1,0,0,0,1,-1.3443045554957667,-1.0471255073513723
